Customer ID,Age,Gender,Item Purchased,Category,Purchase Amount (USD),Location,Size,Color,Season,Review Rating,Subscription Status,Shipping Type,Discount Applied,Previous Purchases,Payment Method,Frequency of Purchases,Frequency Score,Amount Normalized,Purchases Normalized,Value Score,Value Tier,Purchases Freq Normalized,Loyalty Score A,Loyalty Score B,Promo Dependency Score,Satisfaction Flag,Loyalty Tier
1,55,Male,Blouse,Clothing,53,Kentucky,L,Gray,Winter,3.1,Yes,Express,Yes,14,Venmo,Fortnightly,4,0.4125,0.2653061224489796,0.33890306122448977,Mid Value,0.75,0.5076530612244898,0.4061224489795919,2,Unsatisfied,Mid Loyalty
2,19,Male,Sweater,Clothing,64,Maine,L,Maroon,Winter,3.1,Yes,Express,Yes,2,Cash,Fortnightly,4,0.55,0.02040816326530612,0.2852040816326531,Low Value,0.75,0.3852040816326531,0.3081632653061225,2,Unsatisfied,Low Loyalty
3,50,Male,Jeans,Clothing,73,Massachusetts,S,Maroon,Spring,3.1,Yes,Free Shipping,Yes,23,Credit Card,Weekly,5,0.6625,0.4489795918367347,0.5557397959183673,Mid Value,1.0,0.7244897959183674,0.5795918367346939,2,Unsatisfied,Mid Loyalty
4,21,Male,Sandals,Footwear,90,Rhode Island,M,Maroon,Spring,3.5,Yes,Next Day Air,Yes,49,PayPal,Weekly,5,0.875,0.9795918367346939,0.9272959183673469,High Value,1.0,0.9897959183673469,0.7918367346938776,2,Unsatisfied,High Loyalty
5,45,Male,Blouse,Clothing,49,Oregon,M,Turquoise,Spring,2.7,Yes,Free Shipping,Yes,31,PayPal,Annually,1,0.3625,0.6122448979591837,0.48737244897959187,Mid Value,0.0,0.30612244897959184,0.2448979591836735,2,Unsatisfied,Low Loyalty
6,46,Male,Sneakers,Footwear,20,Wyoming,M,White,Summer,2.9,Yes,Standard,Yes,14,Venmo,Weekly,5,0.0,0.2653061224489796,0.1326530612244898,Low Value,1.0,0.6326530612244898,0.5061224489795919,2,Unsatisfied,Mid Loyalty
7,63,Male,Shirt,Clothing,85,Montana,M,Gray,Fall,3.2,Yes,Free Shipping,Yes,49,Cash,Quarterly,2,0.8125,0.9795918367346939,0.8960459183673469,High Value,0.25,0.6147959183673469,0.49183673469387756,2,Unsatisfied,Mid Loyalty
8,27,Male,Shorts,Clothing,34,Louisiana,L,Charcoal,Winter,3.2,Yes,Free Shipping,Yes,19,Credit Card,Weekly,5,0.175,0.3673469387755102,0.2711734693877551,Low Value,1.0,0.6836734693877551,0.5469387755102041,2,Unsatisfied,Mid Loyalty
9,26,Male,Coat,Outerwear,97,West Virginia,L,Silver,Summer,2.6,Yes,Express,Yes,8,Venmo,Annually,1,0.9625,0.14285714285714285,0.5526785714285715,Mid Value,0.0,0.07142857142857142,0.05714285714285714,2,Unsatisfied,Low Loyalty
10,57,Male,Handbag,Accessories,31,Missouri,M,Pink,Spring,4.8,Yes,2-Day Shipping,Yes,4,Cash,Quarterly,2,0.1375,0.061224489795918366,0.0993622448979592,Low Value,0.25,0.1556122448979592,0.12448979591836735,2,Satisfied,Low Loyalty
11,53,Male,Shoes,Footwear,34,Arkansas,L,Purple,Fall,4.1,Yes,Store Pickup,Yes,26,Bank Transfer,Fortnightly,4,0.175,0.5102040816326531,0.3426020408163265,Mid Value,0.75,0.6301020408163265,0.5040816326530612,2,Satisfied,Mid Loyalty
12,30,Male,Shorts,Clothing,68,Hawaii,S,Olive,Winter,4.9,Yes,Store Pickup,Yes,10,Bank Transfer,Fortnightly,4,0.6,0.1836734693877551,0.39183673469387753,Mid Value,0.75,0.46683673469387754,0.3734693877551021,2,Satisfied,Mid Loyalty
13,61,Male,Coat,Outerwear,72,Delaware,M,Gold,Winter,4.5,Yes,Express,Yes,37,Venmo,Fortnightly,4,0.65,0.7346938775510204,0.6923469387755102,High Value,0.75,0.7423469387755102,0.5938775510204082,2,Satisfied,Mid Loyalty
14,65,Male,Dress,Clothing,51,New Hampshire,M,Violet,Spring,4.7,Yes,Express,Yes,31,PayPal,Weekly,5,0.3875,0.6122448979591837,0.4998724489795918,Mid Value,1.0,0.8061224489795918,0.6448979591836735,2,Satisfied,Mid Loyalty
15,64,Male,Coat,Outerwear,53,New York,L,Teal,Winter,4.7,Yes,Free Shipping,Yes,34,Debit Card,Weekly,5,0.4125,0.673469387755102,0.542984693877551,Mid Value,1.0,0.8367346938775511,0.6693877551020408,2,Satisfied,High Loyalty
16,64,Male,Skirt,Clothing,81,Rhode Island,M,Teal,Winter,2.8,Yes,Store Pickup,Yes,8,PayPal,Monthly,3,0.7625,0.14285714285714285,0.4526785714285714,Mid Value,0.5,0.3214285714285714,0.2571428571428571,2,Unsatisfied,Low Loyalty
17,25,Male,Sunglasses,Accessories,36,Alabama,S,Gray,Spring,4.1,Yes,Next Day Air,Yes,44,Debit Card,Fortnightly,4,0.2,0.8775510204081632,0.5387755102040817,Mid Value,0.75,0.8137755102040816,0.6510204081632653,2,Satisfied,Mid Loyalty
18,53,Male,Dress,Clothing,38,Mississippi,XL,Lavender,Winter,4.7,Yes,2-Day Shipping,Yes,36,Venmo,Quarterly,2,0.225,0.7142857142857143,0.46964285714285714,Mid Value,0.25,0.48214285714285715,0.38571428571428573,2,Satisfied,Mid Loyalty
19,52,Male,Sweater,Clothing,48,Montana,S,Black,Summer,4.6,Yes,Free Shipping,Yes,17,Cash,Weekly,5,0.35,0.32653061224489793,0.338265306122449,Mid Value,1.0,0.6632653061224489,0.5306122448979592,2,Satisfied,Mid Loyalty
20,66,Male,Pants,Clothing,90,Rhode Island,M,Green,Summer,3.3,Yes,Standard,Yes,46,Debit Card,Fortnightly,4,0.875,0.9183673469387755,0.8966836734693877,High Value,0.75,0.8341836734693877,0.6673469387755102,2,Unsatisfied,High Loyalty
21,21,Male,Pants,Clothing,51,Louisiana,M,Black,Winter,2.8,Yes,Express,Yes,50,Cash,Quarterly,2,0.3875,1.0,0.69375,High Value,0.25,0.625,0.5,2,Unsatisfied,Mid Loyalty
22,31,Male,Pants,Clothing,62,North Carolina,M,Charcoal,Winter,4.1,Yes,Store Pickup,Yes,22,Debit Card,Quarterly,2,0.525,0.42857142857142855,0.47678571428571426,Mid Value,0.25,0.3392857142857143,0.27142857142857146,2,Satisfied,Low Loyalty
23,56,Male,Pants,Clothing,37,California,M,Peach,Summer,3.2,Yes,Store Pickup,Yes,32,Debit Card,Annually,1,0.2125,0.6326530612244898,0.4225765306122449,Mid Value,0.0,0.3163265306122449,0.25306122448979596,2,Unsatisfied,Low Loyalty
24,31,Male,Pants,Clothing,88,Oklahoma,XL,White,Winter,4.4,Yes,Express,Yes,40,Credit Card,Weekly,5,0.85,0.7959183673469388,0.8229591836734693,High Value,1.0,0.8979591836734694,0.7183673469387756,2,Satisfied,High Loyalty
25,18,Male,Jacket,Outerwear,22,Florida,M,Green,Fall,2.9,Yes,Store Pickup,Yes,16,Debit Card,Weekly,5,0.025,0.30612244897959184,0.16556122448979593,Low Value,1.0,0.653061224489796,0.5224489795918368,2,Unsatisfied,Mid Loyalty
26,18,Male,Hoodie,Clothing,25,Texas,M,Silver,Summer,3.6,Yes,Express,Yes,14,PayPal,Annually,1,0.0625,0.2653061224489796,0.1639030612244898,Low Value,0.0,0.1326530612244898,0.10612244897959185,2,Unsatisfied,Low Loyalty
27,38,Male,Jewelry,Accessories,20,Nevada,M,Red,Spring,3.6,Yes,Next Day Air,Yes,13,Credit Card,Annually,1,0.0,0.24489795918367346,0.12244897959183673,Low Value,0.0,0.12244897959183673,0.0979591836734694,2,Unsatisfied,Low Loyalty
28,56,Male,Shorts,Clothing,56,Kentucky,L,Cyan,Summer,5.0,Yes,Next Day Air,Yes,7,Bank Transfer,Quarterly,2,0.45,0.12244897959183673,0.28622448979591836,Low Value,0.25,0.18622448979591838,0.1489795918367347,2,Satisfied,Low Loyalty
29,54,Male,Handbag,Accessories,94,North Carolina,M,Gray,Fall,4.4,Yes,Free Shipping,Yes,41,PayPal,Quarterly,2,0.925,0.8163265306122449,0.8706632653061225,High Value,0.25,0.5331632653061225,0.42653061224489797,2,Satisfied,Mid Loyalty
30,31,Male,Dress,Clothing,48,Wyoming,S,Black,Fall,4.1,Yes,Store Pickup,Yes,14,Credit Card,Weekly,5,0.35,0.2653061224489796,0.30765306122448977,Low Value,1.0,0.6326530612244898,0.5061224489795919,2,Satisfied,Mid Loyalty
31,57,Male,Jewelry,Accessories,31,North Carolina,L,Black,Winter,4.7,Yes,Standard,Yes,16,Credit Card,Monthly,3,0.1375,0.30612244897959184,0.22181122448979593,Low Value,0.5,0.4030612244897959,0.32244897959183677,2,Satisfied,Low Loyalty
32,33,Male,Dress,Clothing,79,West Virginia,L,Brown,Winter,4.7,Yes,Store Pickup,Yes,45,Venmo,Monthly,3,0.7375,0.8979591836734694,0.8177295918367347,High Value,0.5,0.6989795918367347,0.5591836734693878,2,Satisfied,Mid Loyalty
33,36,Male,Jacket,Outerwear,67,Kansas,M,Silver,Summer,4.9,Yes,Free Shipping,Yes,37,Venmo,Annually,1,0.5875,0.7346938775510204,0.6610969387755102,Mid Value,0.0,0.3673469387755102,0.2938775510204082,2,Satisfied,Low Loyalty
34,54,Male,Pants,Clothing,38,Colorado,L,Green,Summer,3.3,Yes,Store Pickup,Yes,45,Cash,Quarterly,2,0.225,0.8979591836734694,0.5614795918367347,Mid Value,0.25,0.5739795918367347,0.4591836734693878,2,Unsatisfied,Mid Loyalty
35,36,Male,T-shirt,Clothing,91,North Dakota,L,Violet,Spring,4.6,Yes,2-Day Shipping,Yes,38,PayPal,Quarterly,2,0.8875,0.7551020408163265,0.8213010204081632,High Value,0.25,0.5025510204081632,0.4020408163265306,2,Satisfied,Mid Loyalty
36,54,Male,Blouse,Clothing,33,Massachusetts,M,Cyan,Summer,4.0,Yes,2-Day Shipping,Yes,48,Credit Card,Fortnightly,4,0.1625,0.9591836734693877,0.5608418367346939,Mid Value,0.75,0.8545918367346939,0.6836734693877551,2,Satisfied,High Loyalty
37,35,Male,T-shirt,Clothing,69,Illinois,M,Maroon,Winter,4.6,Yes,Free Shipping,Yes,44,PayPal,Fortnightly,4,0.6125,0.8775510204081632,0.7450255102040817,High Value,0.75,0.8137755102040816,0.6510204081632653,2,Satisfied,Mid Loyalty
38,35,Male,Jeans,Clothing,45,Indiana,S,Cyan,Summer,2.8,Yes,Store Pickup,Yes,10,PayPal,Weekly,5,0.3125,0.1836734693877551,0.24808673469387754,Low Value,1.0,0.5918367346938775,0.47346938775510206,2,Unsatisfied,Mid Loyalty
39,29,Male,Dress,Clothing,37,Florida,M,Red,Winter,3.8,Yes,2-Day Shipping,Yes,44,Venmo,Quarterly,2,0.2125,0.8775510204081632,0.5450255102040816,Mid Value,0.25,0.5637755102040816,0.4510204081632653,2,Unsatisfied,Mid Loyalty
40,70,Male,Pants,Clothing,60,Arizona,S,Turquoise,Summer,4.2,Yes,Express,Yes,18,Credit Card,Monthly,3,0.5,0.3469387755102041,0.423469387755102,Mid Value,0.5,0.423469387755102,0.33877551020408164,2,Satisfied,Mid Loyalty
41,69,Male,Handbag,Accessories,76,Louisiana,L,Beige,Winter,4.6,Yes,Next Day Air,Yes,31,Debit Card,Quarterly,2,0.7,0.6122448979591837,0.6561224489795918,Mid Value,0.25,0.43112244897959184,0.3448979591836735,2,Satisfied,Mid Loyalty
42,67,Male,Scarf,Accessories,39,Alaska,M,Orange,Spring,4.5,Yes,Standard,Yes,40,Venmo,Annually,1,0.2375,0.7959183673469388,0.5167091836734694,Mid Value,0.0,0.3979591836734694,0.31836734693877555,2,Satisfied,Low Loyalty
43,20,Male,Coat,Outerwear,100,Tennessee,M,Beige,Spring,4.1,Yes,Free Shipping,Yes,15,PayPal,Annually,1,1.0,0.2857142857142857,0.6428571428571428,Mid Value,0.0,0.14285714285714285,0.11428571428571428,2,Satisfied,Low Loyalty
44,25,Male,Scarf,Accessories,69,Ohio,L,Lavender,Fall,3.7,Yes,Store Pickup,Yes,19,PayPal,Fortnightly,4,0.6125,0.3673469387755102,0.4899234693877551,Mid Value,0.75,0.5586734693877551,0.4469387755102041,2,Unsatisfied,Mid Loyalty
45,39,Male,Hat,Accessories,53,Kentucky,S,Silver,Summer,4.6,Yes,Free Shipping,Yes,45,PayPal,Weekly,5,0.4125,0.8979591836734694,0.6552295918367347,Mid Value,1.0,0.9489795918367347,0.7591836734693879,2,Satisfied,High Loyalty
46,50,Male,Socks,Clothing,21,Tennessee,XL,Indigo,Fall,2.9,Yes,2-Day Shipping,Yes,25,PayPal,Annually,1,0.0125,0.4897959183673469,0.25114795918367344,Low Value,0.0,0.24489795918367346,0.1959183673469388,2,Unsatisfied,Low Loyalty
47,57,Male,Shirt,Clothing,43,California,L,White,Summer,2.9,Yes,Store Pickup,Yes,45,Cash,Quarterly,2,0.2875,0.8979591836734694,0.5927295918367347,Mid Value,0.25,0.5739795918367347,0.4591836734693878,2,Unsatisfied,Mid Loyalty
48,55,Male,Jewelry,Accessories,54,Montana,M,Charcoal,Winter,4.5,Yes,Free Shipping,Yes,36,Cash,Weekly,5,0.425,0.7142857142857143,0.5696428571428571,Mid Value,1.0,0.8571428571428572,0.6857142857142858,2,Satisfied,High Loyalty
49,42,Male,Shirt,Clothing,55,Nevada,M,Orange,Summer,2.7,Yes,Store Pickup,Yes,38,Cash,Monthly,3,0.4375,0.7551020408163265,0.5963010204081632,Mid Value,0.5,0.6275510204081632,0.5020408163265306,2,Unsatisfied,Mid Loyalty
50,68,Male,Hoodie,Clothing,30,New Jersey,S,Indigo,Spring,4.6,Yes,Next Day Air,Yes,34,Debit Card,Fortnightly,4,0.125,0.673469387755102,0.399234693877551,Mid Value,0.75,0.7117346938775511,0.5693877551020409,2,Satisfied,Mid Loyalty
51,49,Male,Blouse,Clothing,28,Maryland,M,Red,Spring,3.8,Yes,Store Pickup,Yes,39,Debit Card,Fortnightly,4,0.1,0.7755102040816326,0.4377551020408163,Mid Value,0.75,0.7627551020408163,0.610204081632653,2,Unsatisfied,Mid Loyalty
52,59,Male,Skirt,Clothing,59,Vermont,XL,Gray,Winter,4.7,Yes,2-Day Shipping,Yes,7,Credit Card,Quarterly,2,0.4875,0.12244897959183673,0.30497448979591835,Low Value,0.25,0.18622448979591838,0.1489795918367347,2,Satisfied,Low Loyalty
53,42,Male,T-shirt,Clothing,20,Alaska,M,Green,Summer,2.6,Yes,Free Shipping,Yes,26,Credit Card,Weekly,5,0.0,0.5102040816326531,0.25510204081632654,Low Value,1.0,0.7551020408163265,0.6040816326530613,2,Unsatisfied,Mid Loyalty
54,29,Male,Skirt,Clothing,24,Mississippi,S,Peach,Winter,3.9,Yes,Next Day Air,Yes,35,Credit Card,Weekly,5,0.05,0.6938775510204082,0.3719387755102041,Mid Value,1.0,0.846938775510204,0.6775510204081633,2,Satisfied,High Loyalty
55,47,Male,Coat,Outerwear,94,New Mexico,M,Brown,Summer,4.2,Yes,Next Day Air,Yes,35,Debit Card,Fortnightly,4,0.925,0.6938775510204082,0.8094387755102042,High Value,0.75,0.721938775510204,0.5775510204081632,2,Satisfied,Mid Loyalty
56,40,Male,Jacket,Outerwear,28,South Carolina,M,Lavender,Winter,3.0,Yes,2-Day Shipping,Yes,49,Credit Card,Annually,1,0.1,0.9795918367346939,0.539795918367347,Mid Value,0.0,0.4897959183673469,0.3918367346938776,2,Unsatisfied,Mid Loyalty
57,41,Male,Backpack,Accessories,73,Mississippi,XL,Brown,Summer,4.7,Yes,Store Pickup,Yes,46,Credit Card,Weekly,5,0.6625,0.9183673469387755,0.7904336734693878,High Value,1.0,0.9591836734693877,0.7673469387755102,2,Satisfied,High Loyalty
58,21,Male,Coat,Outerwear,64,West Virginia,M,White,Summer,4.4,Yes,Store Pickup,Yes,17,Debit Card,Fortnightly,4,0.55,0.32653061224489793,0.43826530612244896,Mid Value,0.75,0.5382653061224489,0.4306122448979592,2,Satisfied,Mid Loyalty
59,69,Male,Hoodie,Clothing,54,Missouri,M,Charcoal,Summer,4.2,Yes,Free Shipping,Yes,29,Venmo,Monthly,3,0.425,0.5714285714285714,0.4982142857142857,Mid Value,0.5,0.5357142857142857,0.4285714285714286,2,Satisfied,Mid Loyalty
60,63,Male,Belt,Accessories,79,Louisiana,L,Yellow,Spring,4.6,Yes,Standard,Yes,4,Debit Card,Weekly,5,0.7375,0.061224489795918366,0.3993622448979592,Mid Value,1.0,0.5306122448979592,0.4244897959183674,2,Satisfied,Mid Loyalty
61,50,Male,Sweater,Clothing,37,Idaho,L,Brown,Summer,4.0,Yes,Express,Yes,17,Cash,Weekly,5,0.2125,0.32653061224489793,0.26951530612244895,Low Value,1.0,0.6632653061224489,0.5306122448979592,2,Satisfied,Mid Loyalty
62,55,Male,Scarf,Accessories,68,Texas,M,Orange,Winter,4.7,Yes,Store Pickup,Yes,21,Credit Card,Quarterly,2,0.6,0.40816326530612246,0.5040816326530613,Mid Value,0.25,0.32908163265306123,0.26326530612244897,2,Satisfied,Low Loyalty
63,30,Male,Sneakers,Footwear,21,Mississippi,S,Magenta,Spring,3.8,Yes,Free Shipping,Yes,31,Credit Card,Fortnightly,4,0.0125,0.6122448979591837,0.3123724489795918,Low Value,0.75,0.6811224489795918,0.5448979591836735,2,Unsatisfied,Mid Loyalty
64,33,Male,Sunglasses,Accessories,79,Arizona,L,Lavender,Winter,2.7,Yes,2-Day Shipping,Yes,43,Credit Card,Weekly,5,0.7375,0.8571428571428571,0.7973214285714285,High Value,1.0,0.9285714285714286,0.7428571428571429,2,Unsatisfied,High Loyalty
65,65,Male,Boots,Footwear,83,Alabama,S,Green,Fall,4.8,Yes,Standard,Yes,18,Debit Card,Fortnightly,4,0.7875,0.3469387755102041,0.5672193877551021,Mid Value,0.75,0.548469387755102,0.4387755102040816,2,Satisfied,Mid Loyalty
66,65,Male,Backpack,Accessories,36,New Jersey,M,Purple,Spring,4.8,Yes,2-Day Shipping,Yes,44,Venmo,Quarterly,2,0.2,0.8775510204081632,0.5387755102040817,Mid Value,0.25,0.5637755102040816,0.4510204081632653,2,Satisfied,Mid Loyalty
67,31,Male,Blouse,Clothing,94,Pennsylvania,S,Magenta,Winter,4.7,Yes,2-Day Shipping,Yes,3,Venmo,Quarterly,2,0.925,0.04081632653061224,0.48290816326530617,Mid Value,0.25,0.14540816326530612,0.1163265306122449,2,Satisfied,Low Loyalty
68,45,Male,Coat,Outerwear,33,Connecticut,L,Gray,Winter,4.4,Yes,Store Pickup,Yes,49,Debit Card,Monthly,3,0.1625,0.9795918367346939,0.571045918367347,Mid Value,0.5,0.7397959183673469,0.5918367346938775,2,Satisfied,Mid Loyalty
69,57,Male,Handbag,Accessories,46,Utah,L,Silver,Summer,3.9,Yes,Next Day Air,Yes,21,Cash,Quarterly,2,0.325,0.40816326530612246,0.3665816326530612,Mid Value,0.25,0.32908163265306123,0.26326530612244897,2,Satisfied,Low Loyalty
70,48,Male,Belt,Accessories,70,Tennessee,S,Cyan,Summer,4.4,Yes,Express,Yes,5,Cash,Weekly,5,0.625,0.08163265306122448,0.35331632653061223,Mid Value,1.0,0.5408163265306123,0.4326530612244899,2,Satisfied,Mid Loyalty
71,22,Male,Belt,Accessories,29,Alabama,M,Magenta,Fall,4.2,Yes,Express,Yes,32,Debit Card,Quarterly,2,0.1125,0.6326530612244898,0.37257653061224494,Mid Value,0.25,0.4413265306122449,0.35306122448979593,2,Satisfied,Mid Loyalty
72,36,Male,Dress,Clothing,48,Virginia,L,Gold,Summer,2.9,Yes,Express,Yes,34,Bank Transfer,Annually,1,0.35,0.673469387755102,0.511734693877551,Mid Value,0.0,0.336734693877551,0.2693877551020408,2,Unsatisfied,Low Loyalty
73,18,Male,Dress,Clothing,26,Georgia,M,Olive,Winter,2.9,Yes,Store Pickup,Yes,21,Bank Transfer,Quarterly,2,0.075,0.40816326530612246,0.24158163265306123,Low Value,0.25,0.32908163265306123,0.26326530612244897,2,Unsatisfied,Low Loyalty
74,48,Male,Pants,Clothing,85,Hawaii,M,Teal,Spring,2.7,Yes,Free Shipping,Yes,43,Bank Transfer,Fortnightly,4,0.8125,0.8571428571428571,0.8348214285714286,High Value,0.75,0.8035714285714286,0.6428571428571429,2,Unsatisfied,Mid Loyalty
75,49,Male,Gloves,Accessories,58,Indiana,L,Violet,Spring,4.5,Yes,Express,Yes,3,Cash,Monthly,3,0.475,0.04081632653061224,0.25790816326530613,Low Value,0.5,0.27040816326530615,0.21632653061224494,2,Satisfied,Low Loyalty
76,64,Male,Scarf,Accessories,85,Utah,M,Blue,Summer,2.7,Yes,Free Shipping,Yes,21,Credit Card,Annually,1,0.8125,0.40816326530612246,0.6103316326530612,Mid Value,0.0,0.20408163265306123,0.163265306122449,2,Unsatisfied,Low Loyalty
77,50,Male,Hat,Accessories,43,Delaware,S,Teal,Summer,4.2,Yes,Free Shipping,Yes,32,Venmo,Monthly,3,0.2875,0.6326530612244898,0.4600765306122449,Mid Value,0.5,0.5663265306122449,0.45306122448979597,2,Satisfied,Mid Loyalty
78,22,Male,Dress,Clothing,53,Delaware,L,Gold,Summer,3.3,Yes,Next Day Air,Yes,36,Debit Card,Fortnightly,4,0.4125,0.7142857142857143,0.5633928571428571,Mid Value,0.75,0.7321428571428572,0.5857142857142857,2,Unsatisfied,Mid Loyalty
79,50,Male,Skirt,Clothing,91,Nebraska,M,Maroon,Spring,4.7,Yes,Free Shipping,Yes,50,Venmo,Fortnightly,4,0.8875,1.0,0.94375,High Value,0.75,0.875,0.7000000000000001,2,Satisfied,High Loyalty
80,38,Male,Jacket,Outerwear,96,Iowa,M,Olive,Winter,2.6,Yes,2-Day Shipping,Yes,43,Bank Transfer,Quarterly,2,0.95,0.8571428571428571,0.9035714285714285,High Value,0.25,0.5535714285714286,0.4428571428571429,2,Unsatisfied,Mid Loyalty
81,19,Male,Sandals,Footwear,72,New York,XL,Blue,Summer,3.8,Yes,Store Pickup,Yes,24,Credit Card,Quarterly,2,0.65,0.46938775510204084,0.5596938775510204,Mid Value,0.25,0.35969387755102045,0.2877551020408164,2,Unsatisfied,Low Loyalty
82,67,Male,Shoes,Footwear,96,Virginia,L,Maroon,Summer,2.6,Yes,Express,Yes,36,Credit Card,Quarterly,2,0.95,0.7142857142857143,0.8321428571428571,High Value,0.25,0.48214285714285715,0.38571428571428573,2,Unsatisfied,Mid Loyalty
83,19,Male,Pants,Clothing,28,Georgia,S,Olive,Spring,4.0,Yes,2-Day Shipping,Yes,21,Credit Card,Quarterly,2,0.1,0.40816326530612246,0.2540816326530612,Low Value,0.25,0.32908163265306123,0.26326530612244897,2,Satisfied,Low Loyalty
84,36,Male,Dress,Clothing,40,Texas,M,Turquoise,Summer,4.1,Yes,Standard,Yes,34,Bank Transfer,Weekly,5,0.25,0.673469387755102,0.461734693877551,Mid Value,1.0,0.8367346938775511,0.6693877551020408,2,Satisfied,High Loyalty
85,52,Male,Coat,Outerwear,32,Arizona,S,Peach,Spring,4.4,Yes,Standard,Yes,42,Bank Transfer,Quarterly,2,0.15,0.8367346938775511,0.49336734693877554,Mid Value,0.25,0.5433673469387755,0.43469387755102046,2,Satisfied,Mid Loyalty
86,53,Male,Sunglasses,Accessories,95,New Mexico,M,Charcoal,Winter,4.5,Yes,Next Day Air,Yes,2,Debit Card,Fortnightly,4,0.9375,0.02040816326530612,0.4789540816326531,Mid Value,0.75,0.3852040816326531,0.3081632653061225,2,Satisfied,Low Loyalty
87,24,Male,Hoodie,Clothing,41,Nevada,L,Pink,Spring,3.7,Yes,2-Day Shipping,Yes,47,Cash,Fortnightly,4,0.2625,0.9387755102040817,0.6006377551020409,Mid Value,0.75,0.8443877551020409,0.6755102040816328,2,Unsatisfied,High Loyalty
88,52,Male,Shoes,Footwear,53,Ohio,M,Green,Fall,3.7,Yes,2-Day Shipping,Yes,44,Debit Card,Fortnightly,4,0.4125,0.8775510204081632,0.6450255102040816,Mid Value,0.75,0.8137755102040816,0.6510204081632653,2,Unsatisfied,Mid Loyalty
89,33,Male,T-shirt,Clothing,47,Wyoming,M,Orange,Fall,3.5,Yes,Free Shipping,Yes,35,Credit Card,Monthly,3,0.3375,0.6938775510204082,0.5156887755102041,Mid Value,0.5,0.596938775510204,0.4775510204081632,2,Unsatisfied,Mid Loyalty
90,47,Male,Jacket,Outerwear,83,California,XL,Pink,Fall,3.6,Yes,Next Day Air,Yes,15,Cash,Quarterly,2,0.7875,0.2857142857142857,0.5366071428571428,Mid Value,0.25,0.26785714285714285,0.2142857142857143,2,Unsatisfied,Low Loyalty
91,25,Male,Hat,Accessories,48,South Carolina,L,Violet,Summer,2.9,Yes,Express,Yes,29,Credit Card,Monthly,3,0.35,0.5714285714285714,0.4607142857142857,Mid Value,0.5,0.5357142857142857,0.4285714285714286,2,Unsatisfied,Mid Loyalty
92,44,Male,Scarf,Accessories,99,South Carolina,S,Green,Winter,4.6,Yes,Standard,Yes,18,Credit Card,Quarterly,2,0.9875,0.3469387755102041,0.667219387755102,Mid Value,0.25,0.298469387755102,0.2387755102040816,2,Satisfied,Low Loyalty
93,61,Male,Jacket,Outerwear,87,Texas,M,Olive,Winter,4.4,Yes,2-Day Shipping,Yes,13,Venmo,Quarterly,2,0.8375,0.24489795918367346,0.5411989795918367,Mid Value,0.25,0.24744897959183673,0.1979591836734694,2,Satisfied,Low Loyalty
94,37,Male,Sweater,Clothing,62,Florida,M,Purple,Fall,4.5,Yes,Standard,Yes,46,Credit Card,Weekly,5,0.525,0.9183673469387755,0.7216836734693878,High Value,1.0,0.9591836734693877,0.7673469387755102,2,Satisfied,High Loyalty
95,58,Male,Skirt,Clothing,76,Nevada,S,Silver,Spring,4.6,Yes,Free Shipping,Yes,28,Credit Card,Weekly,5,0.7,0.5510204081632653,0.6255102040816326,Mid Value,1.0,0.7755102040816326,0.6204081632653061,2,Satisfied,Mid Loyalty
96,37,Male,Sneakers,Footwear,100,Missouri,L,Pink,Fall,3.8,Yes,Free Shipping,Yes,48,PayPal,Monthly,3,1.0,0.9591836734693877,0.9795918367346939,High Value,0.5,0.7295918367346939,0.5836734693877551,2,Unsatisfied,Mid Loyalty
97,32,Male,Gloves,Accessories,73,Delaware,S,Gold,Spring,3.8,Yes,Express,Yes,43,Venmo,Quarterly,2,0.6625,0.8571428571428571,0.7598214285714285,High Value,0.25,0.5535714285714286,0.4428571428571429,2,Unsatisfied,Mid Loyalty
98,21,Male,Shoes,Footwear,92,Virginia,M,Teal,Winter,4.8,Yes,Store Pickup,Yes,37,Cash,Annually,1,0.9,0.7346938775510204,0.8173469387755102,High Value,0.0,0.3673469387755102,0.2938775510204082,2,Satisfied,Low Loyalty
99,20,Male,Jeans,Clothing,67,New York,XL,Teal,Spring,2.6,Yes,Next Day Air,Yes,20,Bank Transfer,Annually,1,0.5875,0.3877551020408163,0.48762755102040817,Mid Value,0.0,0.19387755102040816,0.15510204081632653,2,Unsatisfied,Low Loyalty
100,26,Male,Hoodie,Clothing,40,Missouri,XL,Indigo,Summer,3.7,Yes,Express,Yes,33,Debit Card,Quarterly,2,0.25,0.6530612244897959,0.45153061224489793,Mid Value,0.25,0.45153061224489793,0.36122448979591837,2,Unsatisfied,Mid Loyalty
101,62,Male,Sunglasses,Accessories,98,South Dakota,M,Maroon,Fall,2.7,Yes,Express,Yes,31,Cash,Fortnightly,4,0.975,0.6122448979591837,0.7936224489795918,High Value,0.75,0.6811224489795918,0.5448979591836735,2,Unsatisfied,Mid Loyalty
102,27,Male,Coat,Outerwear,85,North Dakota,XL,White,Spring,4.6,Yes,Express,Yes,50,Credit Card,Fortnightly,4,0.8125,1.0,0.90625,High Value,0.75,0.875,0.7000000000000001,2,Satisfied,High Loyalty
103,51,Male,Socks,Clothing,67,Oklahoma,L,Violet,Winter,4.8,Yes,Next Day Air,Yes,35,Credit Card,Quarterly,2,0.5875,0.6938775510204082,0.6406887755102041,Mid Value,0.25,0.4719387755102041,0.3775510204081633,2,Satisfied,Mid Loyalty
104,54,Male,Boots,Footwear,89,West Virginia,L,Red,Winter,4.0,Yes,Next Day Air,Yes,22,Venmo,Fortnightly,4,0.8625,0.42857142857142855,0.6455357142857143,Mid Value,0.75,0.5892857142857143,0.4714285714285715,2,Satisfied,Mid Loyalty
105,55,Male,Sunglasses,Accessories,24,New Hampshire,L,Pink,Spring,4.4,Yes,2-Day Shipping,Yes,1,PayPal,Monthly,3,0.05,0.0,0.025,Low Value,0.5,0.25,0.2,2,Satisfied,Low Loyalty
106,69,Male,Backpack,Accessories,96,New York,M,Charcoal,Fall,3.6,Yes,Next Day Air,Yes,4,Bank Transfer,Annually,1,0.95,0.061224489795918366,0.5056122448979592,Mid Value,0.0,0.030612244897959183,0.02448979591836735,2,Unsatisfied,Low Loyalty
107,64,Male,Jacket,Outerwear,35,Minnesota,L,White,Summer,3.7,Yes,Standard,Yes,31,Credit Card,Monthly,3,0.1875,0.6122448979591837,0.39987244897959184,Mid Value,0.5,0.5561224489795918,0.4448979591836735,2,Unsatisfied,Mid Loyalty
108,28,Male,Sneakers,Footwear,67,Maryland,L,Olive,Winter,3.1,Yes,Next Day Air,Yes,46,PayPal,Fortnightly,4,0.5875,0.9183673469387755,0.7529336734693878,High Value,0.75,0.8341836734693877,0.6673469387755102,2,Unsatisfied,High Loyalty
109,70,Male,Socks,Clothing,79,Montana,L,Purple,Spring,3.4,Yes,Next Day Air,Yes,32,Bank Transfer,Fortnightly,4,0.7375,0.6326530612244898,0.6850765306122449,High Value,0.75,0.6913265306122449,0.553061224489796,2,Unsatisfied,Mid Loyalty
110,58,Male,T-shirt,Clothing,85,Alabama,M,Violet,Spring,2.6,Yes,Next Day Air,Yes,43,Bank Transfer,Fortnightly,4,0.8125,0.8571428571428571,0.8348214285714286,High Value,0.75,0.8035714285714286,0.6428571428571429,2,Unsatisfied,Mid Loyalty
111,56,Male,Backpack,Accessories,26,New York,M,Black,Summer,4.0,Yes,Standard,Yes,26,Venmo,Fortnightly,4,0.075,0.5102040816326531,0.2926020408163265,Low Value,0.75,0.6301020408163265,0.5040816326530612,2,Satisfied,Mid Loyalty
112,26,Male,Belt,Accessories,75,Massachusetts,L,Purple,Summer,5.0,Yes,Free Shipping,Yes,9,Credit Card,Annually,1,0.6875,0.16326530612244897,0.42538265306122447,Mid Value,0.0,0.08163265306122448,0.06530612244897958,2,Satisfied,Low Loyalty
113,37,Male,Gloves,Accessories,65,Florida,M,Red,Spring,4.3,Yes,Free Shipping,Yes,28,PayPal,Fortnightly,4,0.5625,0.5510204081632653,0.5567602040816326,Mid Value,0.75,0.6505102040816326,0.5204081632653061,2,Satisfied,Mid Loyalty
114,44,Male,Hat,Accessories,54,New Jersey,L,Maroon,Winter,3.1,Yes,Next Day Air,Yes,20,PayPal,Quarterly,2,0.425,0.3877551020408163,0.4063775510204082,Mid Value,0.25,0.31887755102040816,0.25510204081632654,2,Unsatisfied,Low Loyalty
115,70,Male,Coat,Outerwear,95,Massachusetts,S,Blue,Summer,3.7,Yes,Store Pickup,Yes,9,Cash,Weekly,5,0.9375,0.16326530612244897,0.5503826530612245,Mid Value,1.0,0.5816326530612245,0.4653061224489796,2,Unsatisfied,Mid Loyalty
116,53,Male,Skirt,Clothing,94,Wyoming,M,Gray,Spring,3.8,Yes,Standard,Yes,48,Debit Card,Quarterly,2,0.925,0.9591836734693877,0.9420918367346939,High Value,0.25,0.6045918367346939,0.48367346938775513,2,Unsatisfied,Mid Loyalty
117,55,Male,Shoes,Footwear,86,Virginia,S,Blue,Spring,3.4,Yes,Free Shipping,Yes,12,Venmo,Annually,1,0.825,0.22448979591836735,0.5247448979591837,Mid Value,0.0,0.11224489795918367,0.08979591836734695,2,Unsatisfied,Low Loyalty
118,50,Male,Sandals,Footwear,32,South Dakota,L,Yellow,Summer,4.6,Yes,Express,Yes,29,Cash,Fortnightly,4,0.15,0.5714285714285714,0.3607142857142857,Mid Value,0.75,0.6607142857142857,0.5285714285714286,2,Satisfied,Mid Loyalty
119,50,Male,Sweater,Clothing,45,Kentucky,L,Orange,Fall,4.8,Yes,2-Day Shipping,Yes,27,Cash,Fortnightly,4,0.3125,0.5306122448979592,0.4215561224489796,Mid Value,0.75,0.6403061224489797,0.5122448979591837,2,Satisfied,Mid Loyalty
120,38,Male,Coat,Outerwear,76,Wyoming,M,Orange,Fall,4.3,Yes,Express,Yes,44,Cash,Annually,1,0.7,0.8775510204081632,0.7887755102040817,High Value,0.0,0.4387755102040816,0.3510204081632653,2,Satisfied,Mid Loyalty
121,64,Male,Hat,Accessories,84,West Virginia,L,Red,Summer,4.0,Yes,Express,Yes,32,Bank Transfer,Annually,1,0.8,0.6326530612244898,0.7163265306122449,High Value,0.0,0.3163265306122449,0.25306122448979596,2,Satisfied,Low Loyalty
122,19,Male,Shorts,Clothing,72,Virginia,M,Olive,Winter,4.2,Yes,Standard,Yes,11,Cash,Fortnightly,4,0.65,0.20408163265306123,0.4270408163265306,Mid Value,0.75,0.4770408163265306,0.3816326530612245,2,Satisfied,Mid Loyalty
123,40,Male,Backpack,Accessories,40,Washington,L,Brown,Spring,4.8,Yes,2-Day Shipping,Yes,44,Cash,Fortnightly,4,0.25,0.8775510204081632,0.5637755102040816,Mid Value,0.75,0.8137755102040816,0.6510204081632653,2,Satisfied,Mid Loyalty
124,57,Male,Sweater,Clothing,89,Louisiana,L,Brown,Fall,3.1,Yes,Free Shipping,Yes,46,Cash,Weekly,5,0.8625,0.9183673469387755,0.8904336734693878,High Value,1.0,0.9591836734693877,0.7673469387755102,2,Unsatisfied,High Loyalty
125,44,Male,Sweater,Clothing,86,Nevada,M,Gray,Spring,3.1,Yes,Next Day Air,Yes,50,PayPal,Annually,1,0.825,1.0,0.9125,High Value,0.0,0.5,0.4,2,Unsatisfied,Mid Loyalty
126,49,Male,Shorts,Clothing,54,California,M,Indigo,Winter,3.6,Yes,Next Day Air,Yes,45,Venmo,Quarterly,2,0.425,0.8979591836734694,0.6614795918367347,Mid Value,0.25,0.5739795918367347,0.4591836734693878,2,Unsatisfied,Mid Loyalty
127,43,Male,Shorts,Clothing,36,Mississippi,L,Pink,Spring,3.9,Yes,Store Pickup,Yes,48,Cash,Quarterly,2,0.2,0.9591836734693877,0.5795918367346938,Mid Value,0.25,0.6045918367346939,0.48367346938775513,2,Satisfied,Mid Loyalty
128,24,Male,Sweater,Clothing,89,Mississippi,M,Gray,Winter,4.8,Yes,Next Day Air,Yes,26,Credit Card,Weekly,5,0.8625,0.5102040816326531,0.6863520408163266,High Value,1.0,0.7551020408163265,0.6040816326530613,2,Satisfied,Mid Loyalty
129,20,Male,Scarf,Accessories,32,California,M,Gold,Spring,4.7,Yes,Standard,Yes,21,Credit Card,Fortnightly,4,0.15,0.40816326530612246,0.27908163265306124,Low Value,0.75,0.5790816326530612,0.463265306122449,2,Satisfied,Mid Loyalty
130,24,Male,Dress,Clothing,67,Pennsylvania,XL,Olive,Summer,4.2,Yes,2-Day Shipping,Yes,49,PayPal,Fortnightly,4,0.5875,0.9795918367346939,0.783545918367347,High Value,0.75,0.8647959183673469,0.6918367346938776,2,Satisfied,High Loyalty
131,44,Male,Scarf,Accessories,39,Kentucky,L,Violet,Fall,3.7,Yes,Next Day Air,Yes,13,PayPal,Fortnightly,4,0.2375,0.24489795918367346,0.24119897959183673,Low Value,0.75,0.49744897959183676,0.39795918367346944,2,Unsatisfied,Mid Loyalty
132,28,Male,Skirt,Clothing,29,Maine,L,Indigo,Summer,3.9,Yes,Standard,Yes,46,Credit Card,Weekly,5,0.1125,0.9183673469387755,0.5154336734693877,Mid Value,1.0,0.9591836734693877,0.7673469387755102,2,Satisfied,High Loyalty
133,30,Male,Backpack,Accessories,58,New Mexico,M,Orange,Fall,4.7,Yes,2-Day Shipping,Yes,42,PayPal,Weekly,5,0.475,0.8367346938775511,0.6558673469387755,Mid Value,1.0,0.9183673469387755,0.7346938775510204,2,Satisfied,High Loyalty
134,52,Male,Sweater,Clothing,65,Montana,M,Violet,Winter,2.5,Yes,Next Day Air,Yes,25,Venmo,Annually,1,0.5625,0.4897959183673469,0.5261479591836735,Mid Value,0.0,0.24489795918367346,0.1959183673469388,2,Unsatisfied,Low Loyalty
135,43,Male,Hat,Accessories,94,Texas,L,Gray,Fall,4.9,Yes,Store Pickup,Yes,25,Cash,Monthly,3,0.925,0.4897959183673469,0.7073979591836734,High Value,0.5,0.49489795918367346,0.3959183673469388,2,Satisfied,Mid Loyalty
136,43,Male,Sandals,Footwear,81,Kansas,M,Purple,Fall,4.1,Yes,Express,Yes,12,PayPal,Quarterly,2,0.7625,0.22448979591836735,0.49349489795918366,Mid Value,0.25,0.2372448979591837,0.18979591836734697,2,Satisfied,Low Loyalty
137,39,Male,Blouse,Clothing,86,South Carolina,M,White,Winter,3.3,Yes,Free Shipping,Yes,4,Debit Card,Quarterly,2,0.825,0.061224489795918366,0.44311224489795914,Mid Value,0.25,0.1556122448979592,0.12448979591836735,2,Unsatisfied,Low Loyalty
138,68,Male,Sneakers,Footwear,43,Colorado,M,Turquoise,Spring,4.7,Yes,Free Shipping,Yes,38,PayPal,Weekly,5,0.2875,0.7551020408163265,0.5213010204081632,Mid Value,1.0,0.8775510204081632,0.7020408163265306,2,Satisfied,High Loyalty
139,68,Male,Skirt,Clothing,29,Georgia,M,Maroon,Winter,4.4,Yes,Store Pickup,Yes,42,Bank Transfer,Weekly,5,0.1125,0.8367346938775511,0.47461734693877555,Mid Value,1.0,0.9183673469387755,0.7346938775510204,2,Satisfied,High Loyalty
140,49,Male,Coat,Outerwear,95,Florida,M,White,Fall,3.8,Yes,Store Pickup,Yes,30,Venmo,Annually,1,0.9375,0.5918367346938775,0.7646683673469388,High Value,0.0,0.29591836734693877,0.23673469387755103,2,Unsatisfied,Low Loyalty
141,63,Male,Shirt,Clothing,28,North Carolina,L,Yellow,Fall,3.9,Yes,2-Day Shipping,Yes,50,Credit Card,Weekly,5,0.1,1.0,0.55,Mid Value,1.0,1.0,0.8,2,Satisfied,High Loyalty
142,56,Male,Gloves,Accessories,46,Virginia,M,Turquoise,Fall,4.9,Yes,Free Shipping,Yes,45,PayPal,Weekly,5,0.325,0.8979591836734694,0.6114795918367347,Mid Value,1.0,0.9489795918367347,0.7591836734693879,2,Satisfied,High Loyalty
143,37,Male,Jacket,Outerwear,58,Nebraska,L,Violet,Fall,3.1,Yes,Free Shipping,Yes,33,Credit Card,Fortnightly,4,0.475,0.6530612244897959,0.5640306122448979,Mid Value,0.75,0.7015306122448979,0.5612244897959183,2,Unsatisfied,Mid Loyalty
144,30,Male,Coat,Outerwear,48,Missouri,M,Beige,Fall,2.7,Yes,Store Pickup,Yes,25,PayPal,Quarterly,2,0.35,0.4897959183673469,0.41989795918367345,Mid Value,0.25,0.36989795918367346,0.29591836734693877,2,Unsatisfied,Low Loyalty
145,19,Male,Shoes,Footwear,43,New Jersey,M,Silver,Fall,3.2,Yes,Express,Yes,25,Cash,Monthly,3,0.2875,0.4897959183673469,0.38864795918367345,Mid Value,0.5,0.49489795918367346,0.3959183673469388,2,Unsatisfied,Mid Loyalty
146,24,Male,Jewelry,Accessories,95,Missouri,M,Teal,Fall,4.5,Yes,Standard,Yes,44,Debit Card,Quarterly,2,0.9375,0.8775510204081632,0.9075255102040816,High Value,0.25,0.5637755102040816,0.4510204081632653,2,Satisfied,Mid Loyalty
147,52,Male,Skirt,Clothing,30,Colorado,S,Black,Fall,4.0,Yes,Standard,Yes,21,Venmo,Fortnightly,4,0.125,0.40816326530612246,0.26658163265306123,Low Value,0.75,0.5790816326530612,0.463265306122449,2,Satisfied,Mid Loyalty
148,63,Male,Shoes,Footwear,64,Idaho,M,Purple,Summer,3.5,Yes,2-Day Shipping,Yes,31,Bank Transfer,Fortnightly,4,0.55,0.6122448979591837,0.5811224489795919,Mid Value,0.75,0.6811224489795918,0.5448979591836735,2,Unsatisfied,Mid Loyalty
149,37,Male,Gloves,Accessories,90,Wyoming,M,Gray,Fall,2.6,Yes,Store Pickup,Yes,47,Debit Card,Annually,1,0.875,0.9387755102040817,0.9068877551020409,High Value,0.0,0.46938775510204084,0.3755102040816327,2,Unsatisfied,Mid Loyalty
150,38,Male,Pants,Clothing,76,Delaware,M,White,Summer,3.2,Yes,Free Shipping,Yes,14,PayPal,Monthly,3,0.7,0.2653061224489796,0.4826530612244898,Mid Value,0.5,0.38265306122448983,0.3061224489795919,2,Unsatisfied,Low Loyalty
151,35,Male,Boots,Footwear,96,California,L,Cyan,Fall,4.9,Yes,Standard,Yes,17,Debit Card,Quarterly,2,0.95,0.32653061224489793,0.6382653061224489,Mid Value,0.25,0.28826530612244894,0.23061224489795917,2,Satisfied,Low Loyalty
152,28,Male,Sunglasses,Accessories,47,North Dakota,L,Turquoise,Fall,4.5,Yes,Next Day Air,Yes,3,Venmo,Annually,1,0.3375,0.04081632653061224,0.18915816326530613,Low Value,0.0,0.02040816326530612,0.016326530612244896,2,Satisfied,Low Loyalty
153,30,Male,Shirt,Clothing,85,South Carolina,S,Brown,Summer,4.3,Yes,Express,Yes,42,Venmo,Annually,1,0.8125,0.8367346938775511,0.8246173469387755,High Value,0.0,0.41836734693877553,0.3346938775510204,2,Satisfied,Mid Loyalty
154,69,Male,Hoodie,Clothing,55,North Carolina,M,Maroon,Winter,3.2,Yes,Standard,Yes,22,Debit Card,Annually,1,0.4375,0.42857142857142855,0.4330357142857143,Mid Value,0.0,0.21428571428571427,0.17142857142857143,2,Unsatisfied,Low Loyalty
155,41,Male,Dress,Clothing,98,Oklahoma,M,Charcoal,Fall,3.6,Yes,Next Day Air,Yes,21,Venmo,Quarterly,2,0.975,0.40816326530612246,0.6915816326530613,High Value,0.25,0.32908163265306123,0.26326530612244897,2,Unsatisfied,Low Loyalty
156,63,Male,Socks,Clothing,77,Maine,S,Olive,Spring,4.3,Yes,Free Shipping,Yes,21,Bank Transfer,Quarterly,2,0.7125,0.40816326530612246,0.5603316326530612,Mid Value,0.25,0.32908163265306123,0.26326530612244897,2,Satisfied,Low Loyalty
157,35,Male,Shorts,Clothing,26,Missouri,M,Lavender,Fall,4.0,Yes,Standard,Yes,40,Debit Card,Annually,1,0.075,0.7959183673469388,0.43545918367346936,Mid Value,0.0,0.3979591836734694,0.31836734693877555,2,Satisfied,Low Loyalty
158,36,Male,Hat,Accessories,68,Vermont,S,Yellow,Fall,3.0,Yes,Next Day Air,Yes,1,Bank Transfer,Fortnightly,4,0.6,0.0,0.3,Low Value,0.75,0.375,0.30000000000000004,2,Unsatisfied,Low Loyalty
159,25,Male,Shirt,Clothing,73,Connecticut,XL,Teal,Fall,4.1,Yes,Standard,Yes,50,Bank Transfer,Monthly,3,0.6625,1.0,0.83125,High Value,0.5,0.75,0.6000000000000001,2,Satisfied,Mid Loyalty
160,58,Male,Gloves,Accessories,27,New Hampshire,M,Charcoal,Fall,3.8,Yes,Store Pickup,Yes,39,Bank Transfer,Quarterly,2,0.0875,0.7755102040816326,0.4315051020408163,Mid Value,0.25,0.5127551020408163,0.4102040816326531,2,Unsatisfied,Mid Loyalty
161,27,Male,Gloves,Accessories,23,Texas,M,Orange,Summer,4.6,Yes,Free Shipping,Yes,34,Venmo,Monthly,3,0.0375,0.673469387755102,0.355484693877551,Mid Value,0.5,0.5867346938775511,0.4693877551020409,2,Satisfied,Mid Loyalty
162,65,Male,Backpack,Accessories,49,North Dakota,M,Olive,Fall,3.0,Yes,Express,Yes,29,Venmo,Fortnightly,4,0.3625,0.5714285714285714,0.4669642857142857,Mid Value,0.75,0.6607142857142857,0.5285714285714286,2,Unsatisfied,Mid Loyalty
163,54,Male,Sunglasses,Accessories,74,California,M,Turquoise,Summer,3.0,Yes,Store Pickup,Yes,31,PayPal,Fortnightly,4,0.675,0.6122448979591837,0.6436224489795919,Mid Value,0.75,0.6811224489795918,0.5448979591836735,2,Unsatisfied,Mid Loyalty
164,54,Male,Skirt,Clothing,67,Virginia,M,Purple,Summer,3.4,Yes,Standard,Yes,8,Debit Card,Weekly,5,0.5875,0.14285714285714285,0.36517857142857146,Mid Value,1.0,0.5714285714285714,0.45714285714285713,2,Unsatisfied,Mid Loyalty
165,59,Male,Handbag,Accessories,65,Delaware,S,Purple,Spring,2.6,Yes,Free Shipping,Yes,5,Credit Card,Fortnightly,4,0.5625,0.08163265306122448,0.32206632653061223,Low Value,0.75,0.41581632653061223,0.3326530612244898,2,Unsatisfied,Low Loyalty
166,42,Male,Handbag,Accessories,60,Kentucky,S,Yellow,Winter,2.8,Yes,Store Pickup,Yes,7,Cash,Monthly,3,0.5,0.12244897959183673,0.3112244897959184,Low Value,0.5,0.3112244897959184,0.2489795918367347,2,Unsatisfied,Low Loyalty
167,46,Male,Sneakers,Footwear,31,Delaware,XL,Indigo,Fall,4.0,Yes,Store Pickup,Yes,30,Cash,Monthly,3,0.1375,0.5918367346938775,0.36466836734693875,Mid Value,0.5,0.5459183673469388,0.43673469387755104,2,Satisfied,Mid Loyalty
168,33,Male,Gloves,Accessories,27,Arkansas,M,Green,Fall,4.0,Yes,Express,Yes,14,Credit Card,Quarterly,2,0.0875,0.2653061224489796,0.1764030612244898,Low Value,0.25,0.25765306122448983,0.20612244897959187,2,Satisfied,Low Loyalty
169,34,Male,Shoes,Footwear,80,Louisiana,M,Magenta,Summer,3.0,Yes,Express,Yes,5,Cash,Fortnightly,4,0.75,0.08163265306122448,0.41581632653061223,Mid Value,0.75,0.41581632653061223,0.3326530612244898,2,Unsatisfied,Low Loyalty
170,27,Male,Jacket,Outerwear,30,Nevada,S,Gold,Summer,3.3,Yes,Standard,Yes,3,PayPal,Quarterly,2,0.125,0.04081632653061224,0.08290816326530612,Low Value,0.25,0.14540816326530612,0.1163265306122449,2,Unsatisfied,Low Loyalty
171,52,Male,Shirt,Clothing,25,Wyoming,M,Maroon,Fall,2.6,Yes,Store Pickup,Yes,46,Venmo,Fortnightly,4,0.0625,0.9183673469387755,0.49043367346938777,Mid Value,0.75,0.8341836734693877,0.6673469387755102,2,Unsatisfied,High Loyalty
172,29,Male,Shorts,Clothing,35,Virginia,M,Blue,Summer,3.6,Yes,Store Pickup,Yes,4,Credit Card,Weekly,5,0.1875,0.061224489795918366,0.12436224489795919,Low Value,1.0,0.5306122448979592,0.4244897959183674,2,Unsatisfied,Mid Loyalty
173,54,Male,Jewelry,Accessories,67,Nebraska,M,Violet,Summer,3.9,Yes,Next Day Air,Yes,42,Credit Card,Fortnightly,4,0.5875,0.8367346938775511,0.7121173469387756,High Value,0.75,0.7933673469387755,0.6346938775510205,2,Satisfied,Mid Loyalty
174,25,Male,Hat,Accessories,46,Hawaii,M,Turquoise,Fall,3.4,Yes,Standard,Yes,30,Cash,Annually,1,0.325,0.5918367346938775,0.45841836734693875,Mid Value,0.0,0.29591836734693877,0.23673469387755103,2,Unsatisfied,Low Loyalty
175,41,Male,Shoes,Footwear,35,Vermont,L,Brown,Winter,3.5,Yes,Express,Yes,37,Venmo,Annually,1,0.1875,0.7346938775510204,0.4610969387755102,Mid Value,0.0,0.3673469387755102,0.2938775510204082,2,Unsatisfied,Low Loyalty
176,53,Male,Coat,Outerwear,86,Oklahoma,L,Violet,Fall,2.8,Yes,Next Day Air,Yes,2,Bank Transfer,Annually,1,0.825,0.02040816326530612,0.42270408163265305,Mid Value,0.0,0.01020408163265306,0.008163265306122448,2,Unsatisfied,Low Loyalty
177,53,Male,Backpack,Accessories,81,New Hampshire,L,Black,Spring,2.7,Yes,Next Day Air,Yes,30,Credit Card,Quarterly,2,0.7625,0.5918367346938775,0.6771683673469387,High Value,0.25,0.42091836734693877,0.33673469387755106,2,Unsatisfied,Mid Loyalty
178,21,Male,Hoodie,Clothing,42,Kansas,L,Magenta,Fall,3.7,Yes,Next Day Air,Yes,47,Bank Transfer,Monthly,3,0.275,0.9387755102040817,0.6068877551020408,Mid Value,0.5,0.7193877551020409,0.5755102040816328,2,Unsatisfied,Mid Loyalty
179,61,Male,Skirt,Clothing,43,Idaho,L,Lavender,Fall,4.3,Yes,2-Day Shipping,Yes,21,PayPal,Quarterly,2,0.2875,0.40816326530612246,0.3478316326530612,Mid Value,0.25,0.32908163265306123,0.26326530612244897,2,Satisfied,Low Loyalty
180,64,Male,Boots,Footwear,31,Illinois,M,Violet,Fall,4.9,Yes,Store Pickup,Yes,9,Bank Transfer,Fortnightly,4,0.1375,0.16326530612244897,0.1503826530612245,Low Value,0.75,0.45663265306122447,0.3653061224489796,2,Satisfied,Mid Loyalty
181,51,Male,Sandals,Footwear,81,South Dakota,L,Green,Fall,3.3,Yes,Store Pickup,Yes,12,Debit Card,Fortnightly,4,0.7625,0.22448979591836735,0.49349489795918366,Mid Value,0.75,0.4872448979591837,0.38979591836734695,2,Unsatisfied,Mid Loyalty
182,32,Male,Pants,Clothing,61,Massachusetts,M,Beige,Summer,4.7,Yes,Next Day Air,Yes,4,Bank Transfer,Weekly,5,0.5125,0.061224489795918366,0.28686224489795914,Low Value,1.0,0.5306122448979592,0.4244897959183674,2,Satisfied,Mid Loyalty
183,38,Male,Gloves,Accessories,96,Alabama,XL,Purple,Summer,2.8,Yes,Store Pickup,Yes,10,Debit Card,Annually,1,0.95,0.1836734693877551,0.5668367346938775,Mid Value,0.0,0.09183673469387756,0.07346938775510205,2,Unsatisfied,Low Loyalty
184,58,Male,Skirt,Clothing,29,Ohio,XL,Beige,Spring,3.6,Yes,2-Day Shipping,Yes,26,Credit Card,Weekly,5,0.1125,0.5102040816326531,0.31135204081632656,Low Value,1.0,0.7551020408163265,0.6040816326530613,2,Unsatisfied,Mid Loyalty
185,32,Male,Sneakers,Footwear,33,Hawaii,L,Cyan,Spring,3.0,Yes,Express,Yes,40,Cash,Fortnightly,4,0.1625,0.7959183673469388,0.4792091836734694,Mid Value,0.75,0.7729591836734694,0.6183673469387756,2,Unsatisfied,Mid Loyalty
186,46,Male,T-shirt,Clothing,32,Wisconsin,XL,Silver,Summer,4.5,Yes,Store Pickup,Yes,34,Bank Transfer,Fortnightly,4,0.15,0.673469387755102,0.411734693877551,Mid Value,0.75,0.7117346938775511,0.5693877551020409,2,Satisfied,Mid Loyalty
187,39,Male,Backpack,Accessories,56,Minnesota,S,Lavender,Summer,2.9,Yes,Standard,Yes,31,Debit Card,Annually,1,0.45,0.6122448979591837,0.5311224489795918,Mid Value,0.0,0.30612244897959184,0.2448979591836735,2,Unsatisfied,Low Loyalty
188,19,Male,Shoes,Footwear,94,Georgia,S,Purple,Spring,3.3,Yes,Store Pickup,Yes,1,Bank Transfer,Fortnightly,4,0.925,0.0,0.4625,Mid Value,0.75,0.375,0.30000000000000004,2,Unsatisfied,Low Loyalty
189,50,Male,Hoodie,Clothing,53,Arkansas,M,Pink,Spring,3.1,Yes,Express,Yes,5,Bank Transfer,Fortnightly,4,0.4125,0.08163265306122448,0.24706632653061222,Low Value,0.75,0.41581632653061223,0.3326530612244898,2,Unsatisfied,Low Loyalty
190,36,Male,Blouse,Clothing,82,West Virginia,M,Maroon,Fall,4.4,Yes,Next Day Air,Yes,4,Credit Card,Weekly,5,0.775,0.061224489795918366,0.4181122448979592,Mid Value,1.0,0.5306122448979592,0.4244897959183674,2,Satisfied,Mid Loyalty
191,65,Male,Coat,Outerwear,70,Indiana,XL,Beige,Fall,3.0,Yes,Free Shipping,Yes,48,Venmo,Quarterly,2,0.625,0.9591836734693877,0.7920918367346939,High Value,0.25,0.6045918367346939,0.48367346938775513,2,Unsatisfied,Mid Loyalty
192,64,Male,Hat,Accessories,76,Utah,M,Gray,Fall,3.9,Yes,Free Shipping,Yes,29,Cash,Quarterly,2,0.7,0.5714285714285714,0.6357142857142857,Mid Value,0.25,0.4107142857142857,0.32857142857142857,2,Satisfied,Low Loyalty
193,46,Male,Shoes,Footwear,29,Nebraska,L,Turquoise,Summer,2.9,Yes,Express,Yes,12,PayPal,Fortnightly,4,0.1125,0.22448979591836735,0.16849489795918368,Low Value,0.75,0.4872448979591837,0.38979591836734695,2,Unsatisfied,Mid Loyalty
194,36,Male,Belt,Accessories,100,North Dakota,S,Silver,Fall,3.0,Yes,Standard,Yes,29,Venmo,Annually,1,1.0,0.5714285714285714,0.7857142857142857,High Value,0.0,0.2857142857142857,0.22857142857142856,2,Unsatisfied,Low Loyalty
195,51,Male,Backpack,Accessories,94,Missouri,M,Olive,Spring,3.1,Yes,Express,Yes,15,Debit Card,Quarterly,2,0.925,0.2857142857142857,0.6053571428571429,Mid Value,0.25,0.26785714285714285,0.2142857142857143,2,Unsatisfied,Low Loyalty
196,51,Male,Jacket,Outerwear,25,New York,M,Magenta,Fall,4.3,Yes,Free Shipping,Yes,34,Credit Card,Monthly,3,0.0625,0.673469387755102,0.367984693877551,Mid Value,0.5,0.5867346938775511,0.4693877551020409,2,Satisfied,Mid Loyalty
197,38,Male,Boots,Footwear,88,Washington,M,Lavender,Summer,3.9,Yes,Next Day Air,Yes,41,Credit Card,Fortnightly,4,0.85,0.8163265306122449,0.8331632653061225,High Value,0.75,0.7831632653061225,0.626530612244898,2,Satisfied,Mid Loyalty
198,59,Male,Scarf,Accessories,78,South Carolina,M,Black,Fall,3.2,Yes,2-Day Shipping,Yes,41,Credit Card,Monthly,3,0.725,0.8163265306122449,0.7706632653061225,High Value,0.5,0.6581632653061225,0.5265306122448979,2,Unsatisfied,Mid Loyalty
199,57,Male,Jewelry,Accessories,45,Utah,M,Turquoise,Winter,4.8,Yes,Standard,Yes,39,Credit Card,Fortnightly,4,0.3125,0.7755102040816326,0.5440051020408163,Mid Value,0.75,0.7627551020408163,0.610204081632653,2,Satisfied,Mid Loyalty
200,54,Male,Hat,Accessories,73,Idaho,XL,Green,Summer,3.8,Yes,Express,Yes,32,Cash,Weekly,5,0.6625,0.6326530612244898,0.647576530612245,Mid Value,1.0,0.8163265306122449,0.653061224489796,2,Unsatisfied,Mid Loyalty
201,25,Male,Dress,Clothing,61,Pennsylvania,S,Teal,Summer,3.3,Yes,Next Day Air,Yes,29,Venmo,Monthly,3,0.5125,0.5714285714285714,0.5419642857142857,Mid Value,0.5,0.5357142857142857,0.4285714285714286,2,Unsatisfied,Mid Loyalty
202,69,Male,Blouse,Clothing,22,Missouri,S,Beige,Fall,4.3,Yes,Free Shipping,Yes,15,Bank Transfer,Annually,1,0.025,0.2857142857142857,0.15535714285714286,Low Value,0.0,0.14285714285714285,0.11428571428571428,2,Satisfied,Low Loyalty
203,57,Male,Hat,Accessories,38,Nebraska,L,Magenta,Spring,2.7,Yes,Express,Yes,33,Venmo,Annually,1,0.225,0.6530612244897959,0.4390306122448979,Mid Value,0.0,0.32653061224489793,0.26122448979591834,2,Unsatisfied,Low Loyalty
204,70,Male,Scarf,Accessories,38,Indiana,S,Yellow,Fall,3.2,Yes,Next Day Air,Yes,18,Bank Transfer,Weekly,5,0.225,0.3469387755102041,0.28596938775510206,Low Value,1.0,0.673469387755102,0.5387755102040817,2,Unsatisfied,Mid Loyalty
205,24,Male,Sneakers,Footwear,100,Arizona,M,Yellow,Fall,4.0,Yes,Store Pickup,Yes,35,Cash,Fortnightly,4,1.0,0.6938775510204082,0.846938775510204,High Value,0.75,0.721938775510204,0.5775510204081632,2,Satisfied,Mid Loyalty
206,67,Male,Shirt,Clothing,64,Hawaii,M,Silver,Winter,3.0,Yes,Standard,Yes,25,PayPal,Weekly,5,0.55,0.4897959183673469,0.5198979591836734,Mid Value,1.0,0.7448979591836735,0.5959183673469388,2,Unsatisfied,Mid Loyalty
207,24,Male,T-shirt,Clothing,55,Wisconsin,L,Silver,Summer,4.2,Yes,Free Shipping,Yes,6,Venmo,Fortnightly,4,0.4375,0.10204081632653061,0.2697704081632653,Low Value,0.75,0.4260204081632653,0.3408163265306123,2,Satisfied,Mid Loyalty
208,62,Male,Gloves,Accessories,91,Rhode Island,M,Silver,Summer,2.9,Yes,Express,Yes,17,Bank Transfer,Fortnightly,4,0.8875,0.32653061224489793,0.6070153061224489,Mid Value,0.75,0.5382653061224489,0.4306122448979592,2,Unsatisfied,Mid Loyalty
209,57,Male,Skirt,Clothing,38,Wisconsin,M,Gold,Spring,4.1,Yes,Store Pickup,Yes,17,Credit Card,Monthly,3,0.225,0.32653061224489793,0.275765306122449,Low Value,0.5,0.41326530612244894,0.33061224489795915,2,Satisfied,Low Loyalty
210,55,Male,Sandals,Footwear,97,Minnesota,S,Olive,Winter,3.2,Yes,Store Pickup,Yes,44,Cash,Quarterly,2,0.9625,0.8775510204081632,0.9200255102040816,High Value,0.25,0.5637755102040816,0.4510204081632653,2,Unsatisfied,Mid Loyalty
211,45,Male,Jacket,Outerwear,22,Vermont,L,Teal,Fall,3.0,Yes,2-Day Shipping,Yes,6,PayPal,Fortnightly,4,0.025,0.10204081632653061,0.0635204081632653,Low Value,0.75,0.4260204081632653,0.3408163265306123,2,Unsatisfied,Mid Loyalty
212,69,Male,Skirt,Clothing,92,South Dakota,L,Maroon,Fall,4.2,Yes,2-Day Shipping,Yes,45,Debit Card,Fortnightly,4,0.9,0.8979591836734694,0.8989795918367347,High Value,0.75,0.8239795918367347,0.6591836734693879,2,Satisfied,Mid Loyalty
213,67,Male,Handbag,Accessories,84,Virginia,L,Blue,Fall,4.2,Yes,Express,Yes,7,Debit Card,Annually,1,0.8,0.12244897959183673,0.4612244897959184,Mid Value,0.0,0.061224489795918366,0.0489795918367347,2,Satisfied,Low Loyalty
214,30,Male,Handbag,Accessories,93,Nevada,L,Peach,Fall,4.4,Yes,Store Pickup,Yes,11,Debit Card,Quarterly,2,0.9125,0.20408163265306123,0.5582908163265305,Mid Value,0.25,0.22704081632653061,0.1816326530612245,2,Satisfied,Low Loyalty
215,24,Male,Jacket,Outerwear,50,Hawaii,L,Blue,Summer,4.2,Yes,Next Day Air,Yes,41,Cash,Quarterly,2,0.375,0.8163265306122449,0.5956632653061225,Mid Value,0.25,0.5331632653061225,0.42653061224489797,2,Satisfied,Mid Loyalty
216,62,Male,Scarf,Accessories,64,New Jersey,S,Orange,Spring,2.8,Yes,2-Day Shipping,Yes,24,PayPal,Fortnightly,4,0.55,0.46938775510204084,0.5096938775510205,Mid Value,0.75,0.6096938775510204,0.4877551020408164,2,Unsatisfied,Mid Loyalty
217,43,Male,Shorts,Clothing,61,Massachusetts,L,Yellow,Spring,3.7,Yes,Free Shipping,Yes,21,Venmo,Weekly,5,0.5125,0.40816326530612246,0.4603316326530612,Mid Value,1.0,0.7040816326530612,0.563265306122449,2,Unsatisfied,Mid Loyalty
218,35,Male,Sunglasses,Accessories,48,Oklahoma,M,Purple,Winter,3.5,Yes,Next Day Air,Yes,24,Bank Transfer,Annually,1,0.35,0.46938775510204084,0.4096938775510204,Mid Value,0.0,0.23469387755102042,0.18775510204081636,2,Unsatisfied,Low Loyalty
219,28,Male,T-shirt,Clothing,45,California,S,Magenta,Spring,2.9,Yes,Store Pickup,Yes,8,Credit Card,Quarterly,2,0.3125,0.14285714285714285,0.22767857142857142,Low Value,0.25,0.19642857142857142,0.15714285714285714,2,Unsatisfied,Low Loyalty
220,32,Male,Belt,Accessories,88,Nevada,M,Cyan,Spring,3.0,Yes,Free Shipping,Yes,12,Cash,Fortnightly,4,0.85,0.22448979591836735,0.5372448979591836,Mid Value,0.75,0.4872448979591837,0.38979591836734695,2,Unsatisfied,Mid Loyalty
221,39,Male,Sneakers,Footwear,57,Arizona,S,Indigo,Spring,3.7,Yes,Express,Yes,48,Debit Card,Fortnightly,4,0.4625,0.9591836734693877,0.7108418367346938,High Value,0.75,0.8545918367346939,0.6836734693877551,2,Unsatisfied,High Loyalty
222,28,Male,Hat,Accessories,68,North Carolina,XL,Magenta,Summer,4.4,Yes,Store Pickup,Yes,6,Bank Transfer,Quarterly,2,0.6,0.10204081632653061,0.3510204081632653,Mid Value,0.25,0.1760204081632653,0.14081632653061224,2,Satisfied,Low Loyalty
223,47,Male,Gloves,Accessories,94,New York,XL,Gray,Spring,4.5,Yes,2-Day Shipping,Yes,14,PayPal,Fortnightly,4,0.925,0.2653061224489796,0.5951530612244899,Mid Value,0.75,0.5076530612244898,0.4061224489795919,2,Satisfied,Mid Loyalty
224,20,Male,Pants,Clothing,41,Wyoming,M,Turquoise,Spring,4.8,Yes,Free Shipping,Yes,34,PayPal,Annually,1,0.2625,0.673469387755102,0.46798469387755104,Mid Value,0.0,0.336734693877551,0.2693877551020408,2,Satisfied,Low Loyalty
225,63,Male,Socks,Clothing,83,South Dakota,S,Beige,Summer,2.9,Yes,Free Shipping,Yes,12,Cash,Quarterly,2,0.7875,0.22448979591836735,0.5059948979591836,Mid Value,0.25,0.2372448979591837,0.18979591836734697,2,Unsatisfied,Low Loyalty
226,25,Male,Jacket,Outerwear,22,Arkansas,M,Olive,Spring,3.2,Yes,Next Day Air,Yes,11,Bank Transfer,Annually,1,0.025,0.20408163265306123,0.11454081632653061,Low Value,0.0,0.10204081632653061,0.0816326530612245,2,Unsatisfied,Low Loyalty
227,29,Male,Shoes,Footwear,74,Texas,L,Violet,Spring,3.3,Yes,Free Shipping,Yes,5,PayPal,Monthly,3,0.675,0.08163265306122448,0.37831632653061226,Mid Value,0.5,0.29081632653061223,0.2326530612244898,2,Unsatisfied,Low Loyalty
228,50,Male,Jeans,Clothing,90,Rhode Island,M,Turquoise,Winter,4.2,Yes,Standard,Yes,25,Venmo,Fortnightly,4,0.875,0.4897959183673469,0.6823979591836735,High Value,0.75,0.6198979591836735,0.49591836734693884,2,Satisfied,Mid Loyalty
229,18,Male,Socks,Clothing,79,New Hampshire,M,White,Spring,2.9,Yes,Store Pickup,Yes,11,Credit Card,Annually,1,0.7375,0.20408163265306123,0.47079081632653064,Mid Value,0.0,0.10204081632653061,0.0816326530612245,2,Unsatisfied,Low Loyalty
230,70,Male,Sandals,Footwear,28,Ohio,S,Silver,Spring,4.6,Yes,Next Day Air,Yes,27,PayPal,Quarterly,2,0.1,0.5306122448979592,0.3153061224489796,Low Value,0.25,0.3903061224489796,0.3122448979591837,2,Satisfied,Low Loyalty
231,66,Male,Scarf,Accessories,88,Utah,L,Olive,Fall,4.1,Yes,Standard,Yes,43,Credit Card,Annually,1,0.85,0.8571428571428571,0.8535714285714285,High Value,0.0,0.42857142857142855,0.34285714285714286,2,Satisfied,Mid Loyalty
232,28,Male,Blouse,Clothing,26,Tennessee,M,Blue,Spring,3.1,Yes,2-Day Shipping,Yes,18,Debit Card,Quarterly,2,0.075,0.3469387755102041,0.21096938775510204,Low Value,0.25,0.298469387755102,0.2387755102040816,2,Unsatisfied,Low Loyalty
233,54,Male,Jewelry,Accessories,27,Hawaii,L,Purple,Winter,4.2,Yes,Express,Yes,32,Bank Transfer,Fortnightly,4,0.0875,0.6326530612244898,0.3600765306122449,Mid Value,0.75,0.6913265306122449,0.553061224489796,2,Satisfied,Mid Loyalty
234,19,Male,Sweater,Clothing,83,Arizona,XL,Yellow,Fall,4.5,Yes,Next Day Air,Yes,27,Bank Transfer,Quarterly,2,0.7875,0.5306122448979592,0.6590561224489796,Mid Value,0.25,0.3903061224489796,0.3122448979591837,2,Satisfied,Low Loyalty
235,20,Male,Gloves,Accessories,39,South Dakota,S,Silver,Summer,3.7,Yes,Next Day Air,Yes,24,Credit Card,Weekly,5,0.2375,0.46938775510204084,0.3534438775510204,Mid Value,1.0,0.7346938775510204,0.5877551020408164,2,Unsatisfied,Mid Loyalty
236,43,Male,Sunglasses,Accessories,89,New Jersey,M,Cyan,Winter,3.7,Yes,Free Shipping,Yes,31,Debit Card,Quarterly,2,0.8625,0.6122448979591837,0.7373724489795919,High Value,0.25,0.43112244897959184,0.3448979591836735,2,Unsatisfied,Mid Loyalty
237,38,Male,Coat,Outerwear,68,North Dakota,L,Green,Winter,3.4,Yes,Next Day Air,Yes,39,PayPal,Fortnightly,4,0.6,0.7755102040816326,0.6877551020408164,High Value,0.75,0.7627551020408163,0.610204081632653,2,Unsatisfied,Mid Loyalty
238,50,Male,Dress,Clothing,90,Iowa,M,Beige,Summer,3.0,Yes,Store Pickup,Yes,36,Debit Card,Fortnightly,4,0.875,0.7142857142857143,0.7946428571428572,High Value,0.75,0.7321428571428572,0.5857142857142857,2,Unsatisfied,Mid Loyalty
239,64,Male,Skirt,Clothing,34,Ohio,M,Peach,Fall,4.2,Yes,Free Shipping,Yes,5,Cash,Annually,1,0.175,0.08163265306122448,0.12831632653061223,Low Value,0.0,0.04081632653061224,0.03265306122448979,2,Satisfied,Low Loyalty
240,49,Male,Pants,Clothing,51,Vermont,L,Yellow,Summer,2.9,Yes,Express,Yes,47,Credit Card,Fortnightly,4,0.3875,0.9387755102040817,0.6631377551020409,Mid Value,0.75,0.8443877551020409,0.6755102040816328,2,Unsatisfied,High Loyalty
241,47,Male,Sweater,Clothing,45,Montana,XL,Turquoise,Winter,3.5,Yes,Free Shipping,Yes,29,Bank Transfer,Fortnightly,4,0.3125,0.5714285714285714,0.4419642857142857,Mid Value,0.75,0.6607142857142857,0.5285714285714286,2,Unsatisfied,Mid Loyalty
242,36,Male,Hoodie,Clothing,88,Delaware,M,Peach,Winter,4.1,Yes,Free Shipping,Yes,43,Venmo,Fortnightly,4,0.85,0.8571428571428571,0.8535714285714285,High Value,0.75,0.8035714285714286,0.6428571428571429,2,Satisfied,Mid Loyalty
243,55,Male,Coat,Outerwear,85,New York,L,Gray,Summer,4.3,Yes,Store Pickup,Yes,40,Debit Card,Quarterly,2,0.8125,0.7959183673469388,0.8042091836734694,High Value,0.25,0.5229591836734694,0.41836734693877553,2,Satisfied,Mid Loyalty
244,25,Male,Jewelry,Accessories,100,Kentucky,M,Olive,Winter,2.8,Yes,2-Day Shipping,Yes,4,Debit Card,Monthly,3,1.0,0.061224489795918366,0.5306122448979592,Mid Value,0.5,0.28061224489795916,0.22448979591836735,2,Unsatisfied,Low Loyalty
245,53,Male,Belt,Accessories,42,Oregon,S,Indigo,Spring,4.9,Yes,2-Day Shipping,Yes,39,PayPal,Weekly,5,0.275,0.7755102040816326,0.5252551020408163,Mid Value,1.0,0.8877551020408163,0.7102040816326531,2,Satisfied,High Loyalty
246,49,Male,Sandals,Footwear,53,Rhode Island,L,Charcoal,Summer,3.3,Yes,Next Day Air,Yes,45,Venmo,Fortnightly,4,0.4125,0.8979591836734694,0.6552295918367347,Mid Value,0.75,0.8239795918367347,0.6591836734693879,2,Unsatisfied,Mid Loyalty
247,35,Male,Sunglasses,Accessories,86,Nevada,XL,Beige,Spring,3.2,Yes,Express,Yes,20,Venmo,Fortnightly,4,0.825,0.3877551020408163,0.6063775510204081,Mid Value,0.75,0.5688775510204082,0.45510204081632655,2,Unsatisfied,Mid Loyalty
248,29,Male,Sweater,Clothing,66,Montana,XL,Brown,Spring,4.4,Yes,Standard,Yes,14,Debit Card,Weekly,5,0.575,0.2653061224489796,0.4201530612244898,Mid Value,1.0,0.6326530612244898,0.5061224489795919,2,Satisfied,Mid Loyalty
249,47,Male,Belt,Accessories,100,Pennsylvania,M,Blue,Winter,4.8,Yes,Express,Yes,33,PayPal,Weekly,5,1.0,0.6530612244897959,0.8265306122448979,High Value,1.0,0.8265306122448979,0.6612244897959183,2,Satisfied,Mid Loyalty
250,53,Male,Handbag,Accessories,47,Alaska,S,Teal,Fall,4.2,Yes,Standard,Yes,18,Credit Card,Annually,1,0.3375,0.3469387755102041,0.3422193877551021,Mid Value,0.0,0.17346938775510204,0.13877551020408163,2,Satisfied,Low Loyalty
251,33,Male,Skirt,Clothing,25,Mississippi,L,Black,Fall,4.0,Yes,Express,Yes,9,Bank Transfer,Weekly,5,0.0625,0.16326530612244897,0.11288265306122448,Low Value,1.0,0.5816326530612245,0.4653061224489796,2,Satisfied,Mid Loyalty
252,21,Male,Handbag,Accessories,51,Wyoming,XL,Gold,Winter,2.5,Yes,Standard,Yes,34,PayPal,Annually,1,0.3875,0.673469387755102,0.530484693877551,Mid Value,0.0,0.336734693877551,0.2693877551020408,2,Unsatisfied,Low Loyalty
253,32,Male,Shorts,Clothing,41,Delaware,M,Violet,Summer,3.9,Yes,Free Shipping,Yes,33,Venmo,Fortnightly,4,0.2625,0.6530612244897959,0.45778061224489797,Mid Value,0.75,0.7015306122448979,0.5612244897959183,2,Satisfied,Mid Loyalty
254,52,Male,Boots,Footwear,73,Oklahoma,L,Cyan,Winter,4.9,Yes,2-Day Shipping,Yes,15,Bank Transfer,Fortnightly,4,0.6625,0.2857142857142857,0.47410714285714284,Mid Value,0.75,0.5178571428571428,0.41428571428571426,2,Satisfied,Mid Loyalty
255,67,Male,Sunglasses,Accessories,42,Indiana,M,White,Winter,3.5,Yes,Store Pickup,Yes,4,PayPal,Fortnightly,4,0.275,0.061224489795918366,0.1681122448979592,Low Value,0.75,0.40561224489795916,0.32448979591836735,2,Unsatisfied,Low Loyalty
256,43,Male,Scarf,Accessories,20,Maryland,M,Charcoal,Spring,4.2,Yes,Free Shipping,Yes,25,Debit Card,Annually,1,0.0,0.4897959183673469,0.24489795918367346,Low Value,0.0,0.24489795918367346,0.1959183673469388,2,Satisfied,Low Loyalty
257,58,Male,Jewelry,Accessories,30,South Dakota,XL,Violet,Spring,4.7,Yes,Express,Yes,20,Credit Card,Quarterly,2,0.125,0.3877551020408163,0.25637755102040816,Low Value,0.25,0.31887755102040816,0.25510204081632654,2,Satisfied,Low Loyalty
258,20,Male,Handbag,Accessories,53,West Virginia,M,Red,Summer,4.5,Yes,Express,Yes,5,Credit Card,Quarterly,2,0.4125,0.08163265306122448,0.24706632653061222,Low Value,0.25,0.16581632653061223,0.1326530612244898,2,Satisfied,Low Loyalty
259,61,Male,Gloves,Accessories,74,Alabama,S,Lavender,Spring,2.8,Yes,Express,Yes,16,Cash,Quarterly,2,0.675,0.30612244897959184,0.49056122448979594,Mid Value,0.25,0.2780612244897959,0.22244897959183674,2,Unsatisfied,Low Loyalty
260,32,Male,Jeans,Clothing,57,Louisiana,M,Gold,Fall,2.9,Yes,Standard,Yes,13,Debit Card,Annually,1,0.4625,0.24489795918367346,0.3536989795918367,Mid Value,0.0,0.12244897959183673,0.0979591836734694,2,Unsatisfied,Low Loyalty
261,38,Male,Hat,Accessories,57,Montana,S,Red,Winter,3.2,Yes,2-Day Shipping,Yes,11,Credit Card,Quarterly,2,0.4625,0.20408163265306123,0.3332908163265306,Low Value,0.25,0.22704081632653061,0.1816326530612245,2,Unsatisfied,Low Loyalty
262,21,Male,Jeans,Clothing,77,California,L,Magenta,Winter,4.9,Yes,Standard,Yes,21,Credit Card,Annually,1,0.7125,0.40816326530612246,0.5603316326530612,Mid Value,0.0,0.20408163265306123,0.163265306122449,2,Satisfied,Low Loyalty
263,37,Male,Pants,Clothing,40,Hawaii,M,Teal,Summer,3.8,Yes,Next Day Air,Yes,6,Debit Card,Annually,1,0.25,0.10204081632653061,0.1760204081632653,Low Value,0.0,0.05102040816326531,0.04081632653061225,2,Unsatisfied,Low Loyalty
264,27,Male,Shorts,Clothing,46,Iowa,M,Purple,Summer,4.3,Yes,Store Pickup,Yes,29,Venmo,Monthly,3,0.325,0.5714285714285714,0.4482142857142857,Mid Value,0.5,0.5357142857142857,0.4285714285714286,2,Satisfied,Mid Loyalty
265,36,Male,Pants,Clothing,78,Colorado,S,Charcoal,Fall,3.9,Yes,Store Pickup,Yes,15,Cash,Annually,1,0.725,0.2857142857142857,0.5053571428571428,Mid Value,0.0,0.14285714285714285,0.11428571428571428,2,Satisfied,Low Loyalty
266,32,Male,Backpack,Accessories,59,Michigan,M,Gray,Spring,3.2,Yes,2-Day Shipping,Yes,17,Bank Transfer,Fortnightly,4,0.4875,0.32653061224489793,0.40701530612244896,Mid Value,0.75,0.5382653061224489,0.4306122448979592,2,Unsatisfied,Mid Loyalty
267,51,Male,Jewelry,Accessories,75,Louisiana,L,White,Summer,3.1,Yes,Express,Yes,32,Credit Card,Weekly,5,0.6875,0.6326530612244898,0.6600765306122449,Mid Value,1.0,0.8163265306122449,0.653061224489796,2,Unsatisfied,Mid Loyalty
268,64,Male,Sweater,Clothing,54,Maryland,M,Olive,Spring,3.9,Yes,2-Day Shipping,Yes,42,Venmo,Annually,1,0.425,0.8367346938775511,0.6308673469387756,Mid Value,0.0,0.41836734693877553,0.3346938775510204,2,Satisfied,Mid Loyalty
269,68,Male,Shoes,Footwear,42,Georgia,M,Charcoal,Spring,2.6,Yes,Store Pickup,Yes,21,Cash,Monthly,3,0.275,0.40816326530612246,0.34158163265306124,Mid Value,0.5,0.45408163265306123,0.363265306122449,2,Unsatisfied,Mid Loyalty
270,68,Male,Blouse,Clothing,44,Georgia,M,Charcoal,Winter,3.3,Yes,Next Day Air,Yes,9,Cash,Fortnightly,4,0.3,0.16326530612244897,0.2316326530612245,Low Value,0.75,0.45663265306122447,0.3653061224489796,2,Unsatisfied,Mid Loyalty
271,33,Male,Jeans,Clothing,52,North Dakota,XL,Orange,Fall,4.6,Yes,Free Shipping,Yes,16,Bank Transfer,Annually,1,0.4,0.30612244897959184,0.35306122448979593,Mid Value,0.0,0.15306122448979592,0.12244897959183675,2,Satisfied,Low Loyalty
272,65,Male,Sunglasses,Accessories,69,Maryland,XL,Yellow,Summer,4.6,Yes,Express,Yes,42,Credit Card,Fortnightly,4,0.6125,0.8367346938775511,0.7246173469387756,High Value,0.75,0.7933673469387755,0.6346938775510205,2,Satisfied,Mid Loyalty
273,48,Male,Jewelry,Accessories,26,Oregon,M,Beige,Summer,4.4,Yes,2-Day Shipping,Yes,37,Debit Card,Fortnightly,4,0.075,0.7346938775510204,0.4048469387755102,Mid Value,0.75,0.7423469387755102,0.5938775510204082,2,Satisfied,Mid Loyalty
274,69,Male,Coat,Outerwear,33,North Dakota,S,Silver,Spring,4.2,Yes,Express,Yes,32,Debit Card,Quarterly,2,0.1625,0.6326530612244898,0.3975765306122449,Mid Value,0.25,0.4413265306122449,0.35306122448979593,2,Satisfied,Mid Loyalty
275,59,Male,Jewelry,Accessories,32,Maryland,M,Indigo,Spring,3.0,Yes,Express,Yes,28,Cash,Fortnightly,4,0.15,0.5510204081632653,0.35051020408163264,Mid Value,0.75,0.6505102040816326,0.5204081632653061,2,Unsatisfied,Mid Loyalty
276,48,Male,Backpack,Accessories,85,Virginia,XL,Lavender,Winter,4.0,Yes,Express,Yes,13,Credit Card,Weekly,5,0.8125,0.24489795918367346,0.5286989795918368,Mid Value,1.0,0.6224489795918368,0.4979591836734694,2,Satisfied,Mid Loyalty
277,25,Male,Skirt,Clothing,30,South Dakota,XL,Turquoise,Fall,3.5,Yes,Express,Yes,11,Bank Transfer,Fortnightly,4,0.125,0.20408163265306123,0.16454081632653061,Low Value,0.75,0.4770408163265306,0.3816326530612245,2,Unsatisfied,Mid Loyalty
278,29,Male,Shirt,Clothing,29,Georgia,M,Green,Winter,3.0,Yes,Store Pickup,Yes,36,Bank Transfer,Fortnightly,4,0.1125,0.7142857142857143,0.4133928571428572,Mid Value,0.75,0.7321428571428572,0.5857142857142857,2,Unsatisfied,Mid Loyalty
279,57,Male,Sweater,Clothing,95,Hawaii,M,Orange,Spring,3.7,Yes,Express,Yes,23,Debit Card,Annually,1,0.9375,0.4489795918367347,0.6932397959183674,High Value,0.0,0.22448979591836735,0.1795918367346939,2,Unsatisfied,Low Loyalty
280,23,Male,Sneakers,Footwear,69,Arkansas,L,Turquoise,Summer,4.0,Yes,Standard,Yes,37,Bank Transfer,Monthly,3,0.6125,0.7346938775510204,0.6735969387755103,High Value,0.5,0.6173469387755102,0.49387755102040815,2,Satisfied,Mid Loyalty
281,45,Male,Sandals,Footwear,69,Montana,S,Cyan,Fall,4.2,Yes,2-Day Shipping,Yes,21,Cash,Fortnightly,4,0.6125,0.40816326530612246,0.5103316326530613,Mid Value,0.75,0.5790816326530612,0.463265306122449,2,Satisfied,Mid Loyalty
282,38,Male,Belt,Accessories,61,Oklahoma,XL,Charcoal,Spring,2.5,Yes,Standard,Yes,22,Debit Card,Fortnightly,4,0.5125,0.42857142857142855,0.4705357142857143,Mid Value,0.75,0.5892857142857143,0.4714285714285715,2,Unsatisfied,Mid Loyalty
283,21,Male,Skirt,Clothing,94,Minnesota,M,Teal,Summer,3.0,Yes,2-Day Shipping,Yes,9,Cash,Monthly,3,0.925,0.16326530612244897,0.5441326530612245,Mid Value,0.5,0.33163265306122447,0.2653061224489796,2,Unsatisfied,Low Loyalty
284,32,Male,Sweater,Clothing,30,Montana,S,Maroon,Fall,3.2,Yes,Next Day Air,Yes,16,Venmo,Annually,1,0.125,0.30612244897959184,0.21556122448979592,Low Value,0.0,0.15306122448979592,0.12244897959183675,2,Unsatisfied,Low Loyalty
285,63,Male,Skirt,Clothing,45,Ohio,M,Red,Summer,3.5,Yes,Standard,Yes,4,PayPal,Quarterly,2,0.3125,0.061224489795918366,0.1868622448979592,Low Value,0.25,0.1556122448979592,0.12448979591836735,2,Unsatisfied,Low Loyalty
286,29,Male,Handbag,Accessories,39,Kentucky,XL,Yellow,Summer,4.8,Yes,Express,Yes,3,Debit Card,Fortnightly,4,0.2375,0.04081632653061224,0.1391581632653061,Low Value,0.75,0.39540816326530615,0.3163265306122449,2,Satisfied,Low Loyalty
287,27,Male,Jewelry,Accessories,51,Nebraska,L,Gray,Summer,2.6,Yes,Store Pickup,Yes,6,Debit Card,Annually,1,0.3875,0.10204081632653061,0.2447704081632653,Low Value,0.0,0.05102040816326531,0.04081632653061225,2,Unsatisfied,Low Loyalty
288,56,Male,Scarf,Accessories,37,Delaware,L,Blue,Spring,3.4,Yes,2-Day Shipping,Yes,18,Venmo,Fortnightly,4,0.2125,0.3469387755102041,0.279719387755102,Low Value,0.75,0.548469387755102,0.4387755102040816,2,Unsatisfied,Mid Loyalty
289,30,Male,T-shirt,Clothing,62,North Carolina,M,Lavender,Winter,3.7,Yes,2-Day Shipping,Yes,34,Venmo,Fortnightly,4,0.525,0.673469387755102,0.599234693877551,Mid Value,0.75,0.7117346938775511,0.5693877551020409,2,Unsatisfied,Mid Loyalty
290,49,Male,Coat,Outerwear,85,New York,M,Yellow,Fall,4.5,Yes,2-Day Shipping,Yes,26,Credit Card,Monthly,3,0.8125,0.5102040816326531,0.6613520408163265,Mid Value,0.5,0.5051020408163265,0.4040816326530612,2,Satisfied,Mid Loyalty
291,58,Male,T-shirt,Clothing,33,Colorado,M,Indigo,Winter,3.7,Yes,Standard,Yes,50,PayPal,Weekly,5,0.1625,1.0,0.58125,Mid Value,1.0,1.0,0.8,2,Unsatisfied,High Loyalty
292,57,Male,Dress,Clothing,26,Delaware,XL,Violet,Fall,3.3,Yes,Next Day Air,Yes,40,Bank Transfer,Monthly,3,0.075,0.7959183673469388,0.43545918367346936,Mid Value,0.5,0.6479591836734694,0.5183673469387755,2,Unsatisfied,Mid Loyalty
293,60,Male,Shoes,Footwear,99,Utah,M,Green,Spring,4.7,Yes,Free Shipping,Yes,24,Cash,Quarterly,2,0.9875,0.46938775510204084,0.7284438775510205,High Value,0.25,0.35969387755102045,0.2877551020408164,2,Satisfied,Low Loyalty
294,69,Male,Handbag,Accessories,39,Connecticut,M,White,Spring,2.7,Yes,Express,Yes,33,PayPal,Annually,1,0.2375,0.6530612244897959,0.4452806122448979,Mid Value,0.0,0.32653061224489793,0.26122448979591834,2,Unsatisfied,Low Loyalty
295,70,Male,Skirt,Clothing,20,New Jersey,M,Gold,Spring,4.6,Yes,Store Pickup,Yes,19,Credit Card,Quarterly,2,0.0,0.3673469387755102,0.1836734693877551,Low Value,0.25,0.3086734693877551,0.24693877551020407,2,Satisfied,Low Loyalty
296,53,Male,Sunglasses,Accessories,42,West Virginia,M,Indigo,Winter,2.7,Yes,Store Pickup,Yes,24,Credit Card,Quarterly,2,0.275,0.46938775510204084,0.3721938775510204,Mid Value,0.25,0.35969387755102045,0.2877551020408164,2,Unsatisfied,Low Loyalty
297,25,Male,Sandals,Footwear,74,Indiana,S,Lavender,Spring,4.8,Yes,2-Day Shipping,Yes,19,Credit Card,Weekly,5,0.675,0.3673469387755102,0.5211734693877551,Mid Value,1.0,0.6836734693877551,0.5469387755102041,2,Satisfied,Mid Loyalty
298,48,Male,Shoes,Footwear,26,Delaware,XL,Purple,Summer,4.4,Yes,Standard,Yes,4,Credit Card,Fortnightly,4,0.075,0.061224489795918366,0.06811224489795918,Low Value,0.75,0.40561224489795916,0.32448979591836735,2,Satisfied,Low Loyalty
299,69,Male,T-shirt,Clothing,53,Maryland,M,Lavender,Winter,4.0,Yes,Standard,Yes,11,Venmo,Quarterly,2,0.4125,0.20408163265306123,0.3082908163265306,Low Value,0.25,0.22704081632653061,0.1816326530612245,2,Satisfied,Low Loyalty
300,25,Male,Sneakers,Footwear,80,Pennsylvania,M,Maroon,Summer,3.2,Yes,Next Day Air,Yes,28,PayPal,Fortnightly,4,0.75,0.5510204081632653,0.6505102040816326,Mid Value,0.75,0.6505102040816326,0.5204081632653061,2,Unsatisfied,Mid Loyalty
301,29,Male,Hat,Accessories,98,Iowa,M,Teal,Spring,4.4,Yes,Store Pickup,Yes,24,PayPal,Weekly,5,0.975,0.46938775510204084,0.7221938775510204,High Value,1.0,0.7346938775510204,0.5877551020408164,2,Satisfied,Mid Loyalty
302,46,Male,Skirt,Clothing,95,Pennsylvania,M,Green,Spring,3.8,Yes,Standard,Yes,25,Credit Card,Quarterly,2,0.9375,0.4897959183673469,0.7136479591836735,High Value,0.25,0.36989795918367346,0.29591836734693877,2,Unsatisfied,Low Loyalty
303,37,Male,Sweater,Clothing,44,Delaware,L,Olive,Summer,3.6,Yes,Express,Yes,27,Bank Transfer,Quarterly,2,0.3,0.5306122448979592,0.4153061224489796,Mid Value,0.25,0.3903061224489796,0.3122448979591837,2,Unsatisfied,Low Loyalty
304,20,Male,Sandals,Footwear,60,Oregon,M,Turquoise,Summer,3.3,Yes,Next Day Air,Yes,49,Venmo,Weekly,5,0.5,0.9795918367346939,0.7397959183673469,High Value,1.0,0.9897959183673469,0.7918367346938776,2,Unsatisfied,High Loyalty
305,40,Male,Dress,Clothing,84,Oregon,M,Green,Winter,3.4,Yes,Next Day Air,Yes,45,Credit Card,Fortnightly,4,0.8,0.8979591836734694,0.8489795918367347,High Value,0.75,0.8239795918367347,0.6591836734693879,2,Unsatisfied,Mid Loyalty
306,60,Male,Sweater,Clothing,59,Utah,M,Teal,Fall,3.5,Yes,2-Day Shipping,Yes,26,PayPal,Annually,1,0.4875,0.5102040816326531,0.4988520408163265,Mid Value,0.0,0.25510204081632654,0.20408163265306123,2,Unsatisfied,Low Loyalty
307,26,Male,Jacket,Outerwear,49,North Dakota,S,White,Summer,3.6,Yes,Express,Yes,4,Cash,Annually,1,0.3625,0.061224489795918366,0.21186224489795918,Low Value,0.0,0.030612244897959183,0.02448979591836735,2,Unsatisfied,Low Loyalty
308,29,Male,Gloves,Accessories,32,Florida,M,Orange,Winter,3.2,Yes,Free Shipping,Yes,3,Credit Card,Quarterly,2,0.15,0.04081632653061224,0.09540816326530611,Low Value,0.25,0.14540816326530612,0.1163265306122449,2,Unsatisfied,Low Loyalty
309,66,Male,Handbag,Accessories,29,Maryland,M,Beige,Fall,3.7,Yes,Standard,Yes,45,Venmo,Fortnightly,4,0.1125,0.8979591836734694,0.5052295918367347,Mid Value,0.75,0.8239795918367347,0.6591836734693879,2,Unsatisfied,Mid Loyalty
310,66,Male,Dress,Clothing,22,Minnesota,M,Yellow,Spring,4.5,Yes,Standard,Yes,21,Cash,Fortnightly,4,0.025,0.40816326530612246,0.21658163265306124,Low Value,0.75,0.5790816326530612,0.463265306122449,2,Satisfied,Mid Loyalty
311,56,Male,Pants,Clothing,85,Montana,M,Charcoal,Winter,4.6,Yes,Standard,Yes,50,Cash,Fortnightly,4,0.8125,1.0,0.90625,High Value,0.75,0.875,0.7000000000000001,2,Satisfied,High Loyalty
312,69,Male,Jeans,Clothing,52,Rhode Island,L,Silver,Winter,4.1,Yes,Store Pickup,Yes,19,Bank Transfer,Monthly,3,0.4,0.3673469387755102,0.38367346938775515,Mid Value,0.5,0.4336734693877551,0.3469387755102041,2,Satisfied,Mid Loyalty
313,38,Male,Pants,Clothing,89,Massachusetts,L,Green,Spring,3.4,Yes,Next Day Air,Yes,6,PayPal,Annually,1,0.8625,0.10204081632653061,0.48227040816326533,Mid Value,0.0,0.05102040816326531,0.04081632653061225,2,Unsatisfied,Low Loyalty
314,42,Male,Dress,Clothing,77,Vermont,M,Pink,Spring,3.7,Yes,Express,Yes,50,Credit Card,Quarterly,2,0.7125,1.0,0.85625,High Value,0.25,0.625,0.5,2,Unsatisfied,Mid Loyalty
315,30,Male,Pants,Clothing,24,New Jersey,M,Purple,Summer,3.3,Yes,Store Pickup,Yes,17,Debit Card,Quarterly,2,0.05,0.32653061224489793,0.18826530612244896,Low Value,0.25,0.28826530612244894,0.23061224489795917,2,Unsatisfied,Low Loyalty
316,66,Male,Jewelry,Accessories,24,Wisconsin,XL,Orange,Spring,4.5,Yes,Express,Yes,24,Debit Card,Annually,1,0.05,0.46938775510204084,0.2596938775510204,Low Value,0.0,0.23469387755102042,0.18775510204081636,2,Satisfied,Low Loyalty
317,36,Male,Handbag,Accessories,22,California,M,Charcoal,Fall,3.3,Yes,Free Shipping,Yes,46,Venmo,Monthly,3,0.025,0.9183673469387755,0.4716836734693878,Mid Value,0.5,0.7091836734693877,0.5673469387755102,2,Unsatisfied,Mid Loyalty
318,58,Male,Sweater,Clothing,82,West Virginia,L,Teal,Fall,4.3,Yes,Standard,Yes,42,Cash,Quarterly,2,0.775,0.8367346938775511,0.8058673469387756,High Value,0.25,0.5433673469387755,0.43469387755102046,2,Satisfied,Mid Loyalty
319,45,Male,Backpack,Accessories,67,South Dakota,M,Beige,Winter,2.5,Yes,Standard,Yes,10,Cash,Annually,1,0.5875,0.1836734693877551,0.38558673469387755,Mid Value,0.0,0.09183673469387756,0.07346938775510205,2,Unsatisfied,Low Loyalty
320,47,Male,Shorts,Clothing,74,Maine,XL,White,Spring,2.6,Yes,Standard,Yes,1,Cash,Quarterly,2,0.675,0.0,0.3375,Mid Value,0.25,0.125,0.1,2,Unsatisfied,Low Loyalty
321,66,Male,Jewelry,Accessories,72,Kansas,L,White,Summer,4.9,Yes,Standard,Yes,28,Debit Card,Quarterly,2,0.65,0.5510204081632653,0.6005102040816326,Mid Value,0.25,0.4005102040816326,0.32040816326530613,2,Satisfied,Low Loyalty
322,41,Male,Sneakers,Footwear,36,Vermont,L,Orange,Summer,4.7,Yes,Free Shipping,Yes,48,Debit Card,Quarterly,2,0.2,0.9591836734693877,0.5795918367346938,Mid Value,0.25,0.6045918367346939,0.48367346938775513,2,Satisfied,Mid Loyalty
323,41,Male,Belt,Accessories,95,Tennessee,S,Cyan,Winter,3.0,Yes,Standard,Yes,47,Credit Card,Monthly,3,0.9375,0.9387755102040817,0.9381377551020409,High Value,0.5,0.7193877551020409,0.5755102040816328,2,Unsatisfied,Mid Loyalty
324,66,Male,Hoodie,Clothing,78,Tennessee,M,Orange,Winter,3.5,Yes,Next Day Air,Yes,29,PayPal,Fortnightly,4,0.725,0.5714285714285714,0.6482142857142856,Mid Value,0.75,0.6607142857142857,0.5285714285714286,2,Unsatisfied,Mid Loyalty
325,37,Male,Shirt,Clothing,82,Wyoming,M,Olive,Summer,4.8,Yes,Standard,Yes,37,Venmo,Quarterly,2,0.775,0.7346938775510204,0.7548469387755102,High Value,0.25,0.4923469387755102,0.3938775510204082,2,Satisfied,Mid Loyalty
326,70,Male,Pants,Clothing,70,Vermont,M,Charcoal,Winter,4.3,Yes,Free Shipping,Yes,38,Debit Card,Annually,1,0.625,0.7551020408163265,0.6900510204081632,High Value,0.0,0.37755102040816324,0.3020408163265306,2,Satisfied,Low Loyalty
327,62,Male,Scarf,Accessories,41,New Jersey,M,White,Fall,3.2,Yes,Store Pickup,Yes,48,Bank Transfer,Weekly,5,0.2625,0.9591836734693877,0.6108418367346938,Mid Value,1.0,0.9795918367346939,0.7836734693877552,2,Unsatisfied,High Loyalty
328,61,Male,Coat,Outerwear,42,Iowa,M,Teal,Summer,3.1,Yes,Free Shipping,Yes,36,PayPal,Weekly,5,0.275,0.7142857142857143,0.49464285714285716,Mid Value,1.0,0.8571428571428572,0.6857142857142858,2,Unsatisfied,High Loyalty
329,48,Male,Coat,Outerwear,50,Florida,M,Yellow,Fall,2.8,Yes,Free Shipping,Yes,9,Credit Card,Weekly,5,0.375,0.16326530612244897,0.26913265306122447,Low Value,1.0,0.5816326530612245,0.4653061224489796,2,Unsatisfied,Mid Loyalty
330,70,Male,Socks,Clothing,31,Nevada,S,White,Summer,2.9,Yes,2-Day Shipping,Yes,34,Bank Transfer,Monthly,3,0.1375,0.673469387755102,0.40548469387755104,Mid Value,0.5,0.5867346938775511,0.4693877551020409,2,Unsatisfied,Mid Loyalty
331,46,Male,Sweater,Clothing,51,North Dakota,M,Beige,Winter,3.8,Yes,Express,Yes,43,Venmo,Fortnightly,4,0.3875,0.8571428571428571,0.6223214285714286,Mid Value,0.75,0.8035714285714286,0.6428571428571429,2,Unsatisfied,Mid Loyalty
332,31,Male,Shirt,Clothing,98,Florida,L,Beige,Fall,3.3,Yes,Store Pickup,Yes,46,PayPal,Quarterly,2,0.975,0.9183673469387755,0.9466836734693878,High Value,0.25,0.5841836734693877,0.4673469387755102,2,Unsatisfied,Mid Loyalty
333,19,Male,Shirt,Clothing,86,New York,M,Maroon,Winter,2.8,Yes,2-Day Shipping,Yes,5,Credit Card,Monthly,3,0.825,0.08163265306122448,0.4533163265306122,Mid Value,0.5,0.29081632653061223,0.2326530612244898,2,Unsatisfied,Low Loyalty
334,39,Male,Sweater,Clothing,64,Alaska,M,Teal,Winter,4.5,Yes,Standard,Yes,15,Bank Transfer,Fortnightly,4,0.55,0.2857142857142857,0.41785714285714287,Mid Value,0.75,0.5178571428571428,0.41428571428571426,2,Satisfied,Mid Loyalty
335,41,Male,Blouse,Clothing,46,Kansas,M,Lavender,Fall,2.6,Yes,Next Day Air,Yes,30,Credit Card,Annually,1,0.325,0.5918367346938775,0.45841836734693875,Mid Value,0.0,0.29591836734693877,0.23673469387755103,2,Unsatisfied,Low Loyalty
336,20,Male,Sweater,Clothing,85,Oregon,L,Maroon,Spring,3.7,Yes,Standard,Yes,44,Venmo,Quarterly,2,0.8125,0.8775510204081632,0.8450255102040816,High Value,0.25,0.5637755102040816,0.4510204081632653,2,Unsatisfied,Mid Loyalty
337,36,Male,Hat,Accessories,81,Rhode Island,S,Orange,Fall,4.4,Yes,Express,Yes,16,PayPal,Annually,1,0.7625,0.30612244897959184,0.5343112244897958,Mid Value,0.0,0.15306122448979592,0.12244897959183675,2,Satisfied,Low Loyalty
338,32,Male,Sweater,Clothing,59,New Mexico,M,Cyan,Winter,4.3,Yes,2-Day Shipping,Yes,16,Bank Transfer,Annually,1,0.4875,0.30612244897959184,0.3968112244897959,Mid Value,0.0,0.15306122448979592,0.12244897959183675,2,Satisfied,Low Loyalty
339,69,Male,Hoodie,Clothing,79,Massachusetts,M,Silver,Winter,3.5,Yes,Express,Yes,16,Cash,Weekly,5,0.7375,0.30612244897959184,0.5218112244897959,Mid Value,1.0,0.653061224489796,0.5224489795918368,2,Unsatisfied,Mid Loyalty
340,40,Male,Shorts,Clothing,33,Pennsylvania,M,Teal,Spring,3.8,Yes,2-Day Shipping,Yes,21,Credit Card,Quarterly,2,0.1625,0.40816326530612246,0.2853316326530612,Low Value,0.25,0.32908163265306123,0.26326530612244897,2,Unsatisfied,Low Loyalty
341,40,Male,Shorts,Clothing,47,New Jersey,L,Blue,Summer,3.5,Yes,Express,Yes,39,Venmo,Quarterly,2,0.3375,0.7755102040816326,0.5565051020408163,Mid Value,0.25,0.5127551020408163,0.4102040816326531,2,Unsatisfied,Mid Loyalty
342,20,Male,Hat,Accessories,20,Utah,S,Blue,Summer,4.6,Yes,Store Pickup,Yes,40,Debit Card,Fortnightly,4,0.0,0.7959183673469388,0.3979591836734694,Mid Value,0.75,0.7729591836734694,0.6183673469387756,2,Satisfied,Mid Loyalty
343,64,Male,Coat,Outerwear,36,Kentucky,M,Olive,Spring,2.6,Yes,Next Day Air,Yes,48,Credit Card,Quarterly,2,0.2,0.9591836734693877,0.5795918367346938,Mid Value,0.25,0.6045918367346939,0.48367346938775513,2,Unsatisfied,Mid Loyalty
344,27,Male,Sandals,Footwear,39,Nebraska,M,Purple,Summer,4.4,Yes,Next Day Air,Yes,26,Venmo,Monthly,3,0.2375,0.5102040816326531,0.3738520408163265,Mid Value,0.5,0.5051020408163265,0.4040816326530612,2,Satisfied,Mid Loyalty
345,24,Male,Skirt,Clothing,71,Virginia,M,Charcoal,Winter,4.0,Yes,Standard,Yes,46,Debit Card,Monthly,3,0.6375,0.9183673469387755,0.7779336734693878,High Value,0.5,0.7091836734693877,0.5673469387755102,2,Satisfied,Mid Loyalty
346,48,Male,Shoes,Footwear,59,Wyoming,S,Olive,Winter,4.4,Yes,Next Day Air,Yes,27,Bank Transfer,Annually,1,0.4875,0.5306122448979592,0.5090561224489796,Mid Value,0.0,0.2653061224489796,0.2122448979591837,2,Satisfied,Low Loyalty
347,49,Male,Jeans,Clothing,50,New Mexico,L,Violet,Spring,4.7,Yes,Next Day Air,Yes,5,Cash,Weekly,5,0.375,0.08163265306122448,0.22831632653061223,Low Value,1.0,0.5408163265306123,0.4326530612244899,2,Satisfied,Mid Loyalty
348,36,Male,Sandals,Footwear,41,Oregon,L,Red,Fall,3.9,Yes,Store Pickup,Yes,43,PayPal,Fortnightly,4,0.2625,0.8571428571428571,0.5598214285714286,Mid Value,0.75,0.8035714285714286,0.6428571428571429,2,Satisfied,Mid Loyalty
349,56,Male,Blouse,Clothing,59,South Carolina,M,Beige,Fall,2.7,Yes,Free Shipping,Yes,17,PayPal,Fortnightly,4,0.4875,0.32653061224489793,0.40701530612244896,Mid Value,0.75,0.5382653061224489,0.4306122448979592,2,Unsatisfied,Mid Loyalty
350,37,Male,Hat,Accessories,87,Arizona,M,Green,Winter,3.7,Yes,2-Day Shipping,Yes,3,Bank Transfer,Fortnightly,4,0.8375,0.04081632653061224,0.43915816326530616,Mid Value,0.75,0.39540816326530615,0.3163265306122449,2,Unsatisfied,Low Loyalty
351,42,Male,Sweater,Clothing,68,Kentucky,M,Violet,Spring,2.6,Yes,2-Day Shipping,Yes,47,Bank Transfer,Fortnightly,4,0.6,0.9387755102040817,0.7693877551020408,High Value,0.75,0.8443877551020409,0.6755102040816328,2,Unsatisfied,High Loyalty
352,28,Male,Skirt,Clothing,90,New York,M,Teal,Winter,3.9,Yes,Standard,Yes,24,Debit Card,Fortnightly,4,0.875,0.46938775510204084,0.6721938775510204,High Value,0.75,0.6096938775510204,0.4877551020408164,2,Satisfied,Mid Loyalty
353,27,Male,Jeans,Clothing,71,Texas,XL,Yellow,Fall,4.9,Yes,Next Day Air,Yes,12,Cash,Quarterly,2,0.6375,0.22448979591836735,0.43099489795918366,Mid Value,0.25,0.2372448979591837,0.18979591836734697,2,Satisfied,Low Loyalty
354,63,Male,Sneakers,Footwear,64,Missouri,L,Yellow,Fall,4.1,Yes,Store Pickup,Yes,35,Debit Card,Monthly,3,0.55,0.6938775510204082,0.6219387755102042,Mid Value,0.5,0.596938775510204,0.4775510204081632,2,Satisfied,Mid Loyalty
355,58,Male,Jewelry,Accessories,76,Pennsylvania,S,Olive,Fall,3.0,Yes,Free Shipping,Yes,42,Venmo,Weekly,5,0.7,0.8367346938775511,0.7683673469387755,High Value,1.0,0.9183673469387755,0.7346938775510204,2,Unsatisfied,High Loyalty
356,37,Male,Jewelry,Accessories,42,Oregon,XL,Magenta,Fall,4.1,Yes,2-Day Shipping,Yes,1,PayPal,Quarterly,2,0.275,0.0,0.1375,Low Value,0.25,0.125,0.1,2,Satisfied,Low Loyalty
357,56,Male,Pants,Clothing,80,Nevada,L,Black,Spring,3.8,Yes,Standard,Yes,27,Cash,Weekly,5,0.75,0.5306122448979592,0.6403061224489797,Mid Value,1.0,0.7653061224489797,0.6122448979591838,2,Unsatisfied,Mid Loyalty
358,18,Male,Belt,Accessories,56,Arkansas,M,Olive,Spring,4.0,Yes,Standard,Yes,16,Credit Card,Fortnightly,4,0.45,0.30612244897959184,0.37806122448979596,Mid Value,0.75,0.528061224489796,0.4224489795918368,2,Satisfied,Mid Loyalty
359,48,Male,Hat,Accessories,25,Minnesota,XL,Magenta,Summer,3.6,Yes,Express,Yes,36,Credit Card,Quarterly,2,0.0625,0.7142857142857143,0.38839285714285715,Mid Value,0.25,0.48214285714285715,0.38571428571428573,2,Unsatisfied,Mid Loyalty
360,31,Male,Sneakers,Footwear,74,Georgia,M,Olive,Winter,3.0,Yes,Store Pickup,Yes,30,Credit Card,Quarterly,2,0.675,0.5918367346938775,0.6334183673469388,Mid Value,0.25,0.42091836734693877,0.33673469387755106,2,Unsatisfied,Mid Loyalty
361,51,Male,Pants,Clothing,30,Rhode Island,M,Teal,Summer,3.0,Yes,Standard,Yes,18,Debit Card,Fortnightly,4,0.125,0.3469387755102041,0.23596938775510204,Low Value,0.75,0.548469387755102,0.4387755102040816,2,Unsatisfied,Mid Loyalty
362,65,Male,T-shirt,Clothing,96,Nevada,M,White,Spring,2.6,Yes,Free Shipping,Yes,45,Cash,Annually,1,0.95,0.8979591836734694,0.9239795918367346,High Value,0.0,0.4489795918367347,0.3591836734693878,2,Unsatisfied,Mid Loyalty
363,53,Male,Sneakers,Footwear,64,Texas,M,Charcoal,Fall,3.4,Yes,Free Shipping,Yes,1,Venmo,Fortnightly,4,0.55,0.0,0.275,Low Value,0.75,0.375,0.30000000000000004,2,Unsatisfied,Low Loyalty
364,55,Male,Shorts,Clothing,88,Florida,L,Yellow,Winter,3.1,Yes,Free Shipping,Yes,42,Bank Transfer,Fortnightly,4,0.85,0.8367346938775511,0.8433673469387755,High Value,0.75,0.7933673469387755,0.6346938775510205,2,Unsatisfied,Mid Loyalty
365,62,Male,Shoes,Footwear,88,North Dakota,L,Charcoal,Summer,3.0,Yes,Free Shipping,Yes,7,Venmo,Quarterly,2,0.85,0.12244897959183673,0.48622448979591837,Mid Value,0.25,0.18622448979591838,0.1489795918367347,2,Unsatisfied,Low Loyalty
366,55,Male,Gloves,Accessories,88,West Virginia,XL,Gray,Summer,3.7,Yes,Standard,Yes,50,PayPal,Quarterly,2,0.85,1.0,0.925,High Value,0.25,0.625,0.5,2,Unsatisfied,Mid Loyalty
367,64,Male,Socks,Clothing,36,Nebraska,M,Turquoise,Spring,3.5,Yes,Store Pickup,Yes,37,Venmo,Fortnightly,4,0.2,0.7346938775510204,0.46734693877551026,Mid Value,0.75,0.7423469387755102,0.5938775510204082,2,Unsatisfied,Mid Loyalty
368,52,Male,Dress,Clothing,40,Tennessee,XL,Cyan,Spring,2.8,Yes,Store Pickup,Yes,18,Bank Transfer,Monthly,3,0.25,0.3469387755102041,0.298469387755102,Low Value,0.5,0.423469387755102,0.33877551020408164,2,Unsatisfied,Mid Loyalty
369,24,Male,Handbag,Accessories,39,Oklahoma,M,Charcoal,Spring,4.5,Yes,Standard,Yes,29,Cash,Monthly,3,0.2375,0.5714285714285714,0.4044642857142857,Mid Value,0.5,0.5357142857142857,0.4285714285714286,2,Satisfied,Mid Loyalty
370,38,Male,Belt,Accessories,40,Wisconsin,M,Silver,Summer,3.3,Yes,Store Pickup,Yes,45,PayPal,Quarterly,2,0.25,0.8979591836734694,0.5739795918367347,Mid Value,0.25,0.5739795918367347,0.4591836734693878,2,Unsatisfied,Mid Loyalty
371,59,Male,Scarf,Accessories,34,Oregon,M,Olive,Winter,3.4,Yes,Express,Yes,13,PayPal,Weekly,5,0.175,0.24489795918367346,0.20994897959183673,Low Value,1.0,0.6224489795918368,0.4979591836734694,2,Unsatisfied,Mid Loyalty
372,27,Male,Sneakers,Footwear,83,North Carolina,S,Pink,Winter,3.2,Yes,2-Day Shipping,Yes,47,PayPal,Monthly,3,0.7875,0.9387755102040817,0.8631377551020408,High Value,0.5,0.7193877551020409,0.5755102040816328,2,Unsatisfied,Mid Loyalty
373,24,Male,Sweater,Clothing,85,Pennsylvania,L,Orange,Summer,3.7,Yes,Standard,Yes,7,Debit Card,Weekly,5,0.8125,0.12244897959183673,0.4674744897959184,Mid Value,1.0,0.5612244897959183,0.4489795918367347,2,Unsatisfied,Mid Loyalty
374,23,Male,Coat,Outerwear,27,North Dakota,L,White,Summer,4.6,Yes,Express,Yes,11,Venmo,Fortnightly,4,0.0875,0.20408163265306123,0.14579081632653063,Low Value,0.75,0.4770408163265306,0.3816326530612245,2,Satisfied,Mid Loyalty
375,69,Male,Jewelry,Accessories,78,Ohio,S,Purple,Spring,5.0,Yes,Store Pickup,Yes,39,Bank Transfer,Monthly,3,0.725,0.7755102040816326,0.7502551020408164,High Value,0.5,0.6377551020408163,0.5102040816326531,2,Satisfied,Mid Loyalty
376,59,Male,Sunglasses,Accessories,32,Oklahoma,M,Olive,Summer,4.4,Yes,Standard,Yes,6,Debit Card,Quarterly,2,0.15,0.10204081632653061,0.12602040816326532,Low Value,0.25,0.1760204081632653,0.14081632653061224,2,Satisfied,Low Loyalty
377,51,Male,Shoes,Footwear,51,South Carolina,S,Gray,Fall,4.9,Yes,Express,Yes,2,Venmo,Fortnightly,4,0.3875,0.02040816326530612,0.20395408163265308,Low Value,0.75,0.3852040816326531,0.3081632653061225,2,Satisfied,Low Loyalty
378,63,Male,Scarf,Accessories,32,Maine,M,Silver,Spring,4.1,Yes,Standard,Yes,39,Credit Card,Quarterly,2,0.15,0.7755102040816326,0.4627551020408163,Mid Value,0.25,0.5127551020408163,0.4102040816326531,2,Satisfied,Mid Loyalty
379,54,Male,Dress,Clothing,62,Nevada,L,Orange,Winter,4.9,Yes,Next Day Air,Yes,23,Credit Card,Monthly,3,0.525,0.4489795918367347,0.48698979591836733,Mid Value,0.5,0.4744897959183674,0.37959183673469393,2,Satisfied,Mid Loyalty
380,32,Male,T-shirt,Clothing,29,Montana,S,Magenta,Fall,4.7,Yes,2-Day Shipping,Yes,46,Debit Card,Fortnightly,4,0.1125,0.9183673469387755,0.5154336734693877,Mid Value,0.75,0.8341836734693877,0.6673469387755102,2,Satisfied,High Loyalty
381,39,Male,Backpack,Accessories,69,New Hampshire,XL,Beige,Fall,3.0,Yes,Store Pickup,Yes,19,Bank Transfer,Weekly,5,0.6125,0.3673469387755102,0.4899234693877551,Mid Value,1.0,0.6836734693877551,0.5469387755102041,2,Unsatisfied,Mid Loyalty
382,66,Male,Jewelry,Accessories,25,Maine,L,Lavender,Winter,3.4,Yes,Store Pickup,Yes,3,Credit Card,Quarterly,2,0.0625,0.04081632653061224,0.05165816326530612,Low Value,0.25,0.14540816326530612,0.1163265306122449,2,Unsatisfied,Low Loyalty
383,28,Male,Jeans,Clothing,76,California,M,Peach,Winter,3.2,Yes,Store Pickup,Yes,47,PayPal,Quarterly,2,0.7,0.9387755102040817,0.8193877551020408,High Value,0.25,0.5943877551020409,0.47551020408163275,2,Unsatisfied,Mid Loyalty
384,50,Male,Sunglasses,Accessories,77,West Virginia,S,Magenta,Fall,3.8,Yes,Standard,Yes,6,PayPal,Quarterly,2,0.7125,0.10204081632653061,0.4072704081632653,Mid Value,0.25,0.1760204081632653,0.14081632653061224,2,Unsatisfied,Low Loyalty
385,70,Male,Sweater,Clothing,33,California,M,Beige,Fall,4.5,Yes,2-Day Shipping,Yes,6,Venmo,Annually,1,0.1625,0.10204081632653061,0.1322704081632653,Low Value,0.0,0.05102040816326531,0.04081632653061225,2,Satisfied,Low Loyalty
386,67,Male,Shorts,Clothing,93,West Virginia,S,Yellow,Fall,2.7,Yes,Next Day Air,Yes,12,Credit Card,Fortnightly,4,0.9125,0.22448979591836735,0.5684948979591836,Mid Value,0.75,0.4872448979591837,0.38979591836734695,2,Unsatisfied,Mid Loyalty
387,64,Male,Jewelry,Accessories,39,Louisiana,L,Brown,Spring,3.4,Yes,Express,Yes,40,PayPal,Quarterly,2,0.2375,0.7959183673469388,0.5167091836734694,Mid Value,0.25,0.5229591836734694,0.41836734693877553,2,Unsatisfied,Mid Loyalty
388,45,Male,Coat,Outerwear,93,Georgia,L,Silver,Summer,4.6,Yes,Store Pickup,Yes,38,PayPal,Fortnightly,4,0.9125,0.7551020408163265,0.8338010204081632,High Value,0.75,0.7525510204081632,0.6020408163265306,2,Satisfied,Mid Loyalty
389,22,Male,Handbag,Accessories,82,Washington,M,Orange,Summer,2.7,Yes,Store Pickup,Yes,10,PayPal,Quarterly,2,0.775,0.1836734693877551,0.47933673469387755,Mid Value,0.25,0.21683673469387754,0.17346938775510204,2,Unsatisfied,Low Loyalty
390,27,Male,Boots,Footwear,42,Virginia,L,Purple,Spring,4.2,Yes,Standard,Yes,28,Bank Transfer,Monthly,3,0.275,0.5510204081632653,0.41301020408163264,Mid Value,0.5,0.5255102040816326,0.4204081632653061,2,Satisfied,Mid Loyalty
391,25,Male,Gloves,Accessories,71,Indiana,M,Indigo,Winter,3.2,Yes,2-Day Shipping,Yes,19,PayPal,Annually,1,0.6375,0.3673469387755102,0.5024234693877551,Mid Value,0.0,0.1836734693877551,0.1469387755102041,2,Unsatisfied,Low Loyalty
392,37,Male,Sweater,Clothing,86,Minnesota,L,Gray,Spring,4.8,Yes,Standard,Yes,25,Cash,Fortnightly,4,0.825,0.4897959183673469,0.6573979591836734,Mid Value,0.75,0.6198979591836735,0.49591836734693884,2,Satisfied,Mid Loyalty
393,26,Male,T-shirt,Clothing,82,Idaho,XL,Black,Spring,3.3,Yes,Next Day Air,Yes,38,Credit Card,Annually,1,0.775,0.7551020408163265,0.7650510204081633,High Value,0.0,0.37755102040816324,0.3020408163265306,2,Unsatisfied,Low Loyalty
394,33,Male,Shoes,Footwear,65,Vermont,L,Maroon,Fall,4.2,Yes,Standard,Yes,6,PayPal,Fortnightly,4,0.5625,0.10204081632653061,0.3322704081632653,Low Value,0.75,0.4260204081632653,0.3408163265306123,2,Satisfied,Mid Loyalty
395,43,Male,Scarf,Accessories,29,North Dakota,M,Beige,Spring,4.8,Yes,Store Pickup,Yes,7,Debit Card,Fortnightly,4,0.1125,0.12244897959183673,0.11747448979591837,Low Value,0.75,0.4362244897959184,0.3489795918367347,2,Satisfied,Mid Loyalty
396,37,Male,Sneakers,Footwear,65,Rhode Island,L,Brown,Winter,4.9,Yes,Store Pickup,Yes,2,PayPal,Annually,1,0.5625,0.02040816326530612,0.2914540816326531,Low Value,0.0,0.01020408163265306,0.008163265306122448,2,Satisfied,Low Loyalty
397,46,Male,Dress,Clothing,88,South Carolina,S,Black,Fall,3.9,Yes,Standard,Yes,24,Bank Transfer,Annually,1,0.85,0.46938775510204084,0.6596938775510204,Mid Value,0.0,0.23469387755102042,0.18775510204081636,2,Satisfied,Low Loyalty
398,22,Male,Belt,Accessories,46,Mississippi,M,Indigo,Fall,3.0,Yes,Free Shipping,Yes,26,Cash,Annually,1,0.325,0.5102040816326531,0.41760204081632657,Mid Value,0.0,0.25510204081632654,0.20408163265306123,2,Unsatisfied,Low Loyalty
399,20,Male,Boots,Footwear,67,Montana,S,Silver,Winter,4.6,Yes,Free Shipping,Yes,25,Debit Card,Quarterly,2,0.5875,0.4897959183673469,0.5386479591836735,Mid Value,0.25,0.36989795918367346,0.29591836734693877,2,Satisfied,Low Loyalty
400,60,Male,Scarf,Accessories,35,Idaho,L,Blue,Fall,3.5,Yes,2-Day Shipping,Yes,10,Debit Card,Monthly,3,0.1875,0.1836734693877551,0.18558673469387754,Low Value,0.5,0.34183673469387754,0.27346938775510204,2,Unsatisfied,Low Loyalty
401,39,Male,Boots,Footwear,66,Utah,M,Green,Winter,4.8,Yes,Free Shipping,Yes,14,PayPal,Fortnightly,4,0.575,0.2653061224489796,0.4201530612244898,Mid Value,0.75,0.5076530612244898,0.4061224489795919,2,Satisfied,Mid Loyalty
402,43,Male,T-shirt,Clothing,91,Oklahoma,L,Orange,Fall,4.8,Yes,Standard,Yes,21,Cash,Quarterly,2,0.8875,0.40816326530612246,0.6478316326530612,Mid Value,0.25,0.32908163265306123,0.26326530612244897,2,Satisfied,Low Loyalty
403,31,Male,Backpack,Accessories,78,California,L,Cyan,Fall,3.0,Yes,Express,Yes,26,PayPal,Monthly,3,0.725,0.5102040816326531,0.6176020408163265,Mid Value,0.5,0.5051020408163265,0.4040816326530612,2,Unsatisfied,Mid Loyalty
404,19,Male,Sneakers,Footwear,45,Nevada,M,Orange,Winter,4.5,Yes,Next Day Air,Yes,12,Bank Transfer,Annually,1,0.3125,0.22448979591836735,0.2684948979591837,Low Value,0.0,0.11224489795918367,0.08979591836734695,2,Satisfied,Low Loyalty
405,35,Male,T-shirt,Clothing,93,Delaware,M,Indigo,Spring,4.8,Yes,Store Pickup,Yes,11,Credit Card,Monthly,3,0.9125,0.20408163265306123,0.5582908163265305,Mid Value,0.5,0.3520408163265306,0.2816326530612245,2,Satisfied,Low Loyalty
406,41,Male,Jeans,Clothing,74,South Carolina,S,Silver,Summer,3.8,Yes,Standard,Yes,15,Cash,Annually,1,0.675,0.2857142857142857,0.48035714285714287,Mid Value,0.0,0.14285714285714285,0.11428571428571428,2,Unsatisfied,Low Loyalty
407,52,Male,Gloves,Accessories,55,Maryland,M,Peach,Spring,4.6,Yes,Express,Yes,13,Cash,Monthly,3,0.4375,0.24489795918367346,0.34119897959183676,Mid Value,0.5,0.37244897959183676,0.2979591836734694,2,Satisfied,Low Loyalty
408,45,Male,Hoodie,Clothing,76,North Carolina,XL,Teal,Spring,3.1,Yes,Next Day Air,Yes,5,Credit Card,Fortnightly,4,0.7,0.08163265306122448,0.3908163265306122,Mid Value,0.75,0.41581632653061223,0.3326530612244898,2,Unsatisfied,Low Loyalty
409,34,Male,Sneakers,Footwear,66,Alabama,L,White,Spring,3.4,Yes,Express,Yes,36,Cash,Fortnightly,4,0.575,0.7142857142857143,0.6446428571428571,Mid Value,0.75,0.7321428571428572,0.5857142857142857,2,Unsatisfied,Mid Loyalty
410,35,Male,Shorts,Clothing,51,Minnesota,M,Brown,Winter,3.3,Yes,2-Day Shipping,Yes,32,Bank Transfer,Monthly,3,0.3875,0.6326530612244898,0.5100765306122449,Mid Value,0.5,0.5663265306122449,0.45306122448979597,2,Unsatisfied,Mid Loyalty
411,29,Male,Sweater,Clothing,26,Virginia,L,Lavender,Spring,4.8,Yes,2-Day Shipping,Yes,1,Credit Card,Quarterly,2,0.075,0.0,0.0375,Low Value,0.25,0.125,0.1,2,Satisfied,Low Loyalty
412,59,Male,Jeans,Clothing,29,Michigan,M,Indigo,Summer,2.8,Yes,Express,Yes,15,PayPal,Annually,1,0.1125,0.2857142857142857,0.19910714285714284,Low Value,0.0,0.14285714285714285,0.11428571428571428,2,Unsatisfied,Low Loyalty
413,24,Male,Jacket,Outerwear,74,Maine,M,Yellow,Summer,3.1,Yes,Store Pickup,Yes,3,Bank Transfer,Weekly,5,0.675,0.04081632653061224,0.35790816326530617,Mid Value,1.0,0.5204081632653061,0.41632653061224495,2,Unsatisfied,Mid Loyalty
414,70,Male,Jewelry,Accessories,99,Nevada,S,White,Summer,4.6,Yes,Free Shipping,Yes,48,Cash,Monthly,3,0.9875,0.9591836734693877,0.9733418367346939,High Value,0.5,0.7295918367346939,0.5836734693877551,2,Satisfied,Mid Loyalty
415,29,Male,Backpack,Accessories,88,Wyoming,L,Violet,Winter,2.6,Yes,Store Pickup,Yes,30,Debit Card,Weekly,5,0.85,0.5918367346938775,0.7209183673469388,High Value,1.0,0.7959183673469388,0.6367346938775511,2,Unsatisfied,Mid Loyalty
416,67,Male,Coat,Outerwear,31,Connecticut,M,Lavender,Winter,2.6,Yes,Express,Yes,40,Bank Transfer,Monthly,3,0.1375,0.7959183673469388,0.46670918367346936,Mid Value,0.5,0.6479591836734694,0.5183673469387755,2,Unsatisfied,Mid Loyalty
417,36,Male,Belt,Accessories,55,Oregon,L,Olive,Spring,3.8,Yes,Free Shipping,Yes,24,Bank Transfer,Fortnightly,4,0.4375,0.46938775510204084,0.45344387755102045,Mid Value,0.75,0.6096938775510204,0.4877551020408164,2,Unsatisfied,Mid Loyalty
418,23,Male,Sandals,Footwear,81,Mississippi,L,Beige,Fall,4.5,Yes,Free Shipping,Yes,48,Debit Card,Quarterly,2,0.7625,0.9591836734693877,0.8608418367346938,High Value,0.25,0.6045918367346939,0.48367346938775513,2,Satisfied,Mid Loyalty
419,18,Male,Sweater,Clothing,73,Illinois,L,Purple,Spring,3.0,Yes,Standard,Yes,27,Venmo,Fortnightly,4,0.6625,0.5306122448979592,0.5965561224489796,Mid Value,0.75,0.6403061224489797,0.5122448979591837,2,Unsatisfied,Mid Loyalty
420,53,Male,Shorts,Clothing,91,Utah,S,Teal,Winter,3.8,Yes,Free Shipping,Yes,14,Credit Card,Quarterly,2,0.8875,0.2653061224489796,0.5764030612244898,Mid Value,0.25,0.25765306122448983,0.20612244897959187,2,Unsatisfied,Low Loyalty
421,32,Male,Socks,Clothing,54,North Carolina,S,Peach,Spring,3.8,Yes,Free Shipping,Yes,18,Debit Card,Fortnightly,4,0.425,0.3469387755102041,0.38596938775510203,Mid Value,0.75,0.548469387755102,0.4387755102040816,2,Unsatisfied,Mid Loyalty
422,38,Male,Shirt,Clothing,40,Kentucky,M,Violet,Winter,3.5,Yes,Standard,Yes,48,Cash,Fortnightly,4,0.25,0.9591836734693877,0.6045918367346939,Mid Value,0.75,0.8545918367346939,0.6836734693877551,2,Unsatisfied,High Loyalty
423,47,Male,Pants,Clothing,59,Minnesota,M,Purple,Fall,3.1,Yes,Store Pickup,Yes,32,Debit Card,Annually,1,0.4875,0.6326530612244898,0.5600765306122449,Mid Value,0.0,0.3163265306122449,0.25306122448979596,2,Unsatisfied,Low Loyalty
424,46,Male,Scarf,Accessories,26,New York,L,Teal,Spring,3.0,Yes,Store Pickup,Yes,21,Credit Card,Fortnightly,4,0.075,0.40816326530612246,0.24158163265306123,Low Value,0.75,0.5790816326530612,0.463265306122449,2,Unsatisfied,Mid Loyalty
425,66,Male,Sweater,Clothing,23,Illinois,M,Gold,Winter,4.3,Yes,Standard,Yes,42,PayPal,Fortnightly,4,0.0375,0.8367346938775511,0.4371173469387755,Mid Value,0.75,0.7933673469387755,0.6346938775510205,2,Satisfied,Mid Loyalty
426,40,Male,Jeans,Clothing,87,North Dakota,S,Teal,Winter,3.3,Yes,Store Pickup,Yes,4,Credit Card,Quarterly,2,0.8375,0.061224489795918366,0.4493622448979592,Mid Value,0.25,0.1556122448979592,0.12448979591836735,2,Unsatisfied,Low Loyalty
427,43,Male,Pants,Clothing,71,Louisiana,M,Violet,Winter,4.7,Yes,Express,Yes,19,Credit Card,Quarterly,2,0.6375,0.3673469387755102,0.5024234693877551,Mid Value,0.25,0.3086734693877551,0.24693877551020407,2,Satisfied,Low Loyalty
428,58,Male,Backpack,Accessories,91,Illinois,L,Black,Winter,4.5,Yes,Store Pickup,Yes,6,Credit Card,Quarterly,2,0.8875,0.10204081632653061,0.4947704081632653,Mid Value,0.25,0.1760204081632653,0.14081632653061224,2,Satisfied,Low Loyalty
429,21,Male,Coat,Outerwear,64,Wyoming,XL,Gold,Winter,2.9,Yes,Free Shipping,Yes,2,Debit Card,Fortnightly,4,0.55,0.02040816326530612,0.2852040816326531,Low Value,0.75,0.3852040816326531,0.3081632653061225,2,Unsatisfied,Low Loyalty
430,42,Male,Sandals,Footwear,94,Washington,M,Gold,Winter,4.1,Yes,2-Day Shipping,Yes,21,Cash,Fortnightly,4,0.925,0.40816326530612246,0.6665816326530613,Mid Value,0.75,0.5790816326530612,0.463265306122449,2,Satisfied,Mid Loyalty
431,24,Male,Shirt,Clothing,40,Texas,M,Brown,Summer,3.5,Yes,Store Pickup,Yes,40,Debit Card,Annually,1,0.25,0.7959183673469388,0.5229591836734694,Mid Value,0.0,0.3979591836734694,0.31836734693877555,2,Unsatisfied,Low Loyalty
432,43,Male,Hat,Accessories,76,New Hampshire,L,Cyan,Winter,3.4,Yes,Store Pickup,Yes,33,Cash,Fortnightly,4,0.7,0.6530612244897959,0.676530612244898,High Value,0.75,0.7015306122448979,0.5612244897959183,2,Unsatisfied,Mid Loyalty
433,47,Male,Shirt,Clothing,86,Indiana,S,Indigo,Fall,3.3,Yes,Free Shipping,Yes,26,Venmo,Weekly,5,0.825,0.5102040816326531,0.6676020408163266,Mid Value,1.0,0.7551020408163265,0.6040816326530613,2,Unsatisfied,Mid Loyalty
434,49,Male,Skirt,Clothing,92,Alabama,M,Orange,Fall,3.2,Yes,Store Pickup,Yes,23,Credit Card,Fortnightly,4,0.9,0.4489795918367347,0.6744897959183673,High Value,0.75,0.5994897959183674,0.4795918367346939,2,Unsatisfied,Mid Loyalty
435,50,Male,Shoes,Footwear,52,Oklahoma,L,Pink,Spring,4.0,Yes,Store Pickup,Yes,39,PayPal,Quarterly,2,0.4,0.7755102040816326,0.5877551020408163,Mid Value,0.25,0.5127551020408163,0.4102040816326531,2,Satisfied,Mid Loyalty
436,51,Male,Coat,Outerwear,28,Montana,XL,Olive,Winter,3.6,Yes,Next Day Air,Yes,42,Bank Transfer,Monthly,3,0.1,0.8367346938775511,0.4683673469387755,Mid Value,0.5,0.6683673469387755,0.5346938775510205,2,Unsatisfied,Mid Loyalty
437,40,Male,Pants,Clothing,46,Tennessee,L,Cyan,Summer,4.6,Yes,Free Shipping,Yes,41,Bank Transfer,Weekly,5,0.325,0.8163265306122449,0.5706632653061224,Mid Value,1.0,0.9081632653061225,0.726530612244898,2,Satisfied,High Loyalty
438,45,Male,Jewelry,Accessories,50,New Mexico,M,Peach,Summer,2.6,Yes,Next Day Air,Yes,41,PayPal,Annually,1,0.375,0.8163265306122449,0.5956632653061225,Mid Value,0.0,0.40816326530612246,0.326530612244898,2,Unsatisfied,Low Loyalty
439,52,Male,Belt,Accessories,23,Iowa,M,Turquoise,Winter,4.3,Yes,Express,Yes,12,Credit Card,Fortnightly,4,0.0375,0.22448979591836735,0.13099489795918368,Low Value,0.75,0.4872448979591837,0.38979591836734695,2,Satisfied,Mid Loyalty
440,62,Male,Jacket,Outerwear,50,Idaho,M,Turquoise,Summer,3.4,Yes,Free Shipping,Yes,31,Cash,Monthly,3,0.375,0.6122448979591837,0.49362244897959184,Mid Value,0.5,0.5561224489795918,0.4448979591836735,2,Unsatisfied,Mid Loyalty
441,20,Male,Shirt,Clothing,89,Oklahoma,XL,Maroon,Winter,3.5,Yes,Store Pickup,Yes,34,Debit Card,Fortnightly,4,0.8625,0.673469387755102,0.767984693877551,High Value,0.75,0.7117346938775511,0.5693877551020409,2,Unsatisfied,Mid Loyalty
442,43,Male,Hoodie,Clothing,81,Florida,M,Maroon,Winter,4.2,Yes,Standard,Yes,32,Credit Card,Annually,1,0.7625,0.6326530612244898,0.6975765306122449,High Value,0.0,0.3163265306122449,0.25306122448979596,2,Satisfied,Low Loyalty
443,29,Male,Sunglasses,Accessories,69,Michigan,M,Olive,Fall,3.8,Yes,Store Pickup,Yes,31,Credit Card,Quarterly,2,0.6125,0.6122448979591837,0.6123724489795919,Mid Value,0.25,0.43112244897959184,0.3448979591836735,2,Unsatisfied,Mid Loyalty
444,22,Male,Sunglasses,Accessories,67,Hawaii,M,Magenta,Summer,3.6,Yes,Free Shipping,Yes,24,PayPal,Annually,1,0.5875,0.46938775510204084,0.5284438775510204,Mid Value,0.0,0.23469387755102042,0.18775510204081636,2,Unsatisfied,Low Loyalty
445,48,Male,Dress,Clothing,20,California,M,Red,Summer,4.3,Yes,Store Pickup,Yes,31,Debit Card,Annually,1,0.0,0.6122448979591837,0.30612244897959184,Low Value,0.0,0.30612244897959184,0.2448979591836735,2,Satisfied,Low Loyalty
446,42,Male,Boots,Footwear,29,Iowa,M,Olive,Fall,4.9,Yes,Standard,Yes,18,Venmo,Annually,1,0.1125,0.3469387755102041,0.22971938775510203,Low Value,0.0,0.17346938775510204,0.13877551020408163,2,Satisfied,Low Loyalty
447,19,Male,Shirt,Clothing,74,West Virginia,M,Silver,Summer,4.1,Yes,Store Pickup,Yes,15,Venmo,Monthly,3,0.675,0.2857142857142857,0.48035714285714287,Mid Value,0.5,0.39285714285714285,0.3142857142857143,2,Satisfied,Low Loyalty
448,60,Male,Shorts,Clothing,82,Washington,S,Turquoise,Spring,3.6,Yes,Standard,Yes,7,Bank Transfer,Quarterly,2,0.775,0.12244897959183673,0.4487244897959184,Mid Value,0.25,0.18622448979591838,0.1489795918367347,2,Unsatisfied,Low Loyalty
449,32,Male,Gloves,Accessories,23,Missouri,M,Yellow,Summer,3.4,Yes,Next Day Air,Yes,35,Bank Transfer,Fortnightly,4,0.0375,0.6938775510204082,0.36568877551020407,Mid Value,0.75,0.721938775510204,0.5775510204081632,2,Unsatisfied,Mid Loyalty
450,26,Male,Jewelry,Accessories,45,New York,L,Peach,Summer,2.9,Yes,2-Day Shipping,Yes,35,Bank Transfer,Monthly,3,0.3125,0.6938775510204082,0.503188775510204,Mid Value,0.5,0.596938775510204,0.4775510204081632,2,Unsatisfied,Mid Loyalty
451,25,Male,Boots,Footwear,21,Connecticut,L,Beige,Summer,2.7,Yes,Store Pickup,Yes,19,Credit Card,Monthly,3,0.0125,0.3673469387755102,0.18992346938775512,Low Value,0.5,0.4336734693877551,0.3469387755102041,2,Unsatisfied,Mid Loyalty
452,66,Male,Jewelry,Accessories,31,Virginia,M,Pink,Summer,4.3,Yes,Express,Yes,26,Credit Card,Fortnightly,4,0.1375,0.5102040816326531,0.32385204081632657,Low Value,0.75,0.6301020408163265,0.5040816326530612,2,Satisfied,Mid Loyalty
453,45,Male,Pants,Clothing,45,Missouri,M,Violet,Summer,3.8,Yes,Express,Yes,39,PayPal,Fortnightly,4,0.3125,0.7755102040816326,0.5440051020408163,Mid Value,0.75,0.7627551020408163,0.610204081632653,2,Unsatisfied,Mid Loyalty
454,54,Male,Jewelry,Accessories,56,Nebraska,XL,Peach,Winter,2.8,Yes,Next Day Air,Yes,22,Credit Card,Weekly,5,0.45,0.42857142857142855,0.4392857142857143,Mid Value,1.0,0.7142857142857143,0.5714285714285715,2,Unsatisfied,Mid Loyalty
455,37,Male,Jacket,Outerwear,97,New Jersey,S,Gold,Summer,3.2,Yes,Next Day Air,Yes,14,Cash,Fortnightly,4,0.9625,0.2653061224489796,0.6139030612244898,Mid Value,0.75,0.5076530612244898,0.4061224489795919,2,Unsatisfied,Mid Loyalty
456,54,Male,Blouse,Clothing,100,Utah,XL,Gold,Fall,3.6,Yes,Store Pickup,Yes,50,Debit Card,Fortnightly,4,1.0,1.0,1.0,High Value,0.75,0.875,0.7000000000000001,2,Unsatisfied,High Loyalty
457,50,Male,Blouse,Clothing,96,North Carolina,S,Indigo,Fall,4.0,Yes,2-Day Shipping,Yes,33,Credit Card,Quarterly,2,0.95,0.6530612244897959,0.801530612244898,High Value,0.25,0.45153061224489793,0.36122448979591837,2,Satisfied,Mid Loyalty
458,25,Male,Gloves,Accessories,99,Rhode Island,M,Blue,Spring,4.9,Yes,Next Day Air,Yes,48,Debit Card,Quarterly,2,0.9875,0.9591836734693877,0.9733418367346939,High Value,0.25,0.6045918367346939,0.48367346938775513,2,Satisfied,Mid Loyalty
459,47,Male,Shorts,Clothing,91,Arkansas,L,Black,Winter,4.0,Yes,2-Day Shipping,Yes,48,PayPal,Monthly,3,0.8875,0.9591836734693877,0.9233418367346938,High Value,0.5,0.7295918367346939,0.5836734693877551,2,Satisfied,Mid Loyalty
460,63,Male,Hat,Accessories,30,Maryland,L,Black,Winter,3.8,Yes,Standard,Yes,27,PayPal,Fortnightly,4,0.125,0.5306122448979592,0.3278061224489796,Low Value,0.75,0.6403061224489797,0.5122448979591837,2,Unsatisfied,Mid Loyalty
461,64,Male,Shoes,Footwear,65,South Carolina,L,Teal,Summer,3.8,Yes,Store Pickup,Yes,27,Bank Transfer,Weekly,5,0.5625,0.5306122448979592,0.5465561224489797,Mid Value,1.0,0.7653061224489797,0.6122448979591838,2,Unsatisfied,Mid Loyalty
462,18,Male,Boots,Footwear,93,Ohio,M,Yellow,Winter,3.9,Yes,Express,Yes,20,Venmo,Weekly,5,0.9125,0.3877551020408163,0.6501275510204081,Mid Value,1.0,0.6938775510204082,0.5551020408163265,2,Satisfied,Mid Loyalty
463,59,Male,Jacket,Outerwear,81,Illinois,M,White,Fall,3.3,Yes,Express,Yes,48,Venmo,Quarterly,2,0.7625,0.9591836734693877,0.8608418367346938,High Value,0.25,0.6045918367346939,0.48367346938775513,2,Unsatisfied,Mid Loyalty
464,37,Male,Jewelry,Accessories,81,Georgia,S,Orange,Summer,2.7,Yes,Standard,Yes,29,Venmo,Weekly,5,0.7625,0.5714285714285714,0.6669642857142857,Mid Value,1.0,0.7857142857142857,0.6285714285714286,2,Unsatisfied,Mid Loyalty
465,23,Male,Sunglasses,Accessories,52,Alabama,M,Silver,Winter,4.7,Yes,Next Day Air,Yes,45,PayPal,Monthly,3,0.4,0.8979591836734694,0.6489795918367347,Mid Value,0.5,0.6989795918367347,0.5591836734693878,2,Satisfied,Mid Loyalty
466,54,Male,Skirt,Clothing,88,Oklahoma,M,Pink,Summer,2.8,Yes,Next Day Air,Yes,25,Cash,Quarterly,2,0.85,0.4897959183673469,0.6698979591836735,High Value,0.25,0.36989795918367346,0.29591836734693877,2,Unsatisfied,Low Loyalty
467,38,Male,Jeans,Clothing,24,Vermont,L,Turquoise,Winter,4.6,Yes,Free Shipping,Yes,25,PayPal,Weekly,5,0.05,0.4897959183673469,0.2698979591836735,Low Value,1.0,0.7448979591836735,0.5959183673469388,2,Satisfied,Mid Loyalty
468,19,Male,Backpack,Accessories,51,Nebraska,S,Orange,Spring,4.5,Yes,2-Day Shipping,Yes,37,Debit Card,Quarterly,2,0.3875,0.7346938775510204,0.5610969387755103,Mid Value,0.25,0.4923469387755102,0.3938775510204082,2,Satisfied,Mid Loyalty
469,34,Male,Backpack,Accessories,38,Georgia,S,Peach,Fall,5.0,Yes,Free Shipping,Yes,16,Cash,Quarterly,2,0.225,0.30612244897959184,0.2655612244897959,Low Value,0.25,0.2780612244897959,0.22244897959183674,2,Satisfied,Low Loyalty
470,21,Male,Shorts,Clothing,46,Alabama,L,Pink,Fall,4.1,Yes,2-Day Shipping,Yes,30,Debit Card,Fortnightly,4,0.325,0.5918367346938775,0.45841836734693875,Mid Value,0.75,0.6709183673469388,0.536734693877551,2,Satisfied,Mid Loyalty
471,50,Male,Dress,Clothing,63,Minnesota,L,Teal,Summer,4.6,Yes,Express,Yes,6,Cash,Quarterly,2,0.5375,0.10204081632653061,0.3197704081632653,Low Value,0.25,0.1760204081632653,0.14081632653061224,2,Satisfied,Low Loyalty
472,55,Male,Scarf,Accessories,72,Missouri,XL,White,Winter,4.9,Yes,2-Day Shipping,Yes,36,Bank Transfer,Quarterly,2,0.65,0.7142857142857143,0.6821428571428572,High Value,0.25,0.48214285714285715,0.38571428571428573,2,Satisfied,Mid Loyalty
473,20,Male,Jeans,Clothing,39,Georgia,L,Gray,Winter,3.9,Yes,Free Shipping,Yes,3,Bank Transfer,Quarterly,2,0.2375,0.04081632653061224,0.1391581632653061,Low Value,0.25,0.14540816326530612,0.1163265306122449,2,Satisfied,Low Loyalty
474,34,Male,Coat,Outerwear,42,West Virginia,L,Olive,Spring,3.9,Yes,Store Pickup,Yes,29,PayPal,Quarterly,2,0.275,0.5714285714285714,0.4232142857142857,Mid Value,0.25,0.4107142857142857,0.32857142857142857,2,Satisfied,Low Loyalty
475,62,Male,Sweater,Clothing,76,Arkansas,XL,Maroon,Summer,2.6,Yes,2-Day Shipping,Yes,15,Cash,Quarterly,2,0.7,0.2857142857142857,0.4928571428571428,Mid Value,0.25,0.26785714285714285,0.2142857142857143,2,Unsatisfied,Low Loyalty
476,21,Male,Sneakers,Footwear,66,Ohio,L,Magenta,Summer,2.7,Yes,Free Shipping,Yes,18,Debit Card,Annually,1,0.575,0.3469387755102041,0.460969387755102,Mid Value,0.0,0.17346938775510204,0.13877551020408163,2,Unsatisfied,Low Loyalty
477,21,Male,Scarf,Accessories,90,Connecticut,M,Magenta,Spring,3.5,Yes,Free Shipping,Yes,2,Debit Card,Fortnightly,4,0.875,0.02040816326530612,0.4477040816326531,Mid Value,0.75,0.3852040816326531,0.3081632653061225,2,Unsatisfied,Low Loyalty
478,42,Male,Sweater,Clothing,56,North Dakota,M,Green,Summer,3.7,Yes,Free Shipping,Yes,49,Debit Card,Weekly,5,0.45,0.9795918367346939,0.7147959183673469,High Value,1.0,0.9897959183673469,0.7918367346938776,2,Unsatisfied,High Loyalty
479,35,Male,Jewelry,Accessories,43,Kansas,XL,Turquoise,Winter,3.2,Yes,Free Shipping,Yes,48,Venmo,Annually,1,0.2875,0.9591836734693877,0.6233418367346939,Mid Value,0.0,0.47959183673469385,0.3836734693877551,2,Unsatisfied,Mid Loyalty
480,39,Male,Handbag,Accessories,84,Iowa,L,Yellow,Winter,3.3,Yes,Store Pickup,Yes,43,Venmo,Monthly,3,0.8,0.8571428571428571,0.8285714285714285,High Value,0.5,0.6785714285714286,0.5428571428571429,2,Unsatisfied,Mid Loyalty
481,68,Male,Hoodie,Clothing,88,Vermont,M,Gray,Summer,4.8,Yes,Standard,Yes,30,Debit Card,Fortnightly,4,0.85,0.5918367346938775,0.7209183673469388,High Value,0.75,0.6709183673469388,0.536734693877551,2,Satisfied,Mid Loyalty
482,46,Male,Hat,Accessories,88,Wisconsin,L,Peach,Fall,3.2,Yes,2-Day Shipping,Yes,10,PayPal,Fortnightly,4,0.85,0.1836734693877551,0.5168367346938776,Mid Value,0.75,0.46683673469387754,0.3734693877551021,2,Unsatisfied,Mid Loyalty
483,41,Male,Belt,Accessories,42,Connecticut,M,Yellow,Winter,2.5,Yes,2-Day Shipping,Yes,11,Venmo,Annually,1,0.275,0.20408163265306123,0.23954081632653063,Low Value,0.0,0.10204081632653061,0.0816326530612245,2,Unsatisfied,Low Loyalty
484,23,Male,Hoodie,Clothing,73,Oklahoma,M,White,Fall,3.9,Yes,Store Pickup,Yes,12,Debit Card,Weekly,5,0.6625,0.22448979591836735,0.4434948979591837,Mid Value,1.0,0.6122448979591837,0.489795918367347,2,Satisfied,Mid Loyalty
485,68,Male,Hat,Accessories,73,Missouri,L,Lavender,Summer,4.7,Yes,Free Shipping,Yes,28,Bank Transfer,Quarterly,2,0.6625,0.5510204081632653,0.6067602040816327,Mid Value,0.25,0.4005102040816326,0.32040816326530613,2,Satisfied,Low Loyalty
486,48,Male,Shoes,Footwear,44,Tennessee,S,Blue,Spring,2.6,Yes,Next Day Air,Yes,36,Debit Card,Fortnightly,4,0.3,0.7142857142857143,0.5071428571428571,Mid Value,0.75,0.7321428571428572,0.5857142857142857,2,Unsatisfied,Mid Loyalty
487,38,Male,Sandals,Footwear,63,New Mexico,M,Charcoal,Fall,2.8,Yes,Store Pickup,Yes,37,Venmo,Quarterly,2,0.5375,0.7346938775510204,0.6360969387755102,Mid Value,0.25,0.4923469387755102,0.3938775510204082,2,Unsatisfied,Mid Loyalty
488,41,Male,Jacket,Outerwear,68,Iowa,L,Red,Winter,4.4,Yes,Store Pickup,Yes,22,Credit Card,Quarterly,2,0.6,0.42857142857142855,0.5142857142857142,Mid Value,0.25,0.3392857142857143,0.27142857142857146,2,Satisfied,Low Loyalty
489,58,Male,Sweater,Clothing,29,Maine,L,Olive,Spring,4.6,Yes,Standard,Yes,32,Venmo,Weekly,5,0.1125,0.6326530612244898,0.37257653061224494,Mid Value,1.0,0.8163265306122449,0.653061224489796,2,Satisfied,Mid Loyalty
490,49,Male,Socks,Clothing,85,South Dakota,M,Green,Summer,3.2,Yes,Standard,Yes,40,PayPal,Annually,1,0.8125,0.7959183673469388,0.8042091836734694,High Value,0.0,0.3979591836734694,0.31836734693877555,2,Unsatisfied,Low Loyalty
491,57,Male,Sneakers,Footwear,42,Colorado,M,Silver,Winter,4.2,Yes,2-Day Shipping,Yes,47,Cash,Monthly,3,0.275,0.9387755102040817,0.6068877551020408,Mid Value,0.5,0.7193877551020409,0.5755102040816328,2,Satisfied,Mid Loyalty
492,49,Male,Coat,Outerwear,69,Vermont,M,Silver,Summer,3.8,Yes,2-Day Shipping,Yes,24,Credit Card,Fortnightly,4,0.6125,0.46938775510204084,0.5409438775510205,Mid Value,0.75,0.6096938775510204,0.4877551020408164,2,Unsatisfied,Mid Loyalty
493,50,Male,Shirt,Clothing,62,Michigan,M,Black,Fall,3.9,Yes,Standard,Yes,11,Debit Card,Weekly,5,0.525,0.20408163265306123,0.3645408163265306,Mid Value,1.0,0.6020408163265306,0.4816326530612245,2,Satisfied,Mid Loyalty
494,28,Male,Backpack,Accessories,48,Nevada,XL,Red,Summer,4.7,Yes,Store Pickup,Yes,19,Cash,Fortnightly,4,0.35,0.3673469387755102,0.35867346938775513,Mid Value,0.75,0.5586734693877551,0.4469387755102041,2,Satisfied,Mid Loyalty
495,38,Male,Boots,Footwear,68,Indiana,M,Indigo,Winter,4.5,Yes,Express,Yes,42,Debit Card,Weekly,5,0.6,0.8367346938775511,0.7183673469387755,High Value,1.0,0.9183673469387755,0.7346938775510204,2,Satisfied,High Loyalty
496,33,Male,Handbag,Accessories,36,Michigan,XL,Cyan,Fall,3.3,Yes,Free Shipping,Yes,6,Debit Card,Fortnightly,4,0.2,0.10204081632653061,0.1510204081632653,Low Value,0.75,0.4260204081632653,0.3408163265306123,2,Unsatisfied,Mid Loyalty
497,30,Male,Dress,Clothing,63,California,S,Maroon,Fall,3.3,Yes,Express,Yes,31,Venmo,Fortnightly,4,0.5375,0.6122448979591837,0.5748724489795918,Mid Value,0.75,0.6811224489795918,0.5448979591836735,2,Unsatisfied,Mid Loyalty
498,43,Male,Sneakers,Footwear,39,Oklahoma,S,Silver,Winter,4.6,Yes,Free Shipping,Yes,31,Cash,Weekly,5,0.2375,0.6122448979591837,0.42487244897959187,Mid Value,1.0,0.8061224489795918,0.6448979591836735,2,Satisfied,Mid Loyalty
499,43,Male,Boots,Footwear,78,Iowa,M,Lavender,Spring,3.6,Yes,Free Shipping,Yes,27,Bank Transfer,Monthly,3,0.725,0.5306122448979592,0.6278061224489796,Mid Value,0.5,0.5153061224489797,0.41224489795918373,2,Unsatisfied,Mid Loyalty
500,36,Male,Shoes,Footwear,99,Rhode Island,L,Silver,Winter,4.8,Yes,Express,Yes,24,PayPal,Monthly,3,0.9875,0.46938775510204084,0.7284438775510205,High Value,0.5,0.48469387755102045,0.38775510204081637,2,Satisfied,Mid Loyalty
501,36,Male,T-shirt,Clothing,31,Washington,L,Purple,Fall,4.8,Yes,Next Day Air,Yes,35,Venmo,Quarterly,2,0.1375,0.6938775510204082,0.4156887755102041,Mid Value,0.25,0.4719387755102041,0.3775510204081633,2,Satisfied,Mid Loyalty
502,64,Male,Boots,Footwear,45,Florida,M,Cyan,Spring,2.9,Yes,Next Day Air,Yes,21,Venmo,Annually,1,0.3125,0.40816326530612246,0.36033163265306123,Mid Value,0.0,0.20408163265306123,0.163265306122449,2,Unsatisfied,Low Loyalty
503,59,Male,Pants,Clothing,30,South Carolina,S,Cyan,Fall,2.8,Yes,Express,Yes,8,PayPal,Fortnightly,4,0.125,0.14285714285714285,0.13392857142857142,Low Value,0.75,0.4464285714285714,0.35714285714285715,2,Unsatisfied,Mid Loyalty
504,55,Male,Shoes,Footwear,24,West Virginia,M,Lavender,Summer,3.2,Yes,Next Day Air,Yes,26,Bank Transfer,Quarterly,2,0.05,0.5102040816326531,0.28010204081632656,Low Value,0.25,0.38010204081632654,0.30408163265306126,2,Unsatisfied,Low Loyalty
505,42,Male,Shoes,Footwear,22,Missouri,M,Maroon,Winter,3.9,Yes,Free Shipping,Yes,26,PayPal,Annually,1,0.025,0.5102040816326531,0.26760204081632655,Low Value,0.0,0.25510204081632654,0.20408163265306123,2,Satisfied,Low Loyalty
506,61,Male,T-shirt,Clothing,63,Maine,L,Gray,Spring,4.3,Yes,Express,Yes,9,Cash,Fortnightly,4,0.5375,0.16326530612244897,0.35038265306122446,Mid Value,0.75,0.45663265306122447,0.3653061224489796,2,Satisfied,Mid Loyalty
507,28,Male,Scarf,Accessories,40,Georgia,M,Olive,Fall,2.7,Yes,2-Day Shipping,Yes,48,Debit Card,Annually,1,0.25,0.9591836734693877,0.6045918367346939,Mid Value,0.0,0.47959183673469385,0.3836734693877551,2,Unsatisfied,Mid Loyalty
508,65,Male,Shorts,Clothing,20,Maine,M,Magenta,Spring,5.0,Yes,Store Pickup,Yes,33,Debit Card,Fortnightly,4,0.0,0.6530612244897959,0.32653061224489793,Low Value,0.75,0.7015306122448979,0.5612244897959183,2,Satisfied,Mid Loyalty
509,27,Male,Jewelry,Accessories,20,Illinois,S,Yellow,Winter,3.7,Yes,Store Pickup,Yes,31,PayPal,Quarterly,2,0.0,0.6122448979591837,0.30612244897959184,Low Value,0.25,0.43112244897959184,0.3448979591836735,2,Unsatisfied,Mid Loyalty
510,41,Male,T-shirt,Clothing,80,Delaware,L,Cyan,Summer,3.9,Yes,Free Shipping,Yes,17,Debit Card,Weekly,5,0.75,0.32653061224489793,0.5382653061224489,Mid Value,1.0,0.6632653061224489,0.5306122448979592,2,Satisfied,Mid Loyalty
511,21,Male,Shirt,Clothing,87,West Virginia,M,Teal,Fall,3.9,Yes,2-Day Shipping,Yes,22,Venmo,Annually,1,0.8375,0.42857142857142855,0.6330357142857143,Mid Value,0.0,0.21428571428571427,0.17142857142857143,2,Satisfied,Low Loyalty
512,61,Male,Shirt,Clothing,46,Hawaii,L,Yellow,Fall,3.1,Yes,Free Shipping,Yes,8,PayPal,Annually,1,0.325,0.14285714285714285,0.23392857142857143,Low Value,0.0,0.07142857142857142,0.05714285714285714,2,Unsatisfied,Low Loyalty
513,19,Male,Gloves,Accessories,49,New York,L,Peach,Winter,3.8,Yes,Next Day Air,Yes,2,Bank Transfer,Monthly,3,0.3625,0.02040816326530612,0.19145408163265307,Low Value,0.5,0.2602040816326531,0.20816326530612247,2,Unsatisfied,Low Loyalty
514,22,Male,Scarf,Accessories,65,New Mexico,M,Peach,Fall,3.6,Yes,Store Pickup,Yes,45,Venmo,Annually,1,0.5625,0.8979591836734694,0.7302295918367347,High Value,0.0,0.4489795918367347,0.3591836734693878,2,Unsatisfied,Mid Loyalty
515,64,Male,Skirt,Clothing,62,Indiana,S,Olive,Winter,4.3,Yes,Standard,Yes,47,PayPal,Quarterly,2,0.525,0.9387755102040817,0.7318877551020408,High Value,0.25,0.5943877551020409,0.47551020408163275,2,Satisfied,Mid Loyalty
516,28,Male,Hat,Accessories,67,Kentucky,L,Charcoal,Spring,4.5,Yes,Next Day Air,Yes,7,Cash,Monthly,3,0.5875,0.12244897959183673,0.3549744897959184,Mid Value,0.5,0.3112244897959184,0.2489795918367347,2,Satisfied,Low Loyalty
517,34,Male,Hoodie,Clothing,41,West Virginia,L,Indigo,Fall,2.8,Yes,2-Day Shipping,Yes,19,Debit Card,Fortnightly,4,0.2625,0.3673469387755102,0.3149234693877551,Low Value,0.75,0.5586734693877551,0.4469387755102041,2,Unsatisfied,Mid Loyalty
518,61,Male,Boots,Footwear,49,North Dakota,L,Silver,Fall,2.7,Yes,Free Shipping,Yes,44,Cash,Quarterly,2,0.3625,0.8775510204081632,0.6200255102040816,Mid Value,0.25,0.5637755102040816,0.4510204081632653,2,Unsatisfied,Mid Loyalty
519,24,Male,Blouse,Clothing,100,Oregon,M,Beige,Fall,2.9,Yes,Next Day Air,Yes,16,Venmo,Quarterly,2,1.0,0.30612244897959184,0.653061224489796,Mid Value,0.25,0.2780612244897959,0.22244897959183674,2,Unsatisfied,Low Loyalty
520,19,Male,Belt,Accessories,54,Minnesota,L,Blue,Summer,4.4,Yes,2-Day Shipping,Yes,17,Bank Transfer,Quarterly,2,0.425,0.32653061224489793,0.37576530612244896,Mid Value,0.25,0.28826530612244894,0.23061224489795917,2,Satisfied,Low Loyalty
521,51,Male,Sunglasses,Accessories,84,South Carolina,M,White,Spring,3.9,Yes,Free Shipping,Yes,20,Debit Card,Quarterly,2,0.8,0.3877551020408163,0.5938775510204082,Mid Value,0.25,0.31887755102040816,0.25510204081632654,2,Satisfied,Low Loyalty
522,36,Male,Shorts,Clothing,41,Vermont,L,Gold,Winter,3.5,Yes,Standard,Yes,50,Bank Transfer,Annually,1,0.2625,1.0,0.63125,Mid Value,0.0,0.5,0.4,2,Unsatisfied,Mid Loyalty
523,65,Male,Gloves,Accessories,88,Minnesota,M,Blue,Spring,2.5,Yes,Store Pickup,Yes,37,Cash,Quarterly,2,0.85,0.7346938775510204,0.7923469387755102,High Value,0.25,0.4923469387755102,0.3938775510204082,2,Unsatisfied,Mid Loyalty
524,46,Male,Sandals,Footwear,40,Delaware,M,Orange,Spring,4.9,Yes,Express,Yes,5,PayPal,Quarterly,2,0.25,0.08163265306122448,0.16581632653061223,Low Value,0.25,0.16581632653061223,0.1326530612244898,2,Satisfied,Low Loyalty
525,59,Male,Shirt,Clothing,39,Pennsylvania,M,Gold,Summer,4.8,Yes,Free Shipping,Yes,44,PayPal,Annually,1,0.2375,0.8775510204081632,0.5575255102040816,Mid Value,0.0,0.4387755102040816,0.3510204081632653,2,Satisfied,Mid Loyalty
526,51,Male,Coat,Outerwear,37,Iowa,M,Cyan,Spring,3.2,Yes,Next Day Air,Yes,41,Debit Card,Monthly,3,0.2125,0.8163265306122449,0.5144132653061224,Mid Value,0.5,0.6581632653061225,0.5265306122448979,2,Unsatisfied,Mid Loyalty
527,51,Male,Pants,Clothing,52,New Jersey,S,Red,Winter,4.9,Yes,Standard,Yes,19,Cash,Monthly,3,0.4,0.3673469387755102,0.38367346938775515,Mid Value,0.5,0.4336734693877551,0.3469387755102041,2,Satisfied,Mid Loyalty
528,21,Male,T-shirt,Clothing,23,South Carolina,L,Yellow,Winter,4.3,Yes,Next Day Air,Yes,47,Bank Transfer,Quarterly,2,0.0375,0.9387755102040817,0.4881377551020408,Mid Value,0.25,0.5943877551020409,0.47551020408163275,2,Satisfied,Mid Loyalty
529,34,Male,Sneakers,Footwear,88,Maryland,S,Beige,Winter,3.2,Yes,Express,Yes,40,Cash,Annually,1,0.85,0.7959183673469388,0.8229591836734693,High Value,0.0,0.3979591836734694,0.31836734693877555,2,Unsatisfied,Low Loyalty
530,32,Male,Shorts,Clothing,84,California,M,Orange,Fall,3.7,Yes,Standard,Yes,6,Credit Card,Monthly,3,0.8,0.10204081632653061,0.45102040816326533,Mid Value,0.5,0.3010204081632653,0.24081632653061225,2,Unsatisfied,Low Loyalty
531,48,Male,Coat,Outerwear,37,Montana,XL,Magenta,Winter,3.2,Yes,Store Pickup,Yes,25,Credit Card,Fortnightly,4,0.2125,0.4897959183673469,0.3511479591836735,Mid Value,0.75,0.6198979591836735,0.49591836734693884,2,Unsatisfied,Mid Loyalty
532,50,Male,Sandals,Footwear,51,Vermont,L,Purple,Fall,3.4,Yes,Next Day Air,Yes,42,Cash,Weekly,5,0.3875,0.8367346938775511,0.6121173469387755,Mid Value,1.0,0.9183673469387755,0.7346938775510204,2,Unsatisfied,High Loyalty
533,26,Male,Pants,Clothing,76,Texas,L,Black,Winter,4.1,Yes,Express,Yes,35,Bank Transfer,Quarterly,2,0.7,0.6938775510204082,0.6969387755102041,High Value,0.25,0.4719387755102041,0.3775510204081633,2,Satisfied,Mid Loyalty
534,57,Male,Sandals,Footwear,60,North Carolina,L,Pink,Spring,4.5,Yes,Next Day Air,Yes,17,Debit Card,Weekly,5,0.5,0.32653061224489793,0.41326530612244894,Mid Value,1.0,0.6632653061224489,0.5306122448979592,2,Satisfied,Mid Loyalty
535,65,Male,Gloves,Accessories,72,Florida,L,Pink,Fall,4.5,Yes,Next Day Air,Yes,4,PayPal,Quarterly,2,0.65,0.061224489795918366,0.3556122448979592,Mid Value,0.25,0.1556122448979592,0.12448979591836735,2,Satisfied,Low Loyalty
536,56,Male,T-shirt,Clothing,45,West Virginia,L,Maroon,Spring,3.2,Yes,Free Shipping,Yes,24,Bank Transfer,Weekly,5,0.3125,0.46938775510204084,0.39094387755102045,Mid Value,1.0,0.7346938775510204,0.5877551020408164,2,Unsatisfied,Mid Loyalty
537,44,Male,Jacket,Outerwear,84,Illinois,S,Maroon,Fall,4.4,Yes,Store Pickup,Yes,16,Debit Card,Quarterly,2,0.8,0.30612244897959184,0.5530612244897959,Mid Value,0.25,0.2780612244897959,0.22244897959183674,2,Satisfied,Low Loyalty
538,50,Male,Blouse,Clothing,49,Virginia,S,Turquoise,Summer,3.0,Yes,Store Pickup,Yes,14,Debit Card,Annually,1,0.3625,0.2653061224489796,0.3139030612244898,Low Value,0.0,0.1326530612244898,0.10612244897959185,2,Unsatisfied,Low Loyalty
539,27,Male,Socks,Clothing,22,Virginia,XL,Green,Spring,3.2,Yes,Free Shipping,Yes,43,Cash,Weekly,5,0.025,0.8571428571428571,0.44107142857142856,Mid Value,1.0,0.9285714285714286,0.7428571428571429,2,Unsatisfied,High Loyalty
540,49,Male,Coat,Outerwear,48,Wyoming,M,Violet,Winter,4.0,Yes,Store Pickup,Yes,49,Debit Card,Weekly,5,0.35,0.9795918367346939,0.6647959183673469,Mid Value,1.0,0.9897959183673469,0.7918367346938776,2,Satisfied,High Loyalty
541,49,Male,Dress,Clothing,37,South Carolina,M,Lavender,Spring,3.1,Yes,Next Day Air,Yes,33,Cash,Quarterly,2,0.2125,0.6530612244897959,0.43278061224489794,Mid Value,0.25,0.45153061224489793,0.36122448979591837,2,Unsatisfied,Mid Loyalty
542,52,Male,Jacket,Outerwear,27,Connecticut,L,Gray,Fall,2.8,Yes,Next Day Air,Yes,45,Cash,Fortnightly,4,0.0875,0.8979591836734694,0.4927295918367347,Mid Value,0.75,0.8239795918367347,0.6591836734693879,2,Unsatisfied,Mid Loyalty
543,27,Male,Boots,Footwear,79,Illinois,XL,Teal,Spring,4.6,Yes,Next Day Air,Yes,35,Cash,Fortnightly,4,0.7375,0.6938775510204082,0.7156887755102042,High Value,0.75,0.721938775510204,0.5775510204081632,2,Satisfied,Mid Loyalty
544,53,Male,Skirt,Clothing,98,Alabama,S,Red,Spring,4.3,Yes,Express,Yes,11,Credit Card,Monthly,3,0.975,0.20408163265306123,0.5895408163265305,Mid Value,0.5,0.3520408163265306,0.2816326530612245,2,Satisfied,Low Loyalty
545,34,Male,Sandals,Footwear,64,Washington,S,Yellow,Summer,3.3,Yes,Standard,Yes,30,Bank Transfer,Quarterly,2,0.55,0.5918367346938775,0.5709183673469388,Mid Value,0.25,0.42091836734693877,0.33673469387755106,2,Unsatisfied,Mid Loyalty
546,33,Male,Coat,Outerwear,32,Alabama,L,Magenta,Summer,3.5,Yes,2-Day Shipping,Yes,48,Debit Card,Annually,1,0.15,0.9591836734693877,0.5545918367346938,Mid Value,0.0,0.47959183673469385,0.3836734693877551,2,Unsatisfied,Mid Loyalty
547,62,Male,Hoodie,Clothing,74,New Mexico,M,Brown,Winter,3.4,Yes,Free Shipping,Yes,45,Venmo,Fortnightly,4,0.675,0.8979591836734694,0.7864795918367347,High Value,0.75,0.8239795918367347,0.6591836734693879,2,Unsatisfied,Mid Loyalty
548,38,Male,Jacket,Outerwear,50,Nevada,M,Blue,Winter,2.8,Yes,Free Shipping,Yes,26,Venmo,Weekly,5,0.375,0.5102040816326531,0.44260204081632654,Mid Value,1.0,0.7551020408163265,0.6040816326530613,2,Unsatisfied,Mid Loyalty
549,36,Male,Backpack,Accessories,64,Nebraska,M,Black,Winter,4.6,Yes,Store Pickup,Yes,41,Debit Card,Quarterly,2,0.55,0.8163265306122449,0.6831632653061225,High Value,0.25,0.5331632653061225,0.42653061224489797,2,Satisfied,Mid Loyalty
550,31,Male,Backpack,Accessories,29,Arizona,S,Olive,Fall,3.6,Yes,Express,Yes,37,Venmo,Fortnightly,4,0.1125,0.7346938775510204,0.42359693877551025,Mid Value,0.75,0.7423469387755102,0.5938775510204082,2,Unsatisfied,Mid Loyalty
551,62,Male,Belt,Accessories,62,Georgia,M,Olive,Summer,3.3,Yes,Store Pickup,Yes,12,PayPal,Weekly,5,0.525,0.22448979591836735,0.3747448979591837,Mid Value,1.0,0.6122448979591837,0.489795918367347,2,Unsatisfied,Mid Loyalty
552,29,Male,Coat,Outerwear,78,Idaho,XL,Green,Fall,3.1,Yes,2-Day Shipping,Yes,27,Cash,Fortnightly,4,0.725,0.5306122448979592,0.6278061224489796,Mid Value,0.75,0.6403061224489797,0.5122448979591837,2,Unsatisfied,Mid Loyalty
553,24,Male,T-shirt,Clothing,94,Missouri,M,Peach,Fall,3.5,Yes,Express,Yes,18,Bank Transfer,Weekly,5,0.925,0.3469387755102041,0.635969387755102,Mid Value,1.0,0.673469387755102,0.5387755102040817,2,Unsatisfied,Mid Loyalty
554,63,Male,Sunglasses,Accessories,59,Florida,M,White,Winter,3.2,Yes,Express,Yes,15,Credit Card,Quarterly,2,0.4875,0.2857142857142857,0.3866071428571428,Mid Value,0.25,0.26785714285714285,0.2142857142857143,2,Unsatisfied,Low Loyalty
555,56,Male,Sneakers,Footwear,47,Minnesota,M,Red,Summer,3.0,Yes,Express,Yes,34,Bank Transfer,Weekly,5,0.3375,0.673469387755102,0.505484693877551,Mid Value,1.0,0.8367346938775511,0.6693877551020408,2,Unsatisfied,High Loyalty
556,63,Male,Gloves,Accessories,57,Maine,M,White,Fall,4.8,Yes,Express,Yes,37,Venmo,Annually,1,0.4625,0.7346938775510204,0.5985969387755102,Mid Value,0.0,0.3673469387755102,0.2938775510204082,2,Satisfied,Low Loyalty
557,40,Male,Coat,Outerwear,90,Montana,L,Indigo,Winter,5.0,Yes,Store Pickup,Yes,21,Cash,Fortnightly,4,0.875,0.40816326530612246,0.6415816326530612,Mid Value,0.75,0.5790816326530612,0.463265306122449,2,Satisfied,Mid Loyalty
558,18,Male,Shirt,Clothing,60,Alaska,M,White,Spring,2.9,Yes,Free Shipping,Yes,31,Debit Card,Weekly,5,0.5,0.6122448979591837,0.5561224489795918,Mid Value,1.0,0.8061224489795918,0.6448979591836735,2,Unsatisfied,Mid Loyalty
559,50,Male,Sneakers,Footwear,77,Iowa,L,Teal,Fall,3.2,Yes,Express,Yes,43,Debit Card,Quarterly,2,0.7125,0.8571428571428571,0.7848214285714286,High Value,0.25,0.5535714285714286,0.4428571428571429,2,Unsatisfied,Mid Loyalty
560,66,Male,Scarf,Accessories,41,Arizona,M,Indigo,Fall,2.9,Yes,Store Pickup,Yes,22,Bank Transfer,Monthly,3,0.2625,0.42857142857142855,0.3455357142857143,Mid Value,0.5,0.4642857142857143,0.37142857142857144,2,Unsatisfied,Mid Loyalty
561,25,Male,Jewelry,Accessories,48,Louisiana,L,Red,Fall,3.8,Yes,Free Shipping,Yes,12,Debit Card,Annually,1,0.35,0.22448979591836735,0.2872448979591837,Low Value,0.0,0.11224489795918367,0.08979591836734695,2,Unsatisfied,Low Loyalty
562,65,Male,Jacket,Outerwear,65,Alabama,M,Blue,Fall,2.6,Yes,Next Day Air,Yes,25,PayPal,Fortnightly,4,0.5625,0.4897959183673469,0.5261479591836735,Mid Value,0.75,0.6198979591836735,0.49591836734693884,2,Unsatisfied,Mid Loyalty
563,53,Male,Jeans,Clothing,62,Missouri,M,Blue,Summer,3.5,Yes,Standard,Yes,40,Debit Card,Annually,1,0.525,0.7959183673469388,0.6604591836734695,Mid Value,0.0,0.3979591836734694,0.31836734693877555,2,Unsatisfied,Low Loyalty
564,61,Male,Shoes,Footwear,99,Idaho,M,Black,Fall,4.4,Yes,Standard,Yes,16,Debit Card,Quarterly,2,0.9875,0.30612244897959184,0.6468112244897959,Mid Value,0.25,0.2780612244897959,0.22244897959183674,2,Satisfied,Low Loyalty
565,67,Male,Hoodie,Clothing,58,Florida,M,Olive,Winter,3.4,Yes,Next Day Air,Yes,30,Bank Transfer,Weekly,5,0.475,0.5918367346938775,0.5334183673469388,Mid Value,1.0,0.7959183673469388,0.6367346938775511,2,Unsatisfied,Mid Loyalty
566,59,Male,Backpack,Accessories,43,Idaho,L,Lavender,Fall,4.2,Yes,Store Pickup,Yes,10,Venmo,Weekly,5,0.2875,0.1836734693877551,0.23558673469387753,Low Value,1.0,0.5918367346938775,0.47346938775510206,2,Satisfied,Mid Loyalty
567,55,Male,Sneakers,Footwear,93,Alabama,M,Indigo,Spring,3.6,Yes,Store Pickup,Yes,1,Debit Card,Fortnightly,4,0.9125,0.0,0.45625,Mid Value,0.75,0.375,0.30000000000000004,2,Unsatisfied,Low Loyalty
568,21,Male,Blouse,Clothing,50,New Hampshire,S,Red,Winter,3.0,Yes,Next Day Air,Yes,24,Venmo,Fortnightly,4,0.375,0.46938775510204084,0.42219387755102045,Mid Value,0.75,0.6096938775510204,0.4877551020408164,2,Unsatisfied,Mid Loyalty
569,44,Male,Pants,Clothing,88,Utah,L,Red,Summer,4.0,Yes,Free Shipping,Yes,36,PayPal,Monthly,3,0.85,0.7142857142857143,0.7821428571428571,High Value,0.5,0.6071428571428572,0.48571428571428577,2,Satisfied,Mid Loyalty
570,65,Male,Skirt,Clothing,33,Alabama,M,Pink,Fall,4.4,Yes,Express,Yes,46,Credit Card,Quarterly,2,0.1625,0.9183673469387755,0.5404336734693878,Mid Value,0.25,0.5841836734693877,0.4673469387755102,2,Satisfied,Mid Loyalty
571,65,Male,T-shirt,Clothing,99,Iowa,XL,Purple,Fall,4.1,Yes,Standard,Yes,20,Cash,Annually,1,0.9875,0.3877551020408163,0.6876275510204082,High Value,0.0,0.19387755102040816,0.15510204081632653,2,Satisfied,Low Loyalty
572,54,Male,Jacket,Outerwear,76,Kentucky,XL,Cyan,Spring,3.6,Yes,Free Shipping,Yes,37,Venmo,Weekly,5,0.7,0.7346938775510204,0.7173469387755103,High Value,1.0,0.8673469387755102,0.6938775510204082,2,Unsatisfied,High Loyalty
573,56,Male,Scarf,Accessories,97,South Carolina,XL,Cyan,Summer,4.6,Yes,Next Day Air,Yes,26,Bank Transfer,Annually,1,0.9625,0.5102040816326531,0.7363520408163265,High Value,0.0,0.25510204081632654,0.20408163265306123,2,Satisfied,Low Loyalty
574,58,Male,Pants,Clothing,68,California,M,Charcoal,Summer,3.2,Yes,2-Day Shipping,Yes,23,Credit Card,Fortnightly,4,0.6,0.4489795918367347,0.5244897959183673,Mid Value,0.75,0.5994897959183674,0.4795918367346939,2,Unsatisfied,Mid Loyalty
575,54,Male,Sneakers,Footwear,79,Maine,L,Red,Fall,4.8,Yes,Free Shipping,Yes,20,Bank Transfer,Fortnightly,4,0.7375,0.3877551020408163,0.5626275510204082,Mid Value,0.75,0.5688775510204082,0.45510204081632655,2,Satisfied,Mid Loyalty
576,58,Male,Jeans,Clothing,86,Nebraska,M,Peach,Fall,4.8,Yes,Express,Yes,38,PayPal,Monthly,3,0.825,0.7551020408163265,0.7900510204081632,High Value,0.5,0.6275510204081632,0.5020408163265306,2,Satisfied,Mid Loyalty
577,48,Male,Hat,Accessories,68,Washington,M,Black,Winter,5.0,Yes,2-Day Shipping,Yes,5,Credit Card,Quarterly,2,0.6,0.08163265306122448,0.3408163265306122,Mid Value,0.25,0.16581632653061223,0.1326530612244898,2,Satisfied,Low Loyalty
578,19,Male,Skirt,Clothing,52,Alabama,M,Black,Fall,3.7,Yes,Store Pickup,Yes,41,Venmo,Annually,1,0.4,0.8163265306122449,0.6081632653061224,Mid Value,0.0,0.40816326530612246,0.326530612244898,2,Unsatisfied,Low Loyalty
579,69,Male,Sandals,Footwear,90,Maine,M,Purple,Fall,4.6,Yes,Next Day Air,Yes,22,Credit Card,Fortnightly,4,0.875,0.42857142857142855,0.6517857142857143,Mid Value,0.75,0.5892857142857143,0.4714285714285715,2,Satisfied,Mid Loyalty
580,58,Male,Sandals,Footwear,41,California,M,Violet,Winter,3.7,Yes,Free Shipping,Yes,48,Credit Card,Annually,1,0.2625,0.9591836734693877,0.6108418367346938,Mid Value,0.0,0.47959183673469385,0.3836734693877551,2,Unsatisfied,Mid Loyalty
581,49,Male,Sweater,Clothing,80,Iowa,M,Orange,Spring,4.1,Yes,Free Shipping,Yes,10,PayPal,Weekly,5,0.75,0.1836734693877551,0.46683673469387754,Mid Value,1.0,0.5918367346938775,0.47346938775510206,2,Satisfied,Mid Loyalty
582,32,Male,Sweater,Clothing,100,Iowa,XL,Charcoal,Winter,2.7,Yes,Store Pickup,Yes,12,Bank Transfer,Quarterly,2,1.0,0.22448979591836735,0.6122448979591837,Mid Value,0.25,0.2372448979591837,0.18979591836734697,2,Unsatisfied,Low Loyalty
583,40,Male,Jacket,Outerwear,77,Colorado,L,Turquoise,Spring,4.9,Yes,Store Pickup,Yes,2,Bank Transfer,Quarterly,2,0.7125,0.02040816326530612,0.3664540816326531,Mid Value,0.25,0.13520408163265307,0.10816326530612247,2,Satisfied,Low Loyalty
584,25,Male,Shorts,Clothing,78,California,L,Yellow,Spring,4.0,Yes,Store Pickup,Yes,38,PayPal,Monthly,3,0.725,0.7551020408163265,0.7400510204081632,High Value,0.5,0.6275510204081632,0.5020408163265306,2,Satisfied,Mid Loyalty
585,70,Male,Socks,Clothing,94,Indiana,M,White,Spring,4.7,Yes,Free Shipping,Yes,20,Debit Card,Monthly,3,0.925,0.3877551020408163,0.6563775510204082,Mid Value,0.5,0.44387755102040816,0.35510204081632657,2,Satisfied,Mid Loyalty
586,69,Male,Socks,Clothing,23,South Carolina,M,Gray,Fall,2.8,Yes,Next Day Air,Yes,5,Cash,Quarterly,2,0.0375,0.08163265306122448,0.05956632653061224,Low Value,0.25,0.16581632653061223,0.1326530612244898,2,Unsatisfied,Low Loyalty
587,45,Male,Hoodie,Clothing,20,Wisconsin,S,Blue,Winter,4.9,Yes,2-Day Shipping,Yes,9,Venmo,Annually,1,0.0,0.16326530612244897,0.08163265306122448,Low Value,0.0,0.08163265306122448,0.06530612244897958,2,Satisfied,Low Loyalty
588,29,Male,Socks,Clothing,86,Washington,S,Maroon,Fall,4.2,Yes,Express,Yes,48,Debit Card,Quarterly,2,0.825,0.9591836734693877,0.8920918367346938,High Value,0.25,0.6045918367346939,0.48367346938775513,2,Satisfied,Mid Loyalty
589,47,Male,Boots,Footwear,60,South Dakota,M,Violet,Fall,3.0,Yes,Standard,Yes,9,Debit Card,Quarterly,2,0.5,0.16326530612244897,0.33163265306122447,Low Value,0.25,0.20663265306122447,0.16530612244897958,2,Unsatisfied,Low Loyalty
590,28,Male,Shirt,Clothing,70,Minnesota,M,Orange,Fall,3.4,Yes,2-Day Shipping,Yes,40,PayPal,Annually,1,0.625,0.7959183673469388,0.7104591836734694,High Value,0.0,0.3979591836734694,0.31836734693877555,2,Unsatisfied,Low Loyalty
591,64,Male,Belt,Accessories,39,Alaska,S,Turquoise,Fall,4.6,Yes,Standard,Yes,30,Venmo,Fortnightly,4,0.2375,0.5918367346938775,0.4146683673469388,Mid Value,0.75,0.6709183673469388,0.536734693877551,2,Satisfied,Mid Loyalty
592,47,Male,Backpack,Accessories,37,Kentucky,L,Olive,Fall,4.2,Yes,Store Pickup,Yes,6,Debit Card,Fortnightly,4,0.2125,0.10204081632653061,0.15727040816326532,Low Value,0.75,0.4260204081632653,0.3408163265306123,2,Satisfied,Mid Loyalty
593,60,Male,Boots,Footwear,29,North Dakota,M,Brown,Fall,3.2,Yes,Free Shipping,Yes,42,Venmo,Quarterly,2,0.1125,0.8367346938775511,0.47461734693877555,Mid Value,0.25,0.5433673469387755,0.43469387755102046,2,Unsatisfied,Mid Loyalty
594,67,Male,Coat,Outerwear,35,Alaska,S,Green,Winter,4.4,Yes,Store Pickup,Yes,9,PayPal,Quarterly,2,0.1875,0.16326530612244897,0.17538265306122447,Low Value,0.25,0.20663265306122447,0.16530612244897958,2,Satisfied,Low Loyalty
595,35,Male,Hoodie,Clothing,83,Oklahoma,S,Brown,Winter,2.5,Yes,Next Day Air,Yes,6,Debit Card,Monthly,3,0.7875,0.10204081632653061,0.4447704081632653,Mid Value,0.5,0.3010204081632653,0.24081632653061225,2,Unsatisfied,Low Loyalty
596,30,Male,Shoes,Footwear,77,Delaware,M,Silver,Summer,3.6,Yes,Next Day Air,Yes,47,PayPal,Quarterly,2,0.7125,0.9387755102040817,0.8256377551020408,High Value,0.25,0.5943877551020409,0.47551020408163275,2,Unsatisfied,Mid Loyalty
597,23,Male,Shoes,Footwear,37,Montana,XL,White,Summer,4.5,Yes,Store Pickup,Yes,36,Venmo,Annually,1,0.2125,0.7142857142857143,0.46339285714285716,Mid Value,0.0,0.35714285714285715,0.28571428571428575,2,Satisfied,Low Loyalty
598,70,Male,Jewelry,Accessories,69,Alaska,L,Gold,Summer,3.4,Yes,Standard,Yes,19,Bank Transfer,Fortnightly,4,0.6125,0.3673469387755102,0.4899234693877551,Mid Value,0.75,0.5586734693877551,0.4469387755102041,2,Unsatisfied,Mid Loyalty
599,21,Male,Dress,Clothing,66,California,L,Green,Winter,3.2,Yes,2-Day Shipping,Yes,30,Cash,Quarterly,2,0.575,0.5918367346938775,0.5834183673469387,Mid Value,0.25,0.42091836734693877,0.33673469387755106,2,Unsatisfied,Mid Loyalty
600,51,Male,Boots,Footwear,26,Massachusetts,L,Teal,Spring,4.2,Yes,Standard,Yes,27,Debit Card,Quarterly,2,0.075,0.5306122448979592,0.3028061224489796,Low Value,0.25,0.3903061224489796,0.3122448979591837,2,Satisfied,Low Loyalty
601,22,Male,Hat,Accessories,63,South Carolina,M,Charcoal,Spring,5.0,Yes,2-Day Shipping,Yes,25,Venmo,Monthly,3,0.5375,0.4897959183673469,0.5136479591836735,Mid Value,0.5,0.49489795918367346,0.3959183673469388,2,Satisfied,Mid Loyalty
602,32,Male,Backpack,Accessories,38,West Virginia,M,Maroon,Summer,4.7,Yes,Store Pickup,Yes,5,Cash,Fortnightly,4,0.225,0.08163265306122448,0.15331632653061225,Low Value,0.75,0.41581632653061223,0.3326530612244898,2,Satisfied,Low Loyalty
603,37,Male,Shoes,Footwear,58,Oregon,L,Lavender,Summer,4.2,Yes,Next Day Air,Yes,10,Cash,Quarterly,2,0.475,0.1836734693877551,0.32933673469387753,Low Value,0.25,0.21683673469387754,0.17346938775510204,2,Satisfied,Low Loyalty
604,31,Male,Handbag,Accessories,46,Massachusetts,L,Green,Winter,3.4,Yes,2-Day Shipping,Yes,26,PayPal,Quarterly,2,0.325,0.5102040816326531,0.41760204081632657,Mid Value,0.25,0.38010204081632654,0.30408163265306126,2,Unsatisfied,Low Loyalty
605,44,Male,Sunglasses,Accessories,92,West Virginia,S,Pink,Fall,4.4,Yes,Store Pickup,Yes,11,Credit Card,Quarterly,2,0.9,0.20408163265306123,0.5520408163265307,Mid Value,0.25,0.22704081632653061,0.1816326530612245,2,Satisfied,Low Loyalty
606,40,Male,Hat,Accessories,32,California,XL,Charcoal,Winter,4.2,Yes,Standard,Yes,17,Bank Transfer,Weekly,5,0.15,0.32653061224489793,0.23826530612244895,Low Value,1.0,0.6632653061224489,0.5306122448979592,2,Satisfied,Mid Loyalty
607,27,Male,Scarf,Accessories,90,Colorado,M,Blue,Spring,4.5,Yes,Standard,Yes,44,PayPal,Monthly,3,0.875,0.8775510204081632,0.8762755102040816,High Value,0.5,0.6887755102040816,0.5510204081632653,2,Satisfied,Mid Loyalty
608,47,Male,Hoodie,Clothing,23,Indiana,L,Purple,Fall,2.8,Yes,Next Day Air,Yes,44,Cash,Monthly,3,0.0375,0.8775510204081632,0.4575255102040816,Mid Value,0.5,0.6887755102040816,0.5510204081632653,2,Unsatisfied,Mid Loyalty
609,41,Male,Backpack,Accessories,25,Delaware,S,Gold,Fall,3.3,Yes,Next Day Air,Yes,21,Venmo,Quarterly,2,0.0625,0.40816326530612246,0.23533163265306123,Low Value,0.25,0.32908163265306123,0.26326530612244897,2,Unsatisfied,Low Loyalty
610,51,Male,Sweater,Clothing,54,Ohio,L,Purple,Fall,4.6,Yes,Next Day Air,Yes,49,Credit Card,Fortnightly,4,0.425,0.9795918367346939,0.702295918367347,High Value,0.75,0.8647959183673469,0.6918367346938776,2,Satisfied,High Loyalty
611,53,Male,Shorts,Clothing,72,Oklahoma,M,Charcoal,Summer,2.5,Yes,Free Shipping,Yes,27,Bank Transfer,Quarterly,2,0.65,0.5306122448979592,0.5903061224489796,Mid Value,0.25,0.3903061224489796,0.3122448979591837,2,Unsatisfied,Low Loyalty
612,43,Male,Scarf,Accessories,33,California,M,Black,Winter,4.7,Yes,Store Pickup,Yes,19,Cash,Monthly,3,0.1625,0.3673469387755102,0.26492346938775513,Low Value,0.5,0.4336734693877551,0.3469387755102041,2,Satisfied,Mid Loyalty
613,67,Male,Hat,Accessories,43,New Hampshire,L,Lavender,Fall,4.6,Yes,Express,Yes,33,Credit Card,Quarterly,2,0.2875,0.6530612244897959,0.4702806122448979,Mid Value,0.25,0.45153061224489793,0.36122448979591837,2,Satisfied,Mid Loyalty
614,61,Male,Coat,Outerwear,51,Pennsylvania,L,Lavender,Fall,2.6,Yes,Standard,Yes,46,Cash,Fortnightly,4,0.3875,0.9183673469387755,0.6529336734693878,Mid Value,0.75,0.8341836734693877,0.6673469387755102,2,Unsatisfied,High Loyalty
615,68,Male,Jewelry,Accessories,85,Idaho,M,Lavender,Winter,4.0,Yes,Standard,Yes,21,Credit Card,Fortnightly,4,0.8125,0.40816326530612246,0.6103316326530612,Mid Value,0.75,0.5790816326530612,0.463265306122449,2,Satisfied,Mid Loyalty
616,67,Male,Sandals,Footwear,100,Maryland,L,Olive,Summer,2.6,Yes,Next Day Air,Yes,23,Venmo,Annually,1,1.0,0.4489795918367347,0.7244897959183674,High Value,0.0,0.22448979591836735,0.1795918367346939,2,Unsatisfied,Low Loyalty
617,29,Male,Gloves,Accessories,72,Pennsylvania,L,Teal,Spring,4.6,Yes,Free Shipping,Yes,38,Credit Card,Quarterly,2,0.65,0.7551020408163265,0.7025510204081633,High Value,0.25,0.5025510204081632,0.4020408163265306,2,Satisfied,Mid Loyalty
618,50,Male,Backpack,Accessories,57,Colorado,M,Maroon,Fall,2.6,Yes,Standard,Yes,2,Bank Transfer,Quarterly,2,0.4625,0.02040816326530612,0.24145408163265308,Low Value,0.25,0.13520408163265307,0.10816326530612247,2,Unsatisfied,Low Loyalty
619,61,Male,Jacket,Outerwear,94,Indiana,L,Cyan,Spring,4.0,Yes,Express,Yes,21,Debit Card,Fortnightly,4,0.925,0.40816326530612246,0.6665816326530613,Mid Value,0.75,0.5790816326530612,0.463265306122449,2,Satisfied,Mid Loyalty
620,19,Male,Backpack,Accessories,34,Nebraska,M,Charcoal,Summer,4.6,Yes,Store Pickup,Yes,1,Debit Card,Quarterly,2,0.175,0.0,0.0875,Low Value,0.25,0.125,0.1,2,Satisfied,Low Loyalty
621,33,Male,Backpack,Accessories,89,Rhode Island,M,Black,Fall,3.7,Yes,2-Day Shipping,Yes,10,Venmo,Quarterly,2,0.8625,0.1836734693877551,0.5230867346938776,Mid Value,0.25,0.21683673469387754,0.17346938775510204,2,Unsatisfied,Low Loyalty
622,51,Male,Sunglasses,Accessories,27,Kansas,S,Red,Fall,4.4,Yes,Store Pickup,Yes,45,Credit Card,Weekly,5,0.0875,0.8979591836734694,0.4927295918367347,Mid Value,1.0,0.9489795918367347,0.7591836734693879,2,Satisfied,High Loyalty
623,69,Male,Socks,Clothing,63,Georgia,S,Peach,Spring,4.0,Yes,Next Day Air,Yes,44,Bank Transfer,Fortnightly,4,0.5375,0.8775510204081632,0.7075255102040816,High Value,0.75,0.8137755102040816,0.6510204081632653,2,Satisfied,Mid Loyalty
624,19,Male,Shoes,Footwear,70,Nevada,M,White,Fall,4.7,Yes,Standard,Yes,48,PayPal,Fortnightly,4,0.625,0.9591836734693877,0.7920918367346939,High Value,0.75,0.8545918367346939,0.6836734693877551,2,Satisfied,High Loyalty
625,55,Male,Pants,Clothing,87,South Carolina,XL,Pink,Fall,3.4,Yes,Express,Yes,21,PayPal,Annually,1,0.8375,0.40816326530612246,0.6228316326530612,Mid Value,0.0,0.20408163265306123,0.163265306122449,2,Unsatisfied,Low Loyalty
626,49,Male,Jewelry,Accessories,79,Delaware,M,Red,Fall,4.0,Yes,Next Day Air,Yes,1,Venmo,Weekly,5,0.7375,0.0,0.36875,Mid Value,1.0,0.5,0.4,2,Satisfied,Mid Loyalty
627,31,Male,Sunglasses,Accessories,79,New Hampshire,M,Indigo,Spring,3.9,Yes,Standard,Yes,10,Venmo,Annually,1,0.7375,0.1836734693877551,0.46058673469387756,Mid Value,0.0,0.09183673469387756,0.07346938775510205,2,Satisfied,Low Loyalty
628,42,Male,Sandals,Footwear,44,Oregon,L,Black,Winter,4.1,Yes,Express,Yes,24,PayPal,Monthly,3,0.3,0.46938775510204084,0.3846938775510204,Mid Value,0.5,0.48469387755102045,0.38775510204081637,2,Satisfied,Mid Loyalty
629,69,Male,Sweater,Clothing,85,Massachusetts,M,White,Fall,3.8,Yes,2-Day Shipping,Yes,29,Credit Card,Monthly,3,0.8125,0.5714285714285714,0.6919642857142857,High Value,0.5,0.5357142857142857,0.4285714285714286,2,Unsatisfied,Mid Loyalty
630,26,Male,Shoes,Footwear,90,Vermont,L,Beige,Spring,4.7,Yes,Standard,Yes,11,Debit Card,Annually,1,0.875,0.20408163265306123,0.5395408163265306,Mid Value,0.0,0.10204081632653061,0.0816326530612245,2,Satisfied,Low Loyalty
631,41,Male,Jewelry,Accessories,94,Mississippi,S,Silver,Fall,4.3,Yes,2-Day Shipping,Yes,33,Debit Card,Annually,1,0.925,0.6530612244897959,0.789030612244898,High Value,0.0,0.32653061224489793,0.26122448979591834,2,Satisfied,Low Loyalty
632,55,Male,Boots,Footwear,68,Washington,S,Violet,Summer,4.1,Yes,Store Pickup,Yes,27,Cash,Fortnightly,4,0.6,0.5306122448979592,0.5653061224489796,Mid Value,0.75,0.6403061224489797,0.5122448979591837,2,Satisfied,Mid Loyalty
633,35,Male,Backpack,Accessories,51,Wyoming,M,Red,Winter,3.9,Yes,Next Day Air,Yes,19,Venmo,Fortnightly,4,0.3875,0.3673469387755102,0.3774234693877551,Mid Value,0.75,0.5586734693877551,0.4469387755102041,2,Satisfied,Mid Loyalty
634,66,Male,Sandals,Footwear,33,Minnesota,M,Orange,Spring,2.9,Yes,Express,Yes,50,Debit Card,Quarterly,2,0.1625,1.0,0.58125,Mid Value,0.25,0.625,0.5,2,Unsatisfied,Mid Loyalty
635,36,Male,Sneakers,Footwear,60,Ohio,M,Teal,Summer,3.9,Yes,Standard,Yes,46,PayPal,Weekly,5,0.5,0.9183673469387755,0.7091836734693877,High Value,1.0,0.9591836734693877,0.7673469387755102,2,Satisfied,High Loyalty
636,27,Male,Hoodie,Clothing,59,South Carolina,M,Brown,Fall,4.3,Yes,2-Day Shipping,Yes,28,Cash,Quarterly,2,0.4875,0.5510204081632653,0.5192602040816326,Mid Value,0.25,0.4005102040816326,0.32040816326530613,2,Satisfied,Low Loyalty
637,41,Male,Handbag,Accessories,30,Wisconsin,M,Indigo,Summer,2.8,Yes,Store Pickup,Yes,14,Bank Transfer,Quarterly,2,0.125,0.2653061224489796,0.1951530612244898,Low Value,0.25,0.25765306122448983,0.20612244897959187,2,Unsatisfied,Low Loyalty
638,21,Male,Sweater,Clothing,20,Tennessee,M,Cyan,Winter,3.4,Yes,2-Day Shipping,Yes,46,Cash,Fortnightly,4,0.0,0.9183673469387755,0.45918367346938777,Mid Value,0.75,0.8341836734693877,0.6673469387755102,2,Unsatisfied,High Loyalty
639,53,Male,Sandals,Footwear,20,Maryland,S,Blue,Summer,2.7,Yes,Express,Yes,41,PayPal,Monthly,3,0.0,0.8163265306122449,0.40816326530612246,Mid Value,0.5,0.6581632653061225,0.5265306122448979,2,Unsatisfied,Mid Loyalty
640,54,Male,Dress,Clothing,24,Mississippi,L,Olive,Spring,4.0,Yes,2-Day Shipping,Yes,50,Credit Card,Annually,1,0.05,1.0,0.525,Mid Value,0.0,0.5,0.4,2,Satisfied,Mid Loyalty
641,53,Male,Skirt,Clothing,88,Minnesota,M,Gray,Summer,4.4,Yes,Store Pickup,Yes,28,Debit Card,Fortnightly,4,0.85,0.5510204081632653,0.7005102040816327,High Value,0.75,0.6505102040816326,0.5204081632653061,2,Satisfied,Mid Loyalty
642,47,Male,Blouse,Clothing,78,Alaska,M,Red,Winter,3.9,Yes,2-Day Shipping,Yes,23,Credit Card,Quarterly,2,0.725,0.4489795918367347,0.5869897959183673,Mid Value,0.25,0.3494897959183674,0.2795918367346939,2,Satisfied,Low Loyalty
643,64,Male,Skirt,Clothing,25,Arkansas,L,Red,Spring,2.8,Yes,2-Day Shipping,Yes,14,Debit Card,Fortnightly,4,0.0625,0.2653061224489796,0.1639030612244898,Low Value,0.75,0.5076530612244898,0.4061224489795919,2,Unsatisfied,Mid Loyalty
644,18,Male,Sweater,Clothing,57,Oregon,XL,Green,Winter,3.2,Yes,Next Day Air,Yes,10,Bank Transfer,Quarterly,2,0.4625,0.1836734693877551,0.32308673469387755,Low Value,0.25,0.21683673469387754,0.17346938775510204,2,Unsatisfied,Low Loyalty
645,68,Male,Backpack,Accessories,93,Louisiana,S,Blue,Summer,4.3,Yes,Next Day Air,Yes,37,Cash,Weekly,5,0.9125,0.7346938775510204,0.8235969387755102,High Value,1.0,0.8673469387755102,0.6938775510204082,2,Satisfied,High Loyalty
646,62,Male,Hoodie,Clothing,42,Oklahoma,S,Purple,Summer,4.2,Yes,Express,Yes,15,Venmo,Fortnightly,4,0.275,0.2857142857142857,0.28035714285714286,Low Value,0.75,0.5178571428571428,0.41428571428571426,2,Satisfied,Mid Loyalty
647,51,Male,Boots,Footwear,54,Indiana,XL,Pink,Spring,4.9,Yes,Standard,Yes,19,Venmo,Fortnightly,4,0.425,0.3673469387755102,0.3961734693877551,Mid Value,0.75,0.5586734693877551,0.4469387755102041,2,Satisfied,Mid Loyalty
648,54,Male,Blouse,Clothing,70,Mississippi,XL,Charcoal,Summer,3.7,Yes,Express,Yes,23,Credit Card,Fortnightly,4,0.625,0.4489795918367347,0.5369897959183674,Mid Value,0.75,0.5994897959183674,0.4795918367346939,2,Unsatisfied,Mid Loyalty
649,22,Male,Hoodie,Clothing,31,Michigan,M,Brown,Winter,4.1,Yes,Store Pickup,Yes,35,Credit Card,Weekly,5,0.1375,0.6938775510204082,0.4156887755102041,Mid Value,1.0,0.846938775510204,0.6775510204081633,2,Satisfied,High Loyalty
650,53,Male,Pants,Clothing,93,Delaware,L,Orange,Spring,4.2,Yes,Store Pickup,Yes,33,PayPal,Quarterly,2,0.9125,0.6530612244897959,0.7827806122448979,High Value,0.25,0.45153061224489793,0.36122448979591837,2,Satisfied,Mid Loyalty
651,34,Male,Gloves,Accessories,40,Florida,M,Magenta,Spring,3.9,Yes,Next Day Air,Yes,12,Bank Transfer,Annually,1,0.25,0.22448979591836735,0.2372448979591837,Low Value,0.0,0.11224489795918367,0.08979591836734695,2,Satisfied,Low Loyalty
652,32,Male,Hat,Accessories,32,Arkansas,L,Yellow,Summer,2.9,Yes,Next Day Air,Yes,41,Venmo,Fortnightly,4,0.15,0.8163265306122449,0.48316326530612247,Mid Value,0.75,0.7831632653061225,0.626530612244898,2,Unsatisfied,Mid Loyalty
653,64,Male,Sunglasses,Accessories,27,Minnesota,M,Beige,Winter,3.1,Yes,Free Shipping,Yes,27,Venmo,Weekly,5,0.0875,0.5306122448979592,0.3090561224489796,Low Value,1.0,0.7653061224489797,0.6122448979591838,2,Unsatisfied,Mid Loyalty
654,20,Male,Scarf,Accessories,68,North Dakota,M,Olive,Winter,3.6,Yes,2-Day Shipping,Yes,45,Cash,Fortnightly,4,0.6,0.8979591836734694,0.7489795918367347,High Value,0.75,0.8239795918367347,0.6591836734693879,2,Unsatisfied,Mid Loyalty
655,24,Male,Handbag,Accessories,59,California,L,Gray,Summer,4.4,Yes,2-Day Shipping,Yes,23,Venmo,Annually,1,0.4875,0.4489795918367347,0.46823979591836734,Mid Value,0.0,0.22448979591836735,0.1795918367346939,2,Satisfied,Low Loyalty
656,20,Male,Handbag,Accessories,36,Mississippi,S,Purple,Fall,3.1,Yes,Free Shipping,Yes,19,Venmo,Monthly,3,0.2,0.3673469387755102,0.2836734693877551,Low Value,0.5,0.4336734693877551,0.3469387755102041,2,Unsatisfied,Mid Loyalty
657,42,Male,Jeans,Clothing,23,Pennsylvania,M,Beige,Summer,3.9,Yes,Standard,Yes,6,PayPal,Quarterly,2,0.0375,0.10204081632653061,0.06977040816326531,Low Value,0.25,0.1760204081632653,0.14081632653061224,2,Satisfied,Low Loyalty
658,48,Male,Jacket,Outerwear,80,Arizona,M,White,Winter,4.3,Yes,Free Shipping,Yes,6,PayPal,Quarterly,2,0.75,0.10204081632653061,0.4260204081632653,Mid Value,0.25,0.1760204081632653,0.14081632653061224,2,Satisfied,Low Loyalty
659,62,Male,Backpack,Accessories,37,Louisiana,S,White,Fall,4.9,Yes,Store Pickup,Yes,20,Venmo,Weekly,5,0.2125,0.3877551020408163,0.30012755102040817,Low Value,1.0,0.6938775510204082,0.5551020408163265,2,Satisfied,Mid Loyalty
660,62,Male,Shorts,Clothing,52,Virginia,S,Gold,Spring,3.6,Yes,2-Day Shipping,Yes,8,Cash,Weekly,5,0.4,0.14285714285714285,0.27142857142857146,Low Value,1.0,0.5714285714285714,0.45714285714285713,2,Unsatisfied,Mid Loyalty
661,50,Male,Coat,Outerwear,79,Montana,M,Olive,Fall,5.0,Yes,2-Day Shipping,Yes,39,Credit Card,Quarterly,2,0.7375,0.7755102040816326,0.7565051020408163,High Value,0.25,0.5127551020408163,0.4102040816326531,2,Satisfied,Mid Loyalty
662,57,Male,Shirt,Clothing,68,Iowa,XL,Green,Fall,4.1,Yes,Store Pickup,Yes,39,Credit Card,Quarterly,2,0.6,0.7755102040816326,0.6877551020408164,High Value,0.25,0.5127551020408163,0.4102040816326531,2,Satisfied,Mid Loyalty
663,24,Male,Gloves,Accessories,98,Illinois,L,Magenta,Fall,2.8,Yes,Express,Yes,39,Venmo,Fortnightly,4,0.975,0.7755102040816326,0.8752551020408164,High Value,0.75,0.7627551020408163,0.610204081632653,2,Unsatisfied,Mid Loyalty
664,59,Male,Dress,Clothing,83,Alaska,M,Charcoal,Fall,4.7,Yes,Express,Yes,23,Credit Card,Monthly,3,0.7875,0.4489795918367347,0.6182397959183673,Mid Value,0.5,0.4744897959183674,0.37959183673469393,2,Satisfied,Mid Loyalty
665,63,Male,Pants,Clothing,83,Colorado,M,Indigo,Winter,4.4,Yes,Express,Yes,41,PayPal,Fortnightly,4,0.7875,0.8163265306122449,0.8019132653061225,High Value,0.75,0.7831632653061225,0.626530612244898,2,Satisfied,Mid Loyalty
666,41,Male,Pants,Clothing,55,New Mexico,M,Peach,Spring,4.9,Yes,2-Day Shipping,Yes,50,Credit Card,Annually,1,0.4375,1.0,0.71875,High Value,0.0,0.5,0.4,2,Satisfied,Mid Loyalty
667,35,Male,Hoodie,Clothing,26,Colorado,L,Turquoise,Winter,3.1,Yes,Free Shipping,Yes,30,Debit Card,Quarterly,2,0.075,0.5918367346938775,0.33341836734693875,Low Value,0.25,0.42091836734693877,0.33673469387755106,2,Unsatisfied,Mid Loyalty
668,34,Male,Sunglasses,Accessories,76,Arizona,S,Blue,Winter,2.6,Yes,Standard,Yes,32,Bank Transfer,Quarterly,2,0.7,0.6326530612244898,0.6663265306122449,Mid Value,0.25,0.4413265306122449,0.35306122448979593,2,Unsatisfied,Mid Loyalty
669,49,Male,T-shirt,Clothing,85,Hawaii,S,Turquoise,Fall,2.9,Yes,Express,Yes,35,Bank Transfer,Monthly,3,0.8125,0.6938775510204082,0.753188775510204,High Value,0.5,0.596938775510204,0.4775510204081632,2,Unsatisfied,Mid Loyalty
670,43,Male,Jacket,Outerwear,89,Illinois,M,Gray,Spring,3.3,Yes,Free Shipping,Yes,45,Venmo,Fortnightly,4,0.8625,0.8979591836734694,0.8802295918367347,High Value,0.75,0.8239795918367347,0.6591836734693879,2,Unsatisfied,Mid Loyalty
671,63,Male,Sweater,Clothing,41,Louisiana,XL,Purple,Spring,4.8,Yes,Next Day Air,Yes,37,Cash,Fortnightly,4,0.2625,0.7346938775510204,0.49859693877551026,Mid Value,0.75,0.7423469387755102,0.5938775510204082,2,Satisfied,Mid Loyalty
672,38,Male,Jacket,Outerwear,30,Iowa,L,Black,Winter,4.7,Yes,Express,Yes,45,Cash,Weekly,5,0.125,0.8979591836734694,0.5114795918367347,Mid Value,1.0,0.9489795918367347,0.7591836734693879,2,Satisfied,High Loyalty
673,59,Male,Socks,Clothing,53,Washington,M,Peach,Winter,3.3,Yes,2-Day Shipping,Yes,29,Cash,Quarterly,2,0.4125,0.5714285714285714,0.4919642857142857,Mid Value,0.25,0.4107142857142857,0.32857142857142857,2,Unsatisfied,Low Loyalty
674,35,Male,Shirt,Clothing,66,Oklahoma,M,Indigo,Spring,4.2,Yes,Free Shipping,Yes,27,Venmo,Fortnightly,4,0.575,0.5306122448979592,0.5528061224489795,Mid Value,0.75,0.6403061224489797,0.5122448979591837,2,Satisfied,Mid Loyalty
675,48,Male,Jewelry,Accessories,33,Washington,XL,Beige,Winter,4.7,Yes,Store Pickup,Yes,36,Bank Transfer,Annually,1,0.1625,0.7142857142857143,0.43839285714285714,Mid Value,0.0,0.35714285714285715,0.28571428571428575,2,Satisfied,Low Loyalty
676,64,Male,Sunglasses,Accessories,86,Arkansas,M,Yellow,Spring,2.6,Yes,2-Day Shipping,Yes,9,Cash,Annually,1,0.825,0.16326530612244897,0.49413265306122445,Mid Value,0.0,0.08163265306122448,0.06530612244897958,2,Unsatisfied,Low Loyalty
677,28,Male,Pants,Clothing,60,Connecticut,M,Peach,Winter,2.9,Yes,2-Day Shipping,Yes,38,Venmo,Fortnightly,4,0.5,0.7551020408163265,0.6275510204081632,Mid Value,0.75,0.7525510204081632,0.6020408163265306,2,Unsatisfied,Mid Loyalty
678,60,Male,Socks,Clothing,62,Washington,S,Turquoise,Summer,2.7,Yes,Express,Yes,41,PayPal,Annually,1,0.525,0.8163265306122449,0.6706632653061224,High Value,0.0,0.40816326530612246,0.326530612244898,2,Unsatisfied,Low Loyalty
679,27,Male,Blouse,Clothing,74,Maine,M,Teal,Fall,3.3,Yes,Store Pickup,Yes,25,Debit Card,Quarterly,2,0.675,0.4897959183673469,0.5823979591836734,Mid Value,0.25,0.36989795918367346,0.29591836734693877,2,Unsatisfied,Low Loyalty
680,56,Male,Sandals,Footwear,95,Michigan,M,Turquoise,Fall,3.4,Yes,Express,Yes,37,Venmo,Fortnightly,4,0.9375,0.7346938775510204,0.8360969387755102,High Value,0.75,0.7423469387755102,0.5938775510204082,2,Unsatisfied,Mid Loyalty
681,58,Male,Sneakers,Footwear,25,Tennessee,M,Magenta,Spring,4.2,Yes,Express,Yes,3,PayPal,Annually,1,0.0625,0.04081632653061224,0.05165816326530612,Low Value,0.0,0.02040816326530612,0.016326530612244896,2,Satisfied,Low Loyalty
682,30,Male,Shirt,Clothing,59,Louisiana,XL,Purple,Winter,3.8,Yes,2-Day Shipping,Yes,24,Credit Card,Quarterly,2,0.4875,0.46938775510204084,0.4784438775510204,Mid Value,0.25,0.35969387755102045,0.2877551020408164,2,Unsatisfied,Low Loyalty
683,23,Male,Jacket,Outerwear,29,Missouri,M,Brown,Summer,4.0,Yes,Standard,Yes,49,Credit Card,Fortnightly,4,0.1125,0.9795918367346939,0.546045918367347,Mid Value,0.75,0.8647959183673469,0.6918367346938776,2,Satisfied,High Loyalty
684,33,Male,Sandals,Footwear,36,Michigan,S,Violet,Winter,2.7,Yes,Free Shipping,Yes,3,Bank Transfer,Monthly,3,0.2,0.04081632653061224,0.12040816326530612,Low Value,0.5,0.27040816326530615,0.21632653061224494,2,Unsatisfied,Low Loyalty
685,63,Male,Hat,Accessories,82,Alabama,M,Yellow,Summer,4.7,Yes,Express,Yes,42,Debit Card,Monthly,3,0.775,0.8367346938775511,0.8058673469387756,High Value,0.5,0.6683673469387755,0.5346938775510205,2,Satisfied,Mid Loyalty
686,70,Male,Blouse,Clothing,71,Massachusetts,XL,Magenta,Winter,3.5,Yes,Standard,Yes,32,Cash,Fortnightly,4,0.6375,0.6326530612244898,0.6350765306122449,Mid Value,0.75,0.6913265306122449,0.553061224489796,2,Unsatisfied,Mid Loyalty
687,70,Male,Sweater,Clothing,35,Indiana,L,Beige,Fall,3.0,Yes,2-Day Shipping,Yes,33,Venmo,Fortnightly,4,0.1875,0.6530612244897959,0.42028061224489793,Mid Value,0.75,0.7015306122448979,0.5612244897959183,2,Unsatisfied,Mid Loyalty
688,19,Male,Gloves,Accessories,38,West Virginia,XL,Turquoise,Winter,3.3,Yes,Free Shipping,Yes,46,Bank Transfer,Quarterly,2,0.225,0.9183673469387755,0.5716836734693878,Mid Value,0.25,0.5841836734693877,0.4673469387755102,2,Unsatisfied,Mid Loyalty
689,25,Male,Scarf,Accessories,59,Michigan,S,Peach,Summer,4.7,Yes,Store Pickup,Yes,44,Venmo,Monthly,3,0.4875,0.8775510204081632,0.6825255102040816,High Value,0.5,0.6887755102040816,0.5510204081632653,2,Satisfied,Mid Loyalty
690,19,Male,Hoodie,Clothing,91,Pennsylvania,M,Orange,Summer,4.7,Yes,Express,Yes,35,Credit Card,Quarterly,2,0.8875,0.6938775510204082,0.7906887755102041,High Value,0.25,0.4719387755102041,0.3775510204081633,2,Satisfied,Mid Loyalty
691,25,Male,Shorts,Clothing,68,Alaska,XL,Red,Spring,4.8,Yes,Standard,Yes,45,Bank Transfer,Weekly,5,0.6,0.8979591836734694,0.7489795918367347,High Value,1.0,0.9489795918367347,0.7591836734693879,2,Satisfied,High Loyalty
692,60,Male,Backpack,Accessories,21,Massachusetts,L,Silver,Summer,2.9,Yes,Standard,Yes,37,PayPal,Fortnightly,4,0.0125,0.7346938775510204,0.3735969387755102,Mid Value,0.75,0.7423469387755102,0.5938775510204082,2,Unsatisfied,Mid Loyalty
693,35,Male,Sunglasses,Accessories,95,North Dakota,M,Cyan,Spring,4.0,Yes,2-Day Shipping,Yes,40,Debit Card,Quarterly,2,0.9375,0.7959183673469388,0.8667091836734694,High Value,0.25,0.5229591836734694,0.41836734693877553,2,Satisfied,Mid Loyalty
694,46,Male,Shorts,Clothing,52,Vermont,L,Turquoise,Spring,3.1,Yes,Free Shipping,Yes,30,Cash,Quarterly,2,0.4,0.5918367346938775,0.4959183673469388,Mid Value,0.25,0.42091836734693877,0.33673469387755106,2,Unsatisfied,Mid Loyalty
695,41,Male,Dress,Clothing,21,Kentucky,S,Charcoal,Fall,3.5,Yes,2-Day Shipping,Yes,38,Venmo,Quarterly,2,0.0125,0.7551020408163265,0.3838010204081632,Mid Value,0.25,0.5025510204081632,0.4020408163265306,2,Unsatisfied,Mid Loyalty
696,30,Male,Shorts,Clothing,67,Nevada,XL,Peach,Summer,3.7,Yes,Next Day Air,Yes,15,Debit Card,Quarterly,2,0.5875,0.2857142857142857,0.43660714285714286,Mid Value,0.25,0.26785714285714285,0.2142857142857143,2,Unsatisfied,Low Loyalty
697,44,Male,Belt,Accessories,42,Utah,L,Green,Fall,2.8,Yes,Standard,Yes,49,Cash,Monthly,3,0.275,0.9795918367346939,0.627295918367347,Mid Value,0.5,0.7397959183673469,0.5918367346938775,2,Unsatisfied,Mid Loyalty
698,61,Male,Scarf,Accessories,63,North Dakota,XL,Brown,Summer,4.6,Yes,Free Shipping,Yes,40,Debit Card,Quarterly,2,0.5375,0.7959183673469388,0.6667091836734693,Mid Value,0.25,0.5229591836734694,0.41836734693877553,2,Satisfied,Mid Loyalty
699,55,Male,Boots,Footwear,41,Iowa,M,Yellow,Winter,3.8,Yes,Standard,Yes,40,Debit Card,Weekly,5,0.2625,0.7959183673469388,0.5292091836734694,Mid Value,1.0,0.8979591836734694,0.7183673469387756,2,Unsatisfied,High Loyalty
700,50,Male,Handbag,Accessories,46,Connecticut,M,Charcoal,Fall,2.6,Yes,2-Day Shipping,Yes,5,PayPal,Weekly,5,0.325,0.08163265306122448,0.20331632653061224,Low Value,1.0,0.5408163265306123,0.4326530612244899,2,Unsatisfied,Mid Loyalty
701,57,Male,Pants,Clothing,79,Wisconsin,L,Olive,Winter,4.1,Yes,Standard,Yes,5,PayPal,Monthly,3,0.7375,0.08163265306122448,0.40956632653061226,Mid Value,0.5,0.29081632653061223,0.2326530612244898,2,Satisfied,Low Loyalty
702,51,Male,Boots,Footwear,90,Idaho,L,Red,Fall,3.3,Yes,Next Day Air,Yes,5,Debit Card,Quarterly,2,0.875,0.08163265306122448,0.47831632653061223,Mid Value,0.25,0.16581632653061223,0.1326530612244898,2,Unsatisfied,Low Loyalty
703,18,Male,Shirt,Clothing,71,Montana,M,White,Winter,3.4,Yes,Store Pickup,Yes,1,Cash,Weekly,5,0.6375,0.0,0.31875,Low Value,1.0,0.5,0.4,2,Unsatisfied,Mid Loyalty
704,63,Male,Dress,Clothing,87,Connecticut,L,Pink,Summer,3.0,Yes,Standard,Yes,21,Venmo,Weekly,5,0.8375,0.40816326530612246,0.6228316326530612,Mid Value,1.0,0.7040816326530612,0.563265306122449,2,Unsatisfied,Mid Loyalty
705,34,Male,Hoodie,Clothing,66,Idaho,S,Black,Spring,3.2,Yes,Express,Yes,18,PayPal,Annually,1,0.575,0.3469387755102041,0.460969387755102,Mid Value,0.0,0.17346938775510204,0.13877551020408163,2,Unsatisfied,Low Loyalty
706,25,Male,Pants,Clothing,90,Arkansas,XL,Indigo,Summer,4.5,Yes,Free Shipping,Yes,49,Cash,Quarterly,2,0.875,0.9795918367346939,0.9272959183673469,High Value,0.25,0.6147959183673469,0.49183673469387756,2,Satisfied,Mid Loyalty
707,46,Male,Jeans,Clothing,47,Iowa,L,Turquoise,Summer,4.8,Yes,Express,Yes,27,Debit Card,Weekly,5,0.3375,0.5306122448979592,0.4340561224489796,Mid Value,1.0,0.7653061224489797,0.6122448979591838,2,Satisfied,Mid Loyalty
708,59,Male,Shirt,Clothing,38,Louisiana,L,Purple,Spring,3.7,Yes,Next Day Air,Yes,21,Venmo,Annually,1,0.225,0.40816326530612246,0.3165816326530612,Low Value,0.0,0.20408163265306123,0.163265306122449,2,Unsatisfied,Low Loyalty
709,37,Male,Backpack,Accessories,50,Kentucky,L,Beige,Summer,3.4,Yes,Store Pickup,Yes,19,Cash,Fortnightly,4,0.375,0.3673469387755102,0.3711734693877551,Mid Value,0.75,0.5586734693877551,0.4469387755102041,2,Unsatisfied,Mid Loyalty
710,49,Male,Jacket,Outerwear,79,Massachusetts,L,Charcoal,Summer,4.6,Yes,Standard,Yes,23,Debit Card,Monthly,3,0.7375,0.4489795918367347,0.5932397959183674,Mid Value,0.5,0.4744897959183674,0.37959183673469393,2,Satisfied,Mid Loyalty
711,22,Male,Scarf,Accessories,91,Virginia,L,Turquoise,Spring,4.1,Yes,Standard,Yes,26,PayPal,Fortnightly,4,0.8875,0.5102040816326531,0.6988520408163266,High Value,0.75,0.6301020408163265,0.5040816326530612,2,Satisfied,Mid Loyalty
712,64,Male,Boots,Footwear,60,New Hampshire,M,Maroon,Spring,3.5,Yes,2-Day Shipping,Yes,13,Bank Transfer,Fortnightly,4,0.5,0.24489795918367346,0.37244897959183676,Mid Value,0.75,0.49744897959183676,0.39795918367346944,2,Unsatisfied,Mid Loyalty
713,42,Male,Blouse,Clothing,81,New Hampshire,XL,Black,Summer,3.8,Yes,Next Day Air,Yes,36,Bank Transfer,Quarterly,2,0.7625,0.7142857142857143,0.7383928571428571,High Value,0.25,0.48214285714285715,0.38571428571428573,2,Unsatisfied,Mid Loyalty
714,37,Male,Hoodie,Clothing,90,Oregon,M,Lavender,Summer,2.6,Yes,Express,Yes,39,Bank Transfer,Fortnightly,4,0.875,0.7755102040816326,0.8252551020408163,High Value,0.75,0.7627551020408163,0.610204081632653,2,Unsatisfied,Mid Loyalty
715,26,Male,Jacket,Outerwear,70,South Dakota,M,Magenta,Fall,4.4,Yes,Store Pickup,Yes,40,Debit Card,Fortnightly,4,0.625,0.7959183673469388,0.7104591836734694,High Value,0.75,0.7729591836734694,0.6183673469387756,2,Satisfied,Mid Loyalty
716,33,Male,Jeans,Clothing,63,Delaware,L,Green,Spring,2.6,Yes,Express,Yes,37,Debit Card,Quarterly,2,0.5375,0.7346938775510204,0.6360969387755102,Mid Value,0.25,0.4923469387755102,0.3938775510204082,2,Unsatisfied,Mid Loyalty
717,30,Male,Jewelry,Accessories,29,Missouri,M,Olive,Spring,3.6,Yes,Express,Yes,9,Venmo,Fortnightly,4,0.1125,0.16326530612244897,0.1378826530612245,Low Value,0.75,0.45663265306122447,0.3653061224489796,2,Unsatisfied,Mid Loyalty
718,21,Male,Socks,Clothing,90,Alaska,L,Green,Spring,4.2,Yes,Express,Yes,7,Venmo,Quarterly,2,0.875,0.12244897959183673,0.4987244897959184,Mid Value,0.25,0.18622448979591838,0.1489795918367347,2,Satisfied,Low Loyalty
719,22,Male,Shirt,Clothing,22,Florida,M,Peach,Summer,4.6,Yes,Standard,Yes,25,Bank Transfer,Annually,1,0.025,0.4897959183673469,0.2573979591836735,Low Value,0.0,0.24489795918367346,0.1959183673469388,2,Satisfied,Low Loyalty
720,63,Male,Shorts,Clothing,22,Mississippi,L,Turquoise,Summer,3.3,Yes,Next Day Air,Yes,42,Venmo,Fortnightly,4,0.025,0.8367346938775511,0.43086734693877554,Mid Value,0.75,0.7933673469387755,0.6346938775510205,2,Unsatisfied,Mid Loyalty
721,33,Male,Jewelry,Accessories,62,New Mexico,L,Orange,Fall,3.4,Yes,Free Shipping,Yes,19,Debit Card,Weekly,5,0.525,0.3673469387755102,0.44617346938775515,Mid Value,1.0,0.6836734693877551,0.5469387755102041,2,Unsatisfied,Mid Loyalty
722,43,Male,Blouse,Clothing,57,California,L,Silver,Summer,4.4,Yes,Next Day Air,Yes,41,Debit Card,Quarterly,2,0.4625,0.8163265306122449,0.6394132653061224,Mid Value,0.25,0.5331632653061225,0.42653061224489797,2,Satisfied,Mid Loyalty
723,27,Male,Sweater,Clothing,32,Wyoming,S,Blue,Summer,4.3,Yes,Store Pickup,Yes,50,Cash,Fortnightly,4,0.15,1.0,0.575,Mid Value,0.75,0.875,0.7000000000000001,2,Satisfied,High Loyalty
724,35,Male,Jewelry,Accessories,53,Missouri,L,Cyan,Fall,3.5,Yes,Express,Yes,43,PayPal,Monthly,3,0.4125,0.8571428571428571,0.6348214285714285,Mid Value,0.5,0.6785714285714286,0.5428571428571429,2,Unsatisfied,Mid Loyalty
725,37,Male,T-shirt,Clothing,79,New Hampshire,XL,Green,Fall,4.7,Yes,Store Pickup,Yes,36,Venmo,Quarterly,2,0.7375,0.7142857142857143,0.7258928571428571,High Value,0.25,0.48214285714285715,0.38571428571428573,2,Satisfied,Mid Loyalty
726,61,Male,Hat,Accessories,61,Texas,L,Silver,Winter,3.1,Yes,Standard,Yes,33,Debit Card,Fortnightly,4,0.5125,0.6530612244897959,0.582780612244898,Mid Value,0.75,0.7015306122448979,0.5612244897959183,2,Unsatisfied,Mid Loyalty
727,32,Male,Shorts,Clothing,78,North Dakota,L,Yellow,Summer,3.6,Yes,Next Day Air,Yes,20,Bank Transfer,Quarterly,2,0.725,0.3877551020408163,0.5563775510204081,Mid Value,0.25,0.31887755102040816,0.25510204081632654,2,Unsatisfied,Low Loyalty
728,62,Male,Sweater,Clothing,97,Arkansas,S,Gray,Winter,4.8,Yes,Next Day Air,Yes,37,Venmo,Quarterly,2,0.9625,0.7346938775510204,0.8485969387755102,High Value,0.25,0.4923469387755102,0.3938775510204082,2,Satisfied,Mid Loyalty
729,29,Male,Jeans,Clothing,78,Nebraska,M,Pink,Winter,3.7,Yes,Next Day Air,Yes,12,PayPal,Quarterly,2,0.725,0.22448979591836735,0.4747448979591837,Mid Value,0.25,0.2372448979591837,0.18979591836734697,2,Unsatisfied,Low Loyalty
730,41,Male,Sunglasses,Accessories,56,Minnesota,L,Beige,Summer,3.2,Yes,Express,Yes,46,PayPal,Quarterly,2,0.45,0.9183673469387755,0.6841836734693878,High Value,0.25,0.5841836734693877,0.4673469387755102,2,Unsatisfied,Mid Loyalty
731,48,Male,Boots,Footwear,25,Massachusetts,M,Indigo,Summer,3.9,Yes,Standard,Yes,28,Venmo,Fortnightly,4,0.0625,0.5510204081632653,0.3067602040816326,Low Value,0.75,0.6505102040816326,0.5204081632653061,2,Satisfied,Mid Loyalty
732,43,Male,Coat,Outerwear,28,Arkansas,M,Red,Spring,3.5,Yes,Free Shipping,Yes,30,PayPal,Fortnightly,4,0.1,0.5918367346938775,0.34591836734693876,Mid Value,0.75,0.6709183673469388,0.536734693877551,2,Unsatisfied,Mid Loyalty
733,34,Male,Shirt,Clothing,57,New Hampshire,L,Blue,Spring,2.8,Yes,Express,Yes,28,Cash,Fortnightly,4,0.4625,0.5510204081632653,0.5067602040816326,Mid Value,0.75,0.6505102040816326,0.5204081632653061,2,Unsatisfied,Mid Loyalty
734,45,Male,Dress,Clothing,36,Rhode Island,L,Cyan,Fall,2.7,Yes,2-Day Shipping,Yes,20,Debit Card,Fortnightly,4,0.2,0.3877551020408163,0.29387755102040813,Low Value,0.75,0.5688775510204082,0.45510204081632655,2,Unsatisfied,Mid Loyalty
735,65,Male,Shirt,Clothing,69,New Jersey,S,Violet,Winter,3.1,Yes,Express,Yes,39,Bank Transfer,Quarterly,2,0.6125,0.7755102040816326,0.6940051020408163,High Value,0.25,0.5127551020408163,0.4102040816326531,2,Unsatisfied,Mid Loyalty
736,61,Male,Sunglasses,Accessories,48,Montana,M,Orange,Fall,3.6,Yes,2-Day Shipping,Yes,48,Cash,Fortnightly,4,0.35,0.9591836734693877,0.6545918367346939,Mid Value,0.75,0.8545918367346939,0.6836734693877551,2,Unsatisfied,High Loyalty
737,18,Male,Dress,Clothing,58,Colorado,L,Maroon,Spring,2.9,Yes,2-Day Shipping,Yes,32,Credit Card,Quarterly,2,0.475,0.6326530612244898,0.553826530612245,Mid Value,0.25,0.4413265306122449,0.35306122448979593,2,Unsatisfied,Mid Loyalty
738,47,Male,Sunglasses,Accessories,24,Nebraska,M,Teal,Spring,3.6,Yes,Store Pickup,Yes,28,PayPal,Annually,1,0.05,0.5510204081632653,0.30051020408163265,Low Value,0.0,0.2755102040816326,0.2204081632653061,2,Unsatisfied,Low Loyalty
739,56,Male,Sunglasses,Accessories,31,Minnesota,L,Orange,Winter,3.5,Yes,2-Day Shipping,Yes,27,Venmo,Quarterly,2,0.1375,0.5306122448979592,0.33405612244897964,Low Value,0.25,0.3903061224489796,0.3122448979591837,2,Unsatisfied,Low Loyalty
740,64,Male,Shorts,Clothing,29,Minnesota,S,Purple,Summer,3.5,Yes,Free Shipping,Yes,26,Venmo,Fortnightly,4,0.1125,0.5102040816326531,0.31135204081632656,Low Value,0.75,0.6301020408163265,0.5040816326530612,2,Unsatisfied,Mid Loyalty
741,26,Male,Jeans,Clothing,69,South Dakota,M,Orange,Summer,2.8,Yes,Next Day Air,Yes,22,Credit Card,Fortnightly,4,0.6125,0.42857142857142855,0.5205357142857143,Mid Value,0.75,0.5892857142857143,0.4714285714285715,2,Unsatisfied,Mid Loyalty
742,22,Male,T-shirt,Clothing,79,West Virginia,XL,Yellow,Summer,4.7,Yes,Free Shipping,Yes,23,Bank Transfer,Quarterly,2,0.7375,0.4489795918367347,0.5932397959183674,Mid Value,0.25,0.3494897959183674,0.2795918367346939,2,Satisfied,Low Loyalty
743,64,Male,Pants,Clothing,39,Nevada,M,Charcoal,Summer,3.1,Yes,Express,Yes,21,Debit Card,Quarterly,2,0.2375,0.40816326530612246,0.32283163265306125,Low Value,0.25,0.32908163265306123,0.26326530612244897,2,Unsatisfied,Low Loyalty
744,21,Male,Sunglasses,Accessories,84,North Carolina,L,Gray,Fall,4.9,Yes,Free Shipping,Yes,36,Cash,Weekly,5,0.8,0.7142857142857143,0.7571428571428571,High Value,1.0,0.8571428571428572,0.6857142857142858,2,Satisfied,High Loyalty
745,67,Male,Boots,Footwear,66,Illinois,S,Charcoal,Spring,4.1,Yes,Next Day Air,Yes,42,Debit Card,Fortnightly,4,0.575,0.8367346938775511,0.7058673469387755,High Value,0.75,0.7933673469387755,0.6346938775510205,2,Satisfied,Mid Loyalty
746,46,Male,T-shirt,Clothing,92,Michigan,L,Orange,Fall,4.7,Yes,Standard,Yes,4,Venmo,Monthly,3,0.9,0.061224489795918366,0.4806122448979592,Mid Value,0.5,0.28061224489795916,0.22448979591836735,2,Satisfied,Low Loyalty
747,40,Male,Sandals,Footwear,45,Michigan,M,Red,Winter,2.5,Yes,Free Shipping,Yes,47,Credit Card,Annually,1,0.3125,0.9387755102040817,0.6256377551020409,Mid Value,0.0,0.46938775510204084,0.3755102040816327,2,Unsatisfied,Mid Loyalty
748,51,Male,Shorts,Clothing,74,Oklahoma,L,Gold,Spring,4.4,Yes,Next Day Air,Yes,13,Bank Transfer,Weekly,5,0.675,0.24489795918367346,0.4599489795918368,Mid Value,1.0,0.6224489795918368,0.4979591836734694,2,Satisfied,Mid Loyalty
749,35,Male,Hat,Accessories,39,South Dakota,L,Brown,Fall,3.9,Yes,Free Shipping,Yes,8,Bank Transfer,Quarterly,2,0.2375,0.14285714285714285,0.19017857142857142,Low Value,0.25,0.19642857142857142,0.15714285714285714,2,Satisfied,Low Loyalty
750,56,Male,Scarf,Accessories,71,Oklahoma,M,Olive,Winter,3.7,Yes,Standard,Yes,11,Debit Card,Quarterly,2,0.6375,0.20408163265306123,0.4207908163265306,Mid Value,0.25,0.22704081632653061,0.1816326530612245,2,Unsatisfied,Low Loyalty
751,25,Male,T-shirt,Clothing,95,Maryland,L,Violet,Fall,3.4,Yes,Free Shipping,Yes,5,Venmo,Annually,1,0.9375,0.08163265306122448,0.5095663265306123,Mid Value,0.0,0.04081632653061224,0.03265306122448979,2,Unsatisfied,Low Loyalty
752,65,Male,Gloves,Accessories,72,Ohio,L,Indigo,Fall,4.8,Yes,Free Shipping,Yes,1,Credit Card,Monthly,3,0.65,0.0,0.325,Low Value,0.5,0.25,0.2,2,Satisfied,Low Loyalty
753,39,Male,Scarf,Accessories,85,Ohio,L,Yellow,Fall,4.2,Yes,2-Day Shipping,Yes,17,PayPal,Quarterly,2,0.8125,0.32653061224489793,0.5695153061224489,Mid Value,0.25,0.28826530612244894,0.23061224489795917,2,Satisfied,Low Loyalty
754,47,Male,Boots,Footwear,54,Massachusetts,M,Teal,Fall,3.4,Yes,Store Pickup,Yes,27,Venmo,Quarterly,2,0.425,0.5306122448979592,0.4778061224489796,Mid Value,0.25,0.3903061224489796,0.3122448979591837,2,Unsatisfied,Low Loyalty
755,36,Male,Gloves,Accessories,41,North Carolina,L,Pink,Spring,2.9,Yes,Store Pickup,Yes,3,Debit Card,Quarterly,2,0.2625,0.04081632653061224,0.15165816326530612,Low Value,0.25,0.14540816326530612,0.1163265306122449,2,Unsatisfied,Low Loyalty
756,66,Male,Coat,Outerwear,24,Florida,M,Violet,Spring,3.3,Yes,Free Shipping,Yes,22,PayPal,Weekly,5,0.05,0.42857142857142855,0.23928571428571427,Low Value,1.0,0.7142857142857143,0.5714285714285715,2,Unsatisfied,Mid Loyalty
757,62,Male,Belt,Accessories,99,Montana,S,Orange,Summer,4.8,Yes,Standard,Yes,24,Cash,Fortnightly,4,0.9875,0.46938775510204084,0.7284438775510205,High Value,0.75,0.6096938775510204,0.4877551020408164,2,Satisfied,Mid Loyalty
758,41,Male,Hoodie,Clothing,32,Minnesota,M,Red,Fall,3.8,Yes,Store Pickup,Yes,18,Debit Card,Quarterly,2,0.15,0.3469387755102041,0.24846938775510202,Low Value,0.25,0.298469387755102,0.2387755102040816,2,Unsatisfied,Low Loyalty
759,66,Male,Shoes,Footwear,71,Massachusetts,L,Peach,Summer,4.6,Yes,2-Day Shipping,Yes,39,Bank Transfer,Quarterly,2,0.6375,0.7755102040816326,0.7065051020408163,High Value,0.25,0.5127551020408163,0.4102040816326531,2,Satisfied,Mid Loyalty
760,51,Male,Dress,Clothing,49,Rhode Island,XL,Green,Winter,2.6,Yes,Next Day Air,Yes,25,Credit Card,Fortnightly,4,0.3625,0.4897959183673469,0.42614795918367343,Mid Value,0.75,0.6198979591836735,0.49591836734693884,2,Unsatisfied,Mid Loyalty
761,33,Male,Gloves,Accessories,50,Minnesota,XL,Violet,Fall,3.4,Yes,Free Shipping,Yes,6,Cash,Annually,1,0.375,0.10204081632653061,0.2385204081632653,Low Value,0.0,0.05102040816326531,0.04081632653061225,2,Unsatisfied,Low Loyalty
762,57,Male,Jewelry,Accessories,91,Nevada,L,Yellow,Fall,4.2,Yes,Express,Yes,26,Bank Transfer,Weekly,5,0.8875,0.5102040816326531,0.6988520408163266,High Value,1.0,0.7551020408163265,0.6040816326530613,2,Satisfied,Mid Loyalty
763,45,Male,Belt,Accessories,46,New Mexico,M,Pink,Fall,3.9,Yes,Standard,Yes,43,Debit Card,Fortnightly,4,0.325,0.8571428571428571,0.5910714285714286,Mid Value,0.75,0.8035714285714286,0.6428571428571429,2,Satisfied,Mid Loyalty
764,61,Male,Sweater,Clothing,50,North Carolina,M,Brown,Spring,2.9,Yes,2-Day Shipping,Yes,6,Credit Card,Monthly,3,0.375,0.10204081632653061,0.2385204081632653,Low Value,0.5,0.3010204081632653,0.24081632653061225,2,Unsatisfied,Low Loyalty
765,55,Male,Skirt,Clothing,39,Virginia,XL,Silver,Fall,4.2,Yes,Free Shipping,Yes,6,Debit Card,Quarterly,2,0.2375,0.10204081632653061,0.1697704081632653,Low Value,0.25,0.1760204081632653,0.14081632653061224,2,Satisfied,Low Loyalty
766,54,Male,Sneakers,Footwear,99,Alaska,M,Pink,Summer,3.0,Yes,Store Pickup,Yes,13,Cash,Quarterly,2,0.9875,0.24489795918367346,0.6161989795918368,Mid Value,0.25,0.24744897959183673,0.1979591836734694,2,Unsatisfied,Low Loyalty
767,57,Male,Gloves,Accessories,48,Nevada,M,Cyan,Winter,3.6,Yes,Next Day Air,Yes,13,PayPal,Monthly,3,0.35,0.24489795918367346,0.2974489795918367,Low Value,0.5,0.37244897959183676,0.2979591836734694,2,Unsatisfied,Low Loyalty
768,27,Male,Coat,Outerwear,77,Pennsylvania,M,Brown,Fall,2.5,Yes,Next Day Air,Yes,11,Cash,Annually,1,0.7125,0.20408163265306123,0.4582908163265306,Mid Value,0.0,0.10204081632653061,0.0816326530612245,2,Unsatisfied,Low Loyalty
769,64,Male,Backpack,Accessories,95,Illinois,XL,Red,Spring,2.6,Yes,Express,Yes,45,Venmo,Weekly,5,0.9375,0.8979591836734694,0.9177295918367347,High Value,1.0,0.9489795918367347,0.7591836734693879,2,Unsatisfied,High Loyalty
770,52,Male,Socks,Clothing,100,Delaware,M,Silver,Spring,4.3,Yes,Store Pickup,Yes,8,PayPal,Monthly,3,1.0,0.14285714285714285,0.5714285714285714,Mid Value,0.5,0.3214285714285714,0.2571428571428571,2,Satisfied,Low Loyalty
771,19,Male,Sneakers,Footwear,54,Vermont,M,Gray,Spring,3.3,Yes,Express,Yes,8,Credit Card,Annually,1,0.425,0.14285714285714285,0.2839285714285714,Low Value,0.0,0.07142857142857142,0.05714285714285714,2,Unsatisfied,Low Loyalty
772,22,Male,Sweater,Clothing,68,Hawaii,L,Cyan,Fall,2.6,Yes,Next Day Air,Yes,34,Bank Transfer,Fortnightly,4,0.6,0.673469387755102,0.636734693877551,Mid Value,0.75,0.7117346938775511,0.5693877551020409,2,Unsatisfied,Mid Loyalty
773,18,Male,Jeans,Clothing,22,Illinois,L,Teal,Fall,3.6,Yes,Free Shipping,Yes,40,Debit Card,Fortnightly,4,0.025,0.7959183673469388,0.4104591836734694,Mid Value,0.75,0.7729591836734694,0.6183673469387756,2,Unsatisfied,Mid Loyalty
774,29,Male,Hat,Accessories,84,California,L,Indigo,Winter,2.6,Yes,Express,Yes,14,Debit Card,Fortnightly,4,0.8,0.2653061224489796,0.5326530612244899,Mid Value,0.75,0.5076530612244898,0.4061224489795919,2,Unsatisfied,Mid Loyalty
775,42,Male,Hat,Accessories,46,Nevada,M,Yellow,Summer,3.5,Yes,Standard,Yes,11,Credit Card,Quarterly,2,0.325,0.20408163265306123,0.2645408163265306,Low Value,0.25,0.22704081632653061,0.1816326530612245,2,Unsatisfied,Low Loyalty
776,49,Male,Handbag,Accessories,53,Kentucky,S,Gold,Winter,3.0,Yes,Store Pickup,Yes,8,PayPal,Monthly,3,0.4125,0.14285714285714285,0.27767857142857144,Low Value,0.5,0.3214285714285714,0.2571428571428571,2,Unsatisfied,Low Loyalty
777,49,Male,Shirt,Clothing,60,Alabama,M,Maroon,Spring,5.0,Yes,Standard,Yes,8,Venmo,Quarterly,2,0.5,0.14285714285714285,0.3214285714285714,Low Value,0.25,0.19642857142857142,0.15714285714285714,2,Satisfied,Low Loyalty
778,55,Male,Socks,Clothing,32,Wyoming,XL,Silver,Spring,2.5,Yes,Express,Yes,37,Venmo,Weekly,5,0.15,0.7346938775510204,0.44234693877551023,Mid Value,1.0,0.8673469387755102,0.6938775510204082,2,Unsatisfied,High Loyalty
779,29,Male,Socks,Clothing,50,Massachusetts,M,Yellow,Summer,2.9,Yes,Store Pickup,Yes,23,Debit Card,Annually,1,0.375,0.4489795918367347,0.4119897959183674,Mid Value,0.0,0.22448979591836735,0.1795918367346939,2,Unsatisfied,Low Loyalty
780,60,Male,Dress,Clothing,94,Utah,M,Blue,Spring,4.6,Yes,Express,Yes,38,Cash,Annually,1,0.925,0.7551020408163265,0.8400510204081633,High Value,0.0,0.37755102040816324,0.3020408163265306,2,Satisfied,Low Loyalty
781,34,Male,Shoes,Footwear,26,New York,M,Turquoise,Spring,3.6,Yes,Free Shipping,Yes,38,Cash,Quarterly,2,0.075,0.7551020408163265,0.4150510204081632,Mid Value,0.25,0.5025510204081632,0.4020408163265306,2,Unsatisfied,Mid Loyalty
782,30,Male,Scarf,Accessories,44,Vermont,L,Indigo,Winter,3.0,Yes,Store Pickup,Yes,12,Credit Card,Fortnightly,4,0.3,0.22448979591836735,0.26224489795918365,Low Value,0.75,0.4872448979591837,0.38979591836734695,2,Unsatisfied,Mid Loyalty
783,28,Male,Hoodie,Clothing,57,Hawaii,M,Green,Summer,4.5,Yes,Standard,Yes,15,Cash,Weekly,5,0.4625,0.2857142857142857,0.37410714285714286,Mid Value,1.0,0.6428571428571428,0.5142857142857142,2,Satisfied,Mid Loyalty
784,63,Male,T-shirt,Clothing,65,Louisiana,L,Purple,Winter,4.5,Yes,Next Day Air,Yes,38,PayPal,Fortnightly,4,0.5625,0.7551020408163265,0.6588010204081632,Mid Value,0.75,0.7525510204081632,0.6020408163265306,2,Satisfied,Mid Loyalty
785,31,Male,Jeans,Clothing,72,Alabama,M,Peach,Winter,3.2,Yes,Store Pickup,Yes,41,Bank Transfer,Quarterly,2,0.65,0.8163265306122449,0.7331632653061224,High Value,0.25,0.5331632653061225,0.42653061224489797,2,Unsatisfied,Mid Loyalty
786,46,Male,Shorts,Clothing,62,Louisiana,S,Purple,Spring,4.0,Yes,Next Day Air,Yes,37,PayPal,Fortnightly,4,0.525,0.7346938775510204,0.6298469387755102,Mid Value,0.75,0.7423469387755102,0.5938775510204082,2,Satisfied,Mid Loyalty
787,70,Male,Hat,Accessories,21,Indiana,S,Teal,Winter,4.8,Yes,Express,Yes,16,Bank Transfer,Quarterly,2,0.0125,0.30612244897959184,0.15931122448979593,Low Value,0.25,0.2780612244897959,0.22244897959183674,2,Satisfied,Low Loyalty
788,53,Male,Handbag,Accessories,85,Michigan,S,Green,Spring,3.7,Yes,Free Shipping,Yes,25,Venmo,Weekly,5,0.8125,0.4897959183673469,0.6511479591836735,Mid Value,1.0,0.7448979591836735,0.5959183673469388,2,Unsatisfied,Mid Loyalty
789,50,Male,Pants,Clothing,51,Rhode Island,XL,Yellow,Summer,3.8,Yes,Store Pickup,Yes,18,Bank Transfer,Quarterly,2,0.3875,0.3469387755102041,0.36721938775510204,Mid Value,0.25,0.298469387755102,0.2387755102040816,2,Unsatisfied,Low Loyalty
790,33,Male,Handbag,Accessories,84,Idaho,S,Purple,Fall,2.7,Yes,Standard,Yes,4,Credit Card,Fortnightly,4,0.8,0.061224489795918366,0.4306122448979592,Mid Value,0.75,0.40561224489795916,0.32448979591836735,2,Unsatisfied,Low Loyalty
791,22,Male,Sweater,Clothing,37,Louisiana,M,Indigo,Summer,4.9,Yes,Store Pickup,Yes,12,Bank Transfer,Quarterly,2,0.2125,0.22448979591836735,0.21849489795918367,Low Value,0.25,0.2372448979591837,0.18979591836734697,2,Satisfied,Low Loyalty
792,50,Male,Scarf,Accessories,44,North Carolina,S,Magenta,Summer,3.1,Yes,2-Day Shipping,Yes,35,PayPal,Fortnightly,4,0.3,0.6938775510204082,0.49693877551020404,Mid Value,0.75,0.721938775510204,0.5775510204081632,2,Unsatisfied,Mid Loyalty
793,34,Male,Sneakers,Footwear,45,New Jersey,M,Violet,Spring,4.2,Yes,Next Day Air,Yes,45,Venmo,Weekly,5,0.3125,0.8979591836734694,0.6052295918367347,Mid Value,1.0,0.9489795918367347,0.7591836734693879,2,Satisfied,High Loyalty
794,24,Male,Pants,Clothing,35,Alabama,L,Maroon,Summer,3.8,Yes,Free Shipping,Yes,16,Credit Card,Monthly,3,0.1875,0.30612244897959184,0.24681122448979592,Low Value,0.5,0.4030612244897959,0.32244897959183677,2,Unsatisfied,Low Loyalty
795,69,Male,Backpack,Accessories,50,Kentucky,XL,Yellow,Winter,4.2,Yes,Store Pickup,Yes,10,Debit Card,Fortnightly,4,0.375,0.1836734693877551,0.27933673469387754,Low Value,0.75,0.46683673469387754,0.3734693877551021,2,Satisfied,Mid Loyalty
796,39,Male,Sandals,Footwear,26,New York,M,Beige,Summer,4.6,Yes,Store Pickup,Yes,34,Venmo,Annually,1,0.075,0.673469387755102,0.374234693877551,Mid Value,0.0,0.336734693877551,0.2693877551020408,2,Satisfied,Low Loyalty
797,42,Male,Socks,Clothing,78,Arizona,XL,Black,Fall,4.0,Yes,2-Day Shipping,Yes,43,Credit Card,Annually,1,0.725,0.8571428571428571,0.7910714285714285,High Value,0.0,0.42857142857142855,0.34285714285714286,2,Satisfied,Mid Loyalty
798,42,Male,Coat,Outerwear,82,Maryland,M,Violet,Fall,4.0,Yes,2-Day Shipping,Yes,38,Debit Card,Weekly,5,0.775,0.7551020408163265,0.7650510204081633,High Value,1.0,0.8775510204081632,0.7020408163265306,2,Satisfied,High Loyalty
799,29,Male,Socks,Clothing,39,Alaska,M,Violet,Spring,3.8,Yes,2-Day Shipping,Yes,48,PayPal,Quarterly,2,0.2375,0.9591836734693877,0.5983418367346939,Mid Value,0.25,0.6045918367346939,0.48367346938775513,2,Unsatisfied,Mid Loyalty
800,55,Male,Belt,Accessories,55,Nevada,L,Brown,Summer,3.8,Yes,Free Shipping,Yes,31,PayPal,Annually,1,0.4375,0.6122448979591837,0.5248724489795918,Mid Value,0.0,0.30612244897959184,0.2448979591836735,2,Unsatisfied,Low Loyalty
801,32,Male,Socks,Clothing,20,Utah,S,Gold,Summer,2.6,Yes,Free Shipping,Yes,20,Cash,Quarterly,2,0.0,0.3877551020408163,0.19387755102040816,Low Value,0.25,0.31887755102040816,0.25510204081632654,2,Unsatisfied,Low Loyalty
802,25,Male,Belt,Accessories,29,New Mexico,L,Blue,Fall,4.9,Yes,Express,Yes,12,Credit Card,Fortnightly,4,0.1125,0.22448979591836735,0.16849489795918368,Low Value,0.75,0.4872448979591837,0.38979591836734695,2,Satisfied,Mid Loyalty
803,38,Male,Pants,Clothing,41,Delaware,M,Teal,Winter,3.5,Yes,Next Day Air,Yes,2,Bank Transfer,Weekly,5,0.2625,0.02040816326530612,0.14145408163265308,Low Value,1.0,0.5102040816326531,0.40816326530612246,2,Unsatisfied,Mid Loyalty
804,32,Male,Shorts,Clothing,38,Connecticut,L,Silver,Winter,2.8,Yes,Express,Yes,30,Venmo,Quarterly,2,0.225,0.5918367346938775,0.40841836734693876,Mid Value,0.25,0.42091836734693877,0.33673469387755106,2,Unsatisfied,Mid Loyalty
805,43,Male,Boots,Footwear,47,Mississippi,M,Maroon,Summer,2.6,Yes,Store Pickup,Yes,28,Venmo,Quarterly,2,0.3375,0.5510204081632653,0.44426020408163264,Mid Value,0.25,0.4005102040816326,0.32040816326530613,2,Unsatisfied,Low Loyalty
806,41,Male,Dress,Clothing,30,Connecticut,L,White,Summer,3.7,Yes,Next Day Air,Yes,40,Debit Card,Monthly,3,0.125,0.7959183673469388,0.4604591836734694,Mid Value,0.5,0.6479591836734694,0.5183673469387755,2,Unsatisfied,Mid Loyalty
807,56,Male,Jeans,Clothing,56,Florida,L,Charcoal,Summer,2.7,Yes,Standard,Yes,46,PayPal,Quarterly,2,0.45,0.9183673469387755,0.6841836734693878,High Value,0.25,0.5841836734693877,0.4673469387755102,2,Unsatisfied,Mid Loyalty
808,27,Male,T-shirt,Clothing,89,New York,S,Brown,Winter,3.3,Yes,Express,Yes,15,Credit Card,Weekly,5,0.8625,0.2857142857142857,0.5741071428571429,Mid Value,1.0,0.6428571428571428,0.5142857142857142,2,Unsatisfied,Mid Loyalty
809,46,Male,Shoes,Footwear,96,Wisconsin,L,Lavender,Fall,4.6,Yes,Next Day Air,Yes,38,Cash,Quarterly,2,0.95,0.7551020408163265,0.8525510204081632,High Value,0.25,0.5025510204081632,0.4020408163265306,2,Satisfied,Mid Loyalty
810,48,Male,Boots,Footwear,81,South Carolina,M,Violet,Fall,4.9,Yes,Next Day Air,Yes,30,PayPal,Fortnightly,4,0.7625,0.5918367346938775,0.6771683673469387,High Value,0.75,0.6709183673469388,0.536734693877551,2,Satisfied,Mid Loyalty
811,52,Male,Scarf,Accessories,83,South Dakota,S,Lavender,Fall,4.9,Yes,Store Pickup,Yes,32,Debit Card,Fortnightly,4,0.7875,0.6326530612244898,0.710076530612245,High Value,0.75,0.6913265306122449,0.553061224489796,2,Satisfied,Mid Loyalty
812,18,Male,Sneakers,Footwear,35,Illinois,M,Green,Winter,2.7,Yes,Free Shipping,Yes,36,Venmo,Quarterly,2,0.1875,0.7142857142857143,0.45089285714285715,Mid Value,0.25,0.48214285714285715,0.38571428571428573,2,Unsatisfied,Mid Loyalty
813,64,Male,Boots,Footwear,56,Alaska,M,Olive,Summer,3.2,Yes,Standard,Yes,32,Credit Card,Weekly,5,0.45,0.6326530612244898,0.5413265306122449,Mid Value,1.0,0.8163265306122449,0.653061224489796,2,Unsatisfied,Mid Loyalty
814,54,Male,Handbag,Accessories,45,Montana,S,Olive,Summer,2.9,Yes,Store Pickup,Yes,14,Debit Card,Annually,1,0.3125,0.2653061224489796,0.28890306122448983,Low Value,0.0,0.1326530612244898,0.10612244897959185,2,Unsatisfied,Low Loyalty
815,31,Male,Shirt,Clothing,62,Minnesota,M,Pink,Winter,3.8,Yes,Express,Yes,8,PayPal,Monthly,3,0.525,0.14285714285714285,0.33392857142857146,Low Value,0.5,0.3214285714285714,0.2571428571428571,2,Unsatisfied,Low Loyalty
816,30,Male,Hat,Accessories,84,West Virginia,L,Teal,Spring,3.0,Yes,Next Day Air,Yes,27,Venmo,Fortnightly,4,0.8,0.5306122448979592,0.6653061224489796,Mid Value,0.75,0.6403061224489797,0.5122448979591837,2,Unsatisfied,Mid Loyalty
817,26,Male,Sweater,Clothing,24,Illinois,L,Cyan,Summer,3.9,Yes,Store Pickup,Yes,24,Debit Card,Monthly,3,0.05,0.46938775510204084,0.2596938775510204,Low Value,0.5,0.48469387755102045,0.38775510204081637,2,Satisfied,Mid Loyalty
818,25,Male,Handbag,Accessories,21,Nevada,S,Gray,Spring,4.7,Yes,Store Pickup,Yes,30,PayPal,Fortnightly,4,0.0125,0.5918367346938775,0.30216836734693875,Low Value,0.75,0.6709183673469388,0.536734693877551,2,Satisfied,Mid Loyalty
819,59,Male,Shirt,Clothing,91,Idaho,M,Peach,Winter,4.9,Yes,Store Pickup,Yes,34,Debit Card,Monthly,3,0.8875,0.673469387755102,0.7804846938775509,High Value,0.5,0.5867346938775511,0.4693877551020409,2,Satisfied,Mid Loyalty
820,55,Male,Sunglasses,Accessories,36,Colorado,S,Teal,Winter,4.8,Yes,Next Day Air,Yes,28,Debit Card,Quarterly,2,0.2,0.5510204081632653,0.3755102040816326,Mid Value,0.25,0.4005102040816326,0.32040816326530613,2,Satisfied,Low Loyalty
821,56,Male,Sneakers,Footwear,39,Louisiana,M,Turquoise,Spring,2.5,Yes,2-Day Shipping,Yes,27,Debit Card,Monthly,3,0.2375,0.5306122448979592,0.3840561224489796,Mid Value,0.5,0.5153061224489797,0.41224489795918373,2,Unsatisfied,Mid Loyalty
822,62,Male,Hoodie,Clothing,39,Vermont,M,Green,Spring,3.9,Yes,Standard,Yes,31,Credit Card,Fortnightly,4,0.2375,0.6122448979591837,0.42487244897959187,Mid Value,0.75,0.6811224489795918,0.5448979591836735,2,Satisfied,Mid Loyalty
823,35,Male,Shirt,Clothing,59,Mississippi,L,Magenta,Winter,3.4,Yes,Standard,Yes,23,Bank Transfer,Annually,1,0.4875,0.4489795918367347,0.46823979591836734,Mid Value,0.0,0.22448979591836735,0.1795918367346939,2,Unsatisfied,Low Loyalty
824,51,Male,Sunglasses,Accessories,27,Georgia,M,Green,Winter,2.5,Yes,Free Shipping,Yes,11,Credit Card,Quarterly,2,0.0875,0.20408163265306123,0.14579081632653063,Low Value,0.25,0.22704081632653061,0.1816326530612245,2,Unsatisfied,Low Loyalty
825,61,Male,Blouse,Clothing,94,Georgia,M,White,Spring,3.0,Yes,Store Pickup,Yes,48,Cash,Quarterly,2,0.925,0.9591836734693877,0.9420918367346939,High Value,0.25,0.6045918367346939,0.48367346938775513,2,Unsatisfied,Mid Loyalty
826,27,Male,Belt,Accessories,94,Nebraska,XL,Brown,Fall,3.6,Yes,Next Day Air,Yes,17,Cash,Monthly,3,0.925,0.32653061224489793,0.625765306122449,Mid Value,0.5,0.41326530612244894,0.33061224489795915,2,Unsatisfied,Low Loyalty
827,54,Male,Dress,Clothing,94,Massachusetts,M,Purple,Winter,3.6,Yes,Standard,Yes,36,PayPal,Weekly,5,0.925,0.7142857142857143,0.8196428571428571,High Value,1.0,0.8571428571428572,0.6857142857142858,2,Unsatisfied,High Loyalty
828,31,Male,Shoes,Footwear,51,Colorado,S,Green,Fall,4.1,Yes,Free Shipping,Yes,33,Bank Transfer,Fortnightly,4,0.3875,0.6530612244897959,0.520280612244898,Mid Value,0.75,0.7015306122448979,0.5612244897959183,2,Satisfied,Mid Loyalty
829,24,Male,Socks,Clothing,62,Nevada,M,Peach,Fall,3.7,Yes,2-Day Shipping,Yes,27,PayPal,Fortnightly,4,0.525,0.5306122448979592,0.5278061224489796,Mid Value,0.75,0.6403061224489797,0.5122448979591837,2,Unsatisfied,Mid Loyalty
830,42,Male,Socks,Clothing,57,Idaho,S,Silver,Spring,3.8,Yes,2-Day Shipping,Yes,14,Credit Card,Fortnightly,4,0.4625,0.2653061224489796,0.3639030612244898,Mid Value,0.75,0.5076530612244898,0.4061224489795919,2,Unsatisfied,Mid Loyalty
831,41,Male,Shorts,Clothing,76,Wyoming,M,Maroon,Fall,4.2,Yes,Express,Yes,5,Credit Card,Annually,1,0.7,0.08163265306122448,0.3908163265306122,Mid Value,0.0,0.04081632653061224,0.03265306122448979,2,Satisfied,Low Loyalty
832,66,Male,Gloves,Accessories,63,Washington,M,Red,Summer,4.3,Yes,Express,Yes,47,Cash,Quarterly,2,0.5375,0.9387755102040817,0.7381377551020408,High Value,0.25,0.5943877551020409,0.47551020408163275,2,Satisfied,Mid Loyalty
833,58,Male,Jacket,Outerwear,80,California,L,Blue,Fall,2.5,Yes,Express,Yes,28,Cash,Fortnightly,4,0.75,0.5510204081632653,0.6505102040816326,Mid Value,0.75,0.6505102040816326,0.5204081632653061,2,Unsatisfied,Mid Loyalty
834,43,Male,Handbag,Accessories,68,Oklahoma,M,Purple,Fall,3.5,Yes,Standard,Yes,11,Credit Card,Annually,1,0.6,0.20408163265306123,0.4020408163265306,Mid Value,0.0,0.10204081632653061,0.0816326530612245,2,Unsatisfied,Low Loyalty
835,52,Male,Backpack,Accessories,89,Nevada,M,Indigo,Summer,3.1,Yes,Free Shipping,Yes,18,Credit Card,Weekly,5,0.8625,0.3469387755102041,0.604719387755102,Mid Value,1.0,0.673469387755102,0.5387755102040817,2,Unsatisfied,Mid Loyalty
836,35,Male,Boots,Footwear,26,Maryland,L,Indigo,Summer,2.5,Yes,Next Day Air,Yes,21,Debit Card,Weekly,5,0.075,0.40816326530612246,0.24158163265306123,Low Value,1.0,0.7040816326530612,0.563265306122449,2,Unsatisfied,Mid Loyalty
837,23,Male,Gloves,Accessories,90,West Virginia,L,Violet,Winter,3.9,Yes,Store Pickup,Yes,22,Cash,Fortnightly,4,0.875,0.42857142857142855,0.6517857142857143,Mid Value,0.75,0.5892857142857143,0.4714285714285715,2,Satisfied,Mid Loyalty
838,25,Male,Hoodie,Clothing,28,Illinois,L,Brown,Spring,4.9,Yes,Express,Yes,33,Cash,Quarterly,2,0.1,0.6530612244897959,0.3765306122448979,Mid Value,0.25,0.45153061224489793,0.36122448979591837,2,Satisfied,Mid Loyalty
839,33,Male,Coat,Outerwear,29,Kentucky,M,Gray,Spring,4.3,Yes,Express,Yes,49,Credit Card,Annually,1,0.1125,0.9795918367346939,0.546045918367347,Mid Value,0.0,0.4897959183673469,0.3918367346938776,2,Satisfied,Mid Loyalty
840,48,Male,Shirt,Clothing,31,Illinois,L,Teal,Spring,2.6,Yes,Free Shipping,Yes,10,Debit Card,Quarterly,2,0.1375,0.1836734693877551,0.16058673469387758,Low Value,0.25,0.21683673469387754,0.17346938775510204,2,Unsatisfied,Low Loyalty
841,42,Male,Shirt,Clothing,24,Alabama,L,Teal,Summer,4.2,Yes,2-Day Shipping,Yes,18,PayPal,Weekly,5,0.05,0.3469387755102041,0.19846938775510203,Low Value,1.0,0.673469387755102,0.5387755102040817,2,Satisfied,Mid Loyalty
842,55,Male,Sweater,Clothing,88,Texas,M,Beige,Summer,2.6,Yes,Store Pickup,Yes,28,PayPal,Fortnightly,4,0.85,0.5510204081632653,0.7005102040816327,High Value,0.75,0.6505102040816326,0.5204081632653061,2,Unsatisfied,Mid Loyalty
843,59,Male,Shirt,Clothing,87,Missouri,M,Violet,Spring,3.6,Yes,Express,Yes,25,PayPal,Weekly,5,0.8375,0.4897959183673469,0.6636479591836735,Mid Value,1.0,0.7448979591836735,0.5959183673469388,2,Unsatisfied,Mid Loyalty
844,65,Male,Hoodie,Clothing,80,Pennsylvania,S,Beige,Summer,3.2,Yes,Express,Yes,6,PayPal,Weekly,5,0.75,0.10204081632653061,0.4260204081632653,Mid Value,1.0,0.5510204081632653,0.4408163265306122,2,Unsatisfied,Mid Loyalty
845,59,Male,Sandals,Footwear,48,Missouri,L,Purple,Winter,4.4,Yes,Express,Yes,44,Venmo,Fortnightly,4,0.35,0.8775510204081632,0.6137755102040816,Mid Value,0.75,0.8137755102040816,0.6510204081632653,2,Satisfied,Mid Loyalty
846,31,Male,Belt,Accessories,21,Michigan,XL,Charcoal,Winter,3.7,Yes,Standard,Yes,30,Venmo,Monthly,3,0.0125,0.5918367346938775,0.30216836734693875,Low Value,0.5,0.5459183673469388,0.43673469387755104,2,Unsatisfied,Mid Loyalty
847,49,Male,Boots,Footwear,72,Kentucky,M,Pink,Spring,3.7,Yes,Express,Yes,42,Debit Card,Quarterly,2,0.65,0.8367346938775511,0.7433673469387756,High Value,0.25,0.5433673469387755,0.43469387755102046,2,Unsatisfied,Mid Loyalty
848,53,Male,Hoodie,Clothing,44,New Jersey,L,Blue,Fall,4.1,Yes,Standard,Yes,30,PayPal,Monthly,3,0.3,0.5918367346938775,0.4459183673469388,Mid Value,0.5,0.5459183673469388,0.43673469387755104,2,Satisfied,Mid Loyalty
849,48,Male,Sandals,Footwear,73,Delaware,M,Lavender,Fall,3.6,Yes,Store Pickup,Yes,33,Credit Card,Fortnightly,4,0.6625,0.6530612244897959,0.6577806122448979,Mid Value,0.75,0.7015306122448979,0.5612244897959183,2,Unsatisfied,Mid Loyalty
850,23,Male,Jeans,Clothing,61,Missouri,S,Charcoal,Spring,4.3,Yes,Express,Yes,24,PayPal,Quarterly,2,0.5125,0.46938775510204084,0.4909438775510204,Mid Value,0.25,0.35969387755102045,0.2877551020408164,2,Satisfied,Low Loyalty
851,68,Male,Shoes,Footwear,20,Connecticut,L,Turquoise,Winter,2.6,Yes,Store Pickup,Yes,13,Venmo,Monthly,3,0.0,0.24489795918367346,0.12244897959183673,Low Value,0.5,0.37244897959183676,0.2979591836734694,2,Unsatisfied,Low Loyalty
852,35,Male,Sandals,Footwear,86,Massachusetts,M,Red,Summer,2.9,Yes,Express,Yes,19,Debit Card,Monthly,3,0.825,0.3673469387755102,0.5961734693877551,Mid Value,0.5,0.4336734693877551,0.3469387755102041,2,Unsatisfied,Mid Loyalty
853,34,Male,Dress,Clothing,60,Florida,L,Yellow,Spring,4.2,Yes,Next Day Air,Yes,23,Debit Card,Quarterly,2,0.5,0.4489795918367347,0.4744897959183674,Mid Value,0.25,0.3494897959183674,0.2795918367346939,2,Satisfied,Low Loyalty
854,62,Male,Hat,Accessories,43,Delaware,L,Orange,Winter,4.0,Yes,Free Shipping,Yes,35,Cash,Monthly,3,0.2875,0.6938775510204082,0.49068877551020407,Mid Value,0.5,0.596938775510204,0.4775510204081632,2,Satisfied,Mid Loyalty
855,21,Male,Pants,Clothing,44,California,L,Blue,Spring,4.3,Yes,Free Shipping,Yes,22,Venmo,Monthly,3,0.3,0.42857142857142855,0.36428571428571427,Mid Value,0.5,0.4642857142857143,0.37142857142857144,2,Satisfied,Mid Loyalty
856,70,Male,Socks,Clothing,76,Oregon,L,Gold,Spring,3.0,Yes,2-Day Shipping,Yes,14,Credit Card,Quarterly,2,0.7,0.2653061224489796,0.4826530612244898,Mid Value,0.25,0.25765306122448983,0.20612244897959187,2,Unsatisfied,Low Loyalty
857,55,Male,Shirt,Clothing,33,Alaska,M,Gold,Summer,3.5,Yes,Express,Yes,47,Debit Card,Fortnightly,4,0.1625,0.9387755102040817,0.5506377551020408,Mid Value,0.75,0.8443877551020409,0.6755102040816328,2,Unsatisfied,High Loyalty
858,43,Male,Shorts,Clothing,60,Missouri,L,Cyan,Fall,3.0,Yes,Standard,Yes,50,Debit Card,Quarterly,2,0.5,1.0,0.75,High Value,0.25,0.625,0.5,2,Unsatisfied,Mid Loyalty
859,19,Male,Jacket,Outerwear,26,Oklahoma,L,Olive,Fall,3.1,Yes,Free Shipping,Yes,33,PayPal,Weekly,5,0.075,0.6530612244897959,0.3640306122448979,Mid Value,1.0,0.8265306122448979,0.6612244897959183,2,Unsatisfied,Mid Loyalty
860,47,Male,Hoodie,Clothing,73,Wisconsin,M,Teal,Winter,4.0,Yes,Next Day Air,Yes,7,Debit Card,Monthly,3,0.6625,0.12244897959183673,0.39247448979591837,Mid Value,0.5,0.3112244897959184,0.2489795918367347,2,Satisfied,Low Loyalty
861,26,Male,Shoes,Footwear,87,South Carolina,M,Maroon,Spring,4.1,Yes,Standard,Yes,3,Cash,Monthly,3,0.8375,0.04081632653061224,0.43915816326530616,Mid Value,0.5,0.27040816326530615,0.21632653061224494,2,Satisfied,Low Loyalty
862,46,Male,Skirt,Clothing,100,Virginia,XL,Green,Spring,3.8,Yes,2-Day Shipping,Yes,35,Credit Card,Quarterly,2,1.0,0.6938775510204082,0.846938775510204,High Value,0.25,0.4719387755102041,0.3775510204081633,2,Unsatisfied,Mid Loyalty
863,19,Male,Coat,Outerwear,84,Arkansas,M,Charcoal,Winter,4.9,Yes,Standard,Yes,13,PayPal,Fortnightly,4,0.8,0.24489795918367346,0.5224489795918368,Mid Value,0.75,0.49744897959183676,0.39795918367346944,2,Satisfied,Mid Loyalty
864,49,Male,Sneakers,Footwear,41,Vermont,M,Cyan,Summer,3.9,Yes,Standard,Yes,42,PayPal,Fortnightly,4,0.2625,0.8367346938775511,0.5496173469387755,Mid Value,0.75,0.7933673469387755,0.6346938775510205,2,Satisfied,Mid Loyalty
865,51,Male,Jeans,Clothing,59,Kentucky,S,Charcoal,Winter,3.9,Yes,Next Day Air,Yes,5,PayPal,Annually,1,0.4875,0.08163265306122448,0.28456632653061226,Low Value,0.0,0.04081632653061224,0.03265306122448979,2,Satisfied,Low Loyalty
866,64,Male,Blouse,Clothing,26,Colorado,L,Charcoal,Winter,4.8,Yes,Store Pickup,Yes,23,Venmo,Annually,1,0.075,0.4489795918367347,0.26198979591836735,Low Value,0.0,0.22448979591836735,0.1795918367346939,2,Satisfied,Low Loyalty
867,67,Male,Sunglasses,Accessories,69,New Mexico,M,Lavender,Summer,2.7,Yes,Free Shipping,Yes,11,PayPal,Fortnightly,4,0.6125,0.20408163265306123,0.40829081632653064,Mid Value,0.75,0.4770408163265306,0.3816326530612245,2,Unsatisfied,Mid Loyalty
868,37,Male,Jacket,Outerwear,20,Colorado,M,Turquoise,Spring,3.1,Yes,Free Shipping,Yes,23,Bank Transfer,Fortnightly,4,0.0,0.4489795918367347,0.22448979591836735,Low Value,0.75,0.5994897959183674,0.4795918367346939,2,Unsatisfied,Mid Loyalty
869,40,Male,Dress,Clothing,83,North Carolina,M,Green,Summer,3.2,Yes,Next Day Air,Yes,2,Credit Card,Quarterly,2,0.7875,0.02040816326530612,0.40395408163265306,Mid Value,0.25,0.13520408163265307,0.10816326530612247,2,Unsatisfied,Low Loyalty
870,38,Male,Hat,Accessories,54,New Hampshire,M,Silver,Spring,2.7,Yes,2-Day Shipping,Yes,33,PayPal,Weekly,5,0.425,0.6530612244897959,0.5390306122448979,Mid Value,1.0,0.8265306122448979,0.6612244897959183,2,Unsatisfied,Mid Loyalty
871,66,Male,Hoodie,Clothing,66,West Virginia,M,Blue,Fall,2.5,Yes,Standard,Yes,6,Bank Transfer,Fortnightly,4,0.575,0.10204081632653061,0.3385204081632653,Mid Value,0.75,0.4260204081632653,0.3408163265306123,2,Unsatisfied,Mid Loyalty
872,47,Male,Handbag,Accessories,42,Hawaii,M,Charcoal,Spring,2.6,Yes,Next Day Air,Yes,45,Debit Card,Quarterly,2,0.275,0.8979591836734694,0.5864795918367347,Mid Value,0.25,0.5739795918367347,0.4591836734693878,2,Unsatisfied,Mid Loyalty
873,56,Male,Jeans,Clothing,33,North Dakota,M,Pink,Spring,2.9,Yes,Standard,Yes,25,Cash,Quarterly,2,0.1625,0.4897959183673469,0.32614795918367345,Low Value,0.25,0.36989795918367346,0.29591836734693877,2,Unsatisfied,Low Loyalty
874,51,Male,Boots,Footwear,77,Mississippi,M,Pink,Summer,4.2,Yes,Free Shipping,Yes,24,Venmo,Quarterly,2,0.7125,0.46938775510204084,0.5909438775510204,Mid Value,0.25,0.35969387755102045,0.2877551020408164,2,Satisfied,Low Loyalty
875,25,Male,Jacket,Outerwear,65,Maine,M,Magenta,Fall,4.4,Yes,Free Shipping,Yes,10,Venmo,Quarterly,2,0.5625,0.1836734693877551,0.37308673469387754,Mid Value,0.25,0.21683673469387754,0.17346938775510204,2,Satisfied,Low Loyalty
876,37,Male,Sandals,Footwear,39,North Dakota,L,Gray,Summer,4.1,Yes,Free Shipping,Yes,7,Bank Transfer,Quarterly,2,0.2375,0.12244897959183673,0.17997448979591835,Low Value,0.25,0.18622448979591838,0.1489795918367347,2,Satisfied,Low Loyalty
877,41,Male,Belt,Accessories,51,Nebraska,L,Gray,Summer,3.8,Yes,2-Day Shipping,Yes,1,Debit Card,Weekly,5,0.3875,0.0,0.19375,Low Value,1.0,0.5,0.4,2,Unsatisfied,Mid Loyalty
878,64,Male,Handbag,Accessories,65,Nebraska,M,Orange,Winter,4.9,Yes,Next Day Air,Yes,45,Venmo,Quarterly,2,0.5625,0.8979591836734694,0.7302295918367347,High Value,0.25,0.5739795918367347,0.4591836734693878,2,Satisfied,Mid Loyalty
879,23,Male,Sunglasses,Accessories,89,Tennessee,S,Black,Summer,4.9,Yes,Express,Yes,37,Debit Card,Weekly,5,0.8625,0.7346938775510204,0.7985969387755103,High Value,1.0,0.8673469387755102,0.6938775510204082,2,Satisfied,High Loyalty
880,62,Male,Skirt,Clothing,76,Wyoming,S,Lavender,Spring,4.1,Yes,Free Shipping,Yes,14,PayPal,Quarterly,2,0.7,0.2653061224489796,0.4826530612244898,Mid Value,0.25,0.25765306122448983,0.20612244897959187,2,Satisfied,Low Loyalty
881,39,Male,Backpack,Accessories,75,Nevada,L,Red,Spring,3.1,Yes,Express,Yes,25,Debit Card,Monthly,3,0.6875,0.4897959183673469,0.5886479591836735,Mid Value,0.5,0.49489795918367346,0.3959183673469388,2,Unsatisfied,Mid Loyalty
882,52,Male,Sandals,Footwear,61,South Carolina,M,Silver,Summer,2.7,Yes,Next Day Air,Yes,18,Venmo,Annually,1,0.5125,0.3469387755102041,0.429719387755102,Mid Value,0.0,0.17346938775510204,0.13877551020408163,2,Unsatisfied,Low Loyalty
883,50,Male,Boots,Footwear,35,Virginia,M,Cyan,Fall,3.8,Yes,Next Day Air,Yes,37,Cash,Quarterly,2,0.1875,0.7346938775510204,0.4610969387755102,Mid Value,0.25,0.4923469387755102,0.3938775510204082,2,Unsatisfied,Mid Loyalty
884,28,Male,Sneakers,Footwear,37,Pennsylvania,S,Gold,Fall,4.3,Yes,Free Shipping,Yes,30,Bank Transfer,Monthly,3,0.2125,0.5918367346938775,0.4021683673469388,Mid Value,0.5,0.5459183673469388,0.43673469387755104,2,Satisfied,Mid Loyalty
885,67,Male,Skirt,Clothing,91,Hawaii,L,Yellow,Winter,4.1,Yes,Express,Yes,34,Bank Transfer,Weekly,5,0.8875,0.673469387755102,0.7804846938775509,High Value,1.0,0.8367346938775511,0.6693877551020408,2,Satisfied,High Loyalty
886,41,Male,Dress,Clothing,99,Ohio,L,Purple,Fall,4.4,Yes,Free Shipping,Yes,49,Debit Card,Quarterly,2,0.9875,0.9795918367346939,0.983545918367347,High Value,0.25,0.6147959183673469,0.49183673469387756,2,Satisfied,Mid Loyalty
887,19,Male,Shorts,Clothing,54,Utah,S,Brown,Summer,3.6,Yes,Express,Yes,48,Bank Transfer,Monthly,3,0.425,0.9591836734693877,0.6920918367346939,High Value,0.5,0.7295918367346939,0.5836734693877551,2,Unsatisfied,Mid Loyalty
888,70,Male,Handbag,Accessories,47,Minnesota,L,Turquoise,Winter,3.3,Yes,2-Day Shipping,Yes,33,PayPal,Fortnightly,4,0.3375,0.6530612244897959,0.49528061224489794,Mid Value,0.75,0.7015306122448979,0.5612244897959183,2,Unsatisfied,Mid Loyalty
889,49,Male,Scarf,Accessories,77,New Hampshire,S,Gold,Spring,3.8,Yes,Express,Yes,44,Cash,Annually,1,0.7125,0.8775510204081632,0.7950255102040816,High Value,0.0,0.4387755102040816,0.3510204081632653,2,Unsatisfied,Mid Loyalty
890,59,Male,Belt,Accessories,84,Arizona,S,Olive,Fall,2.8,Yes,Free Shipping,Yes,50,Venmo,Weekly,5,0.8,1.0,0.9,High Value,1.0,1.0,0.8,2,Unsatisfied,High Loyalty
891,52,Male,Gloves,Accessories,51,New York,S,Purple,Spring,4.3,Yes,2-Day Shipping,Yes,47,Credit Card,Monthly,3,0.3875,0.9387755102040817,0.6631377551020409,Mid Value,0.5,0.7193877551020409,0.5755102040816328,2,Satisfied,Mid Loyalty
892,20,Male,Skirt,Clothing,26,Pennsylvania,S,Lavender,Summer,3.9,Yes,Store Pickup,Yes,24,PayPal,Quarterly,2,0.075,0.46938775510204084,0.2721938775510204,Low Value,0.25,0.35969387755102045,0.2877551020408164,2,Satisfied,Low Loyalty
893,31,Male,Shorts,Clothing,64,New Mexico,L,Gray,Summer,2.7,Yes,Free Shipping,Yes,43,Debit Card,Monthly,3,0.55,0.8571428571428571,0.7035714285714285,High Value,0.5,0.6785714285714286,0.5428571428571429,2,Unsatisfied,Mid Loyalty
894,33,Male,Backpack,Accessories,51,Nebraska,M,Red,Spring,4.7,Yes,Express,Yes,14,Venmo,Monthly,3,0.3875,0.2653061224489796,0.3264030612244898,Low Value,0.5,0.38265306122448983,0.3061224489795919,2,Satisfied,Low Loyalty
895,44,Male,Hoodie,Clothing,60,Wyoming,L,Purple,Spring,3.8,Yes,Free Shipping,Yes,3,Debit Card,Quarterly,2,0.5,0.04081632653061224,0.27040816326530615,Low Value,0.25,0.14540816326530612,0.1163265306122449,2,Unsatisfied,Low Loyalty
896,40,Male,Hat,Accessories,69,Mississippi,XL,Olive,Spring,4.7,Yes,Next Day Air,Yes,33,Debit Card,Quarterly,2,0.6125,0.6530612244897959,0.632780612244898,Mid Value,0.25,0.45153061224489793,0.36122448979591837,2,Satisfied,Mid Loyalty
897,69,Male,Jewelry,Accessories,29,Arkansas,M,Lavender,Spring,4.7,Yes,Express,Yes,38,Cash,Fortnightly,4,0.1125,0.7551020408163265,0.43380102040816326,Mid Value,0.75,0.7525510204081632,0.6020408163265306,2,Satisfied,Mid Loyalty
898,29,Male,Shirt,Clothing,91,Illinois,M,Gray,Spring,3.4,Yes,Express,Yes,46,Venmo,Weekly,5,0.8875,0.9183673469387755,0.9029336734693878,High Value,1.0,0.9591836734693877,0.7673469387755102,2,Unsatisfied,High Loyalty
899,54,Male,Belt,Accessories,70,Nevada,L,Red,Spring,3.5,Yes,2-Day Shipping,Yes,19,Bank Transfer,Quarterly,2,0.625,0.3673469387755102,0.4961734693877551,Mid Value,0.25,0.3086734693877551,0.24693877551020407,2,Unsatisfied,Low Loyalty
900,65,Male,Sweater,Clothing,58,Rhode Island,M,Peach,Summer,4.0,Yes,Standard,Yes,20,PayPal,Annually,1,0.475,0.3877551020408163,0.43137755102040815,Mid Value,0.0,0.19387755102040816,0.15510204081632653,2,Satisfied,Low Loyalty
901,54,Male,Hat,Accessories,98,West Virginia,L,Gray,Fall,3.3,Yes,Free Shipping,Yes,42,Bank Transfer,Quarterly,2,0.975,0.8367346938775511,0.9058673469387755,High Value,0.25,0.5433673469387755,0.43469387755102046,2,Unsatisfied,Mid Loyalty
902,60,Male,Scarf,Accessories,68,Missouri,L,Violet,Summer,4.7,Yes,2-Day Shipping,Yes,34,Cash,Monthly,3,0.6,0.673469387755102,0.636734693877551,Mid Value,0.5,0.5867346938775511,0.4693877551020409,2,Satisfied,Mid Loyalty
903,43,Male,Hat,Accessories,44,Kentucky,M,Beige,Summer,2.8,Yes,Next Day Air,Yes,5,Cash,Monthly,3,0.3,0.08163265306122448,0.19081632653061223,Low Value,0.5,0.29081632653061223,0.2326530612244898,2,Unsatisfied,Low Loyalty
904,44,Male,Jacket,Outerwear,45,Washington,M,Blue,Winter,3.3,Yes,Express,Yes,3,PayPal,Quarterly,2,0.3125,0.04081632653061224,0.17665816326530612,Low Value,0.25,0.14540816326530612,0.1163265306122449,2,Unsatisfied,Low Loyalty
905,69,Male,T-shirt,Clothing,99,Alaska,L,Magenta,Spring,2.9,Yes,Free Shipping,Yes,46,PayPal,Quarterly,2,0.9875,0.9183673469387755,0.9529336734693878,High Value,0.25,0.5841836734693877,0.4673469387755102,2,Unsatisfied,Mid Loyalty
906,46,Male,Dress,Clothing,68,Mississippi,S,Cyan,Spring,2.8,Yes,Standard,Yes,16,Venmo,Annually,1,0.6,0.30612244897959184,0.4530612244897959,Mid Value,0.0,0.15306122448979592,0.12244897959183675,2,Unsatisfied,Low Loyalty
907,41,Male,Pants,Clothing,56,South Carolina,M,Red,Spring,4.2,Yes,Standard,Yes,21,Debit Card,Fortnightly,4,0.45,0.40816326530612246,0.4290816326530612,Mid Value,0.75,0.5790816326530612,0.463265306122449,2,Satisfied,Mid Loyalty
908,32,Male,Sweater,Clothing,43,Missouri,L,Cyan,Winter,4.4,Yes,Express,Yes,34,Credit Card,Fortnightly,4,0.2875,0.673469387755102,0.480484693877551,Mid Value,0.75,0.7117346938775511,0.5693877551020409,2,Satisfied,Mid Loyalty
909,26,Male,Sunglasses,Accessories,99,New Jersey,M,Turquoise,Winter,3.6,Yes,Free Shipping,Yes,9,PayPal,Quarterly,2,0.9875,0.16326530612244897,0.5753826530612245,Mid Value,0.25,0.20663265306122447,0.16530612244897958,2,Unsatisfied,Low Loyalty
910,61,Male,Belt,Accessories,56,Louisiana,L,Silver,Fall,2.7,Yes,Express,Yes,36,PayPal,Weekly,5,0.45,0.7142857142857143,0.5821428571428572,Mid Value,1.0,0.8571428571428572,0.6857142857142858,2,Unsatisfied,High Loyalty
911,49,Male,Hoodie,Clothing,25,South Carolina,S,Pink,Spring,3.4,Yes,Express,Yes,22,Credit Card,Monthly,3,0.0625,0.42857142857142855,0.24553571428571427,Low Value,0.5,0.4642857142857143,0.37142857142857144,2,Unsatisfied,Mid Loyalty
912,53,Male,Pants,Clothing,74,Vermont,M,Black,Winter,2.8,Yes,2-Day Shipping,Yes,2,Bank Transfer,Quarterly,2,0.675,0.02040816326530612,0.3477040816326531,Mid Value,0.25,0.13520408163265307,0.10816326530612247,2,Unsatisfied,Low Loyalty
913,24,Male,Hoodie,Clothing,56,Arkansas,M,Green,Winter,3.4,Yes,Next Day Air,Yes,32,Bank Transfer,Monthly,3,0.45,0.6326530612244898,0.5413265306122449,Mid Value,0.5,0.5663265306122449,0.45306122448979597,2,Unsatisfied,Mid Loyalty
914,37,Male,Sneakers,Footwear,47,Utah,M,Yellow,Fall,2.6,Yes,Next Day Air,Yes,29,Cash,Quarterly,2,0.3375,0.5714285714285714,0.4544642857142857,Mid Value,0.25,0.4107142857142857,0.32857142857142857,2,Unsatisfied,Low Loyalty
915,43,Male,Dress,Clothing,67,Washington,L,Purple,Summer,4.1,Yes,Standard,Yes,27,Venmo,Quarterly,2,0.5875,0.5306122448979592,0.5590561224489796,Mid Value,0.25,0.3903061224489796,0.3122448979591837,2,Satisfied,Low Loyalty
916,31,Male,Dress,Clothing,22,Rhode Island,L,Purple,Winter,2.9,Yes,Store Pickup,Yes,33,Credit Card,Fortnightly,4,0.025,0.6530612244897959,0.33903061224489794,Mid Value,0.75,0.7015306122448979,0.5612244897959183,2,Unsatisfied,Mid Loyalty
917,49,Male,Jeans,Clothing,34,Illinois,S,Blue,Spring,2.7,Yes,Standard,Yes,16,Venmo,Monthly,3,0.175,0.30612244897959184,0.24056122448979592,Low Value,0.5,0.4030612244897959,0.32244897959183677,2,Unsatisfied,Low Loyalty
918,69,Male,Sweater,Clothing,64,Missouri,M,Maroon,Spring,3.7,Yes,Standard,Yes,11,Bank Transfer,Quarterly,2,0.55,0.20408163265306123,0.37704081632653064,Mid Value,0.25,0.22704081632653061,0.1816326530612245,2,Unsatisfied,Low Loyalty
919,65,Male,Shorts,Clothing,42,North Carolina,M,Orange,Spring,4.3,Yes,2-Day Shipping,Yes,11,Cash,Fortnightly,4,0.275,0.20408163265306123,0.23954081632653063,Low Value,0.75,0.4770408163265306,0.3816326530612245,2,Satisfied,Mid Loyalty
920,41,Male,Shirt,Clothing,82,Massachusetts,L,Green,Winter,2.6,Yes,2-Day Shipping,Yes,17,Debit Card,Fortnightly,4,0.775,0.32653061224489793,0.550765306122449,Mid Value,0.75,0.5382653061224489,0.4306122448979592,2,Unsatisfied,Mid Loyalty
921,37,Male,Belt,Accessories,81,Arkansas,XL,Gold,Summer,4.3,Yes,Free Shipping,Yes,37,Cash,Weekly,5,0.7625,0.7346938775510204,0.7485969387755103,High Value,1.0,0.8673469387755102,0.6938775510204082,2,Satisfied,High Loyalty
922,70,Male,Coat,Outerwear,24,South Dakota,L,Silver,Summer,4.1,Yes,Express,Yes,18,PayPal,Weekly,5,0.05,0.3469387755102041,0.19846938775510203,Low Value,1.0,0.673469387755102,0.5387755102040817,2,Satisfied,Mid Loyalty
923,63,Male,Sneakers,Footwear,60,Georgia,M,Cyan,Fall,4.2,Yes,Standard,Yes,13,Credit Card,Monthly,3,0.5,0.24489795918367346,0.37244897959183676,Mid Value,0.5,0.37244897959183676,0.2979591836734694,2,Satisfied,Low Loyalty
924,55,Male,Shirt,Clothing,24,Arkansas,M,Silver,Spring,4.2,Yes,2-Day Shipping,Yes,7,PayPal,Weekly,5,0.05,0.12244897959183673,0.08622448979591837,Low Value,1.0,0.5612244897959183,0.4489795918367347,2,Satisfied,Mid Loyalty
925,52,Male,Socks,Clothing,78,Kansas,XL,Beige,Winter,3.1,Yes,Standard,Yes,37,Cash,Quarterly,2,0.725,0.7346938775510204,0.7298469387755102,High Value,0.25,0.4923469387755102,0.3938775510204082,2,Unsatisfied,Mid Loyalty
926,22,Male,Jeans,Clothing,88,Arizona,L,Teal,Winter,4.9,Yes,Express,Yes,8,Cash,Monthly,3,0.85,0.14285714285714285,0.49642857142857144,Mid Value,0.5,0.3214285714285714,0.2571428571428571,2,Satisfied,Low Loyalty
927,54,Male,Jeans,Clothing,63,Massachusetts,XL,Green,Spring,4.4,Yes,Express,Yes,11,Cash,Fortnightly,4,0.5375,0.20408163265306123,0.3707908163265306,Mid Value,0.75,0.4770408163265306,0.3816326530612245,2,Satisfied,Mid Loyalty
928,28,Male,Sneakers,Footwear,78,New Mexico,L,Black,Summer,4.4,Yes,Standard,Yes,8,Venmo,Fortnightly,4,0.725,0.14285714285714285,0.43392857142857144,Mid Value,0.75,0.4464285714285714,0.35714285714285715,2,Satisfied,Mid Loyalty
929,67,Male,Dress,Clothing,37,Arkansas,XL,Yellow,Winter,3.4,Yes,Store Pickup,Yes,31,Cash,Quarterly,2,0.2125,0.6122448979591837,0.41237244897959185,Mid Value,0.25,0.43112244897959184,0.3448979591836735,2,Unsatisfied,Mid Loyalty
930,59,Male,Boots,Footwear,94,Nebraska,M,White,Fall,4.5,Yes,2-Day Shipping,Yes,26,Debit Card,Fortnightly,4,0.925,0.5102040816326531,0.7176020408163266,High Value,0.75,0.6301020408163265,0.5040816326530612,2,Satisfied,Mid Loyalty
931,26,Male,T-shirt,Clothing,78,Hawaii,L,Green,Fall,4.5,Yes,Store Pickup,Yes,20,Credit Card,Fortnightly,4,0.725,0.3877551020408163,0.5563775510204081,Mid Value,0.75,0.5688775510204082,0.45510204081632655,2,Satisfied,Mid Loyalty
932,24,Male,Coat,Outerwear,36,Nebraska,M,Silver,Winter,4.1,Yes,Standard,Yes,24,Bank Transfer,Fortnightly,4,0.2,0.46938775510204084,0.3346938775510204,Low Value,0.75,0.6096938775510204,0.4877551020408164,2,Satisfied,Mid Loyalty
933,62,Male,Skirt,Clothing,24,Indiana,L,Blue,Winter,3.2,Yes,Standard,Yes,45,Debit Card,Fortnightly,4,0.05,0.8979591836734694,0.4739795918367347,Mid Value,0.75,0.8239795918367347,0.6591836734693879,2,Unsatisfied,Mid Loyalty
934,70,Male,Sneakers,Footwear,84,Colorado,M,Magenta,Spring,2.7,Yes,Store Pickup,Yes,33,Debit Card,Monthly,3,0.8,0.6530612244897959,0.726530612244898,High Value,0.5,0.5765306122448979,0.46122448979591835,2,Unsatisfied,Mid Loyalty
935,45,Male,Jeans,Clothing,47,Oregon,S,Yellow,Spring,3.7,Yes,Express,Yes,21,Bank Transfer,Monthly,3,0.3375,0.40816326530612246,0.37283163265306124,Mid Value,0.5,0.45408163265306123,0.363265306122449,2,Unsatisfied,Mid Loyalty
936,58,Male,Hoodie,Clothing,51,Ohio,L,White,Fall,2.6,Yes,Store Pickup,Yes,2,Bank Transfer,Fortnightly,4,0.3875,0.02040816326530612,0.20395408163265308,Low Value,0.75,0.3852040816326531,0.3081632653061225,2,Unsatisfied,Low Loyalty
937,31,Male,Shoes,Footwear,84,Maine,M,Pink,Summer,2.7,Yes,Free Shipping,Yes,28,Cash,Weekly,5,0.8,0.5510204081632653,0.6755102040816326,High Value,1.0,0.7755102040816326,0.6204081632653061,2,Unsatisfied,Mid Loyalty
938,32,Male,Shorts,Clothing,24,Iowa,M,Magenta,Summer,2.7,Yes,Express,Yes,18,Venmo,Quarterly,2,0.05,0.3469387755102041,0.19846938775510203,Low Value,0.25,0.298469387755102,0.2387755102040816,2,Unsatisfied,Low Loyalty
939,36,Male,Blouse,Clothing,97,Wisconsin,S,Teal,Fall,4.8,Yes,Free Shipping,Yes,21,Debit Card,Fortnightly,4,0.9625,0.40816326530612246,0.6853316326530612,High Value,0.75,0.5790816326530612,0.463265306122449,2,Satisfied,Mid Loyalty
940,25,Male,T-shirt,Clothing,89,New York,L,Indigo,Winter,4.8,Yes,Next Day Air,Yes,24,Credit Card,Monthly,3,0.8625,0.46938775510204084,0.6659438775510205,Mid Value,0.5,0.48469387755102045,0.38775510204081637,2,Satisfied,Mid Loyalty
941,48,Male,Belt,Accessories,44,Colorado,S,Maroon,Spring,2.6,Yes,Store Pickup,Yes,15,PayPal,Quarterly,2,0.3,0.2857142857142857,0.2928571428571428,Low Value,0.25,0.26785714285714285,0.2142857142857143,2,Unsatisfied,Low Loyalty
942,39,Male,Handbag,Accessories,35,Illinois,L,Black,Winter,4.5,Yes,2-Day Shipping,Yes,38,PayPal,Quarterly,2,0.1875,0.7551020408163265,0.47130102040816324,Mid Value,0.25,0.5025510204081632,0.4020408163265306,2,Satisfied,Mid Loyalty
943,26,Male,Dress,Clothing,91,Arizona,M,Cyan,Winter,3.2,Yes,Express,Yes,38,PayPal,Fortnightly,4,0.8875,0.7551020408163265,0.8213010204081632,High Value,0.75,0.7525510204081632,0.6020408163265306,2,Unsatisfied,Mid Loyalty
944,32,Male,Hat,Accessories,63,Oklahoma,L,Cyan,Winter,3.8,Yes,Next Day Air,Yes,13,Venmo,Fortnightly,4,0.5375,0.24489795918367346,0.3911989795918367,Mid Value,0.75,0.49744897959183676,0.39795918367346944,2,Unsatisfied,Mid Loyalty
945,54,Male,Belt,Accessories,97,Indiana,S,Gray,Spring,4.8,Yes,Express,Yes,39,Cash,Fortnightly,4,0.9625,0.7755102040816326,0.8690051020408163,High Value,0.75,0.7627551020408163,0.610204081632653,2,Satisfied,Mid Loyalty
946,38,Male,Boots,Footwear,38,Minnesota,M,Violet,Summer,4.1,Yes,Store Pickup,Yes,8,Venmo,Quarterly,2,0.225,0.14285714285714285,0.18392857142857144,Low Value,0.25,0.19642857142857142,0.15714285714285714,2,Satisfied,Low Loyalty
947,46,Male,Coat,Outerwear,24,Pennsylvania,XL,Blue,Spring,2.8,Yes,Next Day Air,Yes,4,PayPal,Quarterly,2,0.05,0.061224489795918366,0.055612244897959184,Low Value,0.25,0.1556122448979592,0.12448979591836735,2,Unsatisfied,Low Loyalty
948,57,Male,Blouse,Clothing,32,Indiana,M,Charcoal,Winter,3.9,Yes,Store Pickup,Yes,6,Cash,Quarterly,2,0.15,0.10204081632653061,0.12602040816326532,Low Value,0.25,0.1760204081632653,0.14081632653061224,2,Satisfied,Low Loyalty
949,49,Male,Hat,Accessories,90,Alabama,L,Olive,Summer,4.9,Yes,Express,Yes,11,Venmo,Quarterly,2,0.875,0.20408163265306123,0.5395408163265306,Mid Value,0.25,0.22704081632653061,0.1816326530612245,2,Satisfied,Low Loyalty
950,33,Male,Jeans,Clothing,36,Montana,M,Olive,Summer,3.4,Yes,Standard,Yes,49,Venmo,Monthly,3,0.2,0.9795918367346939,0.5897959183673469,Mid Value,0.5,0.7397959183673469,0.5918367346938775,2,Unsatisfied,Mid Loyalty
951,54,Male,Backpack,Accessories,37,New Mexico,XL,Turquoise,Winter,4.1,Yes,Free Shipping,Yes,30,PayPal,Quarterly,2,0.2125,0.5918367346938775,0.4021683673469388,Mid Value,0.25,0.42091836734693877,0.33673469387755106,2,Satisfied,Mid Loyalty
952,47,Male,Dress,Clothing,51,Alaska,M,Cyan,Summer,2.9,Yes,Express,Yes,34,Bank Transfer,Monthly,3,0.3875,0.673469387755102,0.530484693877551,Mid Value,0.5,0.5867346938775511,0.4693877551020409,2,Unsatisfied,Mid Loyalty
953,36,Male,Hat,Accessories,71,Idaho,S,Red,Fall,3.1,Yes,2-Day Shipping,Yes,28,PayPal,Monthly,3,0.6375,0.5510204081632653,0.5942602040816326,Mid Value,0.5,0.5255102040816326,0.4204081632653061,2,Unsatisfied,Mid Loyalty
954,68,Male,Sunglasses,Accessories,50,Utah,S,Cyan,Spring,3.6,Yes,2-Day Shipping,Yes,36,Venmo,Quarterly,2,0.375,0.7142857142857143,0.5446428571428572,Mid Value,0.25,0.48214285714285715,0.38571428571428573,2,Unsatisfied,Mid Loyalty
955,60,Male,Hat,Accessories,74,Louisiana,S,Turquoise,Fall,3.5,Yes,Standard,Yes,18,Credit Card,Quarterly,2,0.675,0.3469387755102041,0.510969387755102,Mid Value,0.25,0.298469387755102,0.2387755102040816,2,Unsatisfied,Low Loyalty
956,55,Male,Dress,Clothing,75,Mississippi,L,Lavender,Summer,3.4,Yes,Free Shipping,Yes,4,PayPal,Monthly,3,0.6875,0.061224489795918366,0.37436224489795916,Mid Value,0.5,0.28061224489795916,0.22448979591836735,2,Unsatisfied,Low Loyalty
957,29,Male,Shirt,Clothing,99,Mississippi,XL,Cyan,Spring,2.9,Yes,2-Day Shipping,Yes,42,Debit Card,Quarterly,2,0.9875,0.8367346938775511,0.9121173469387756,High Value,0.25,0.5433673469387755,0.43469387755102046,2,Unsatisfied,Mid Loyalty
958,38,Male,Scarf,Accessories,23,Indiana,XL,Violet,Spring,4.7,Yes,Store Pickup,Yes,11,Cash,Quarterly,2,0.0375,0.20408163265306123,0.12079081632653062,Low Value,0.25,0.22704081632653061,0.1816326530612245,2,Satisfied,Low Loyalty
959,70,Male,Sneakers,Footwear,53,Washington,XL,Beige,Winter,4.4,Yes,Free Shipping,Yes,31,Credit Card,Fortnightly,4,0.4125,0.6122448979591837,0.5123724489795918,Mid Value,0.75,0.6811224489795918,0.5448979591836735,2,Satisfied,Mid Loyalty
960,36,Male,Skirt,Clothing,99,Nevada,M,Cyan,Spring,2.6,Yes,Standard,Yes,12,Cash,Fortnightly,4,0.9875,0.22448979591836735,0.6059948979591837,Mid Value,0.75,0.4872448979591837,0.38979591836734695,2,Unsatisfied,Mid Loyalty
961,18,Male,Jewelry,Accessories,48,Louisiana,XL,Indigo,Spring,4.4,Yes,Standard,Yes,20,Venmo,Quarterly,2,0.35,0.3877551020408163,0.36887755102040815,Mid Value,0.25,0.31887755102040816,0.25510204081632654,2,Satisfied,Low Loyalty
962,62,Male,Boots,Footwear,72,Pennsylvania,L,Olive,Fall,3.7,Yes,Next Day Air,Yes,37,Debit Card,Quarterly,2,0.65,0.7346938775510204,0.6923469387755102,High Value,0.25,0.4923469387755102,0.3938775510204082,2,Unsatisfied,Mid Loyalty
963,29,Male,Sunglasses,Accessories,64,Michigan,L,Green,Spring,4.4,Yes,Standard,Yes,26,Debit Card,Fortnightly,4,0.55,0.5102040816326531,0.5301020408163266,Mid Value,0.75,0.6301020408163265,0.5040816326530612,2,Satisfied,Mid Loyalty
964,21,Male,Boots,Footwear,63,South Carolina,L,Green,Spring,2.5,Yes,2-Day Shipping,Yes,14,Credit Card,Weekly,5,0.5375,0.2653061224489796,0.40140306122448977,Mid Value,1.0,0.6326530612244898,0.5061224489795919,2,Unsatisfied,Mid Loyalty
965,42,Male,Sandals,Footwear,51,Arizona,M,Beige,Spring,2.6,Yes,Next Day Air,Yes,12,Venmo,Fortnightly,4,0.3875,0.22448979591836735,0.30599489795918366,Low Value,0.75,0.4872448979591837,0.38979591836734695,2,Unsatisfied,Mid Loyalty
966,43,Male,Boots,Footwear,55,Delaware,L,Black,Spring,5.0,Yes,Store Pickup,Yes,10,Credit Card,Annually,1,0.4375,0.1836734693877551,0.31058673469387754,Low Value,0.0,0.09183673469387756,0.07346938775510205,2,Satisfied,Low Loyalty
967,58,Male,Dress,Clothing,55,Kentucky,M,Brown,Spring,4.9,Yes,Express,Yes,19,Cash,Annually,1,0.4375,0.3673469387755102,0.4024234693877551,Mid Value,0.0,0.1836734693877551,0.1469387755102041,2,Satisfied,Low Loyalty
968,27,Male,Hoodie,Clothing,26,Georgia,S,Silver,Summer,3.7,Yes,Store Pickup,Yes,4,Cash,Weekly,5,0.075,0.061224489795918366,0.06811224489795918,Low Value,1.0,0.5306122448979592,0.4244897959183674,2,Unsatisfied,Mid Loyalty
969,57,Male,Shorts,Clothing,67,North Carolina,L,Gray,Summer,3.1,Yes,Next Day Air,Yes,48,Bank Transfer,Quarterly,2,0.5875,0.9591836734693877,0.7733418367346938,High Value,0.25,0.6045918367346939,0.48367346938775513,2,Unsatisfied,Mid Loyalty
970,40,Male,Coat,Outerwear,31,California,S,Pink,Fall,3.2,Yes,Express,Yes,37,PayPal,Monthly,3,0.1375,0.7346938775510204,0.43609693877551026,Mid Value,0.5,0.6173469387755102,0.49387755102040815,2,Unsatisfied,Mid Loyalty
971,45,Male,Jeans,Clothing,66,California,S,Maroon,Winter,4.4,Yes,Free Shipping,Yes,4,Cash,Monthly,3,0.575,0.061224489795918366,0.31811224489795914,Low Value,0.5,0.28061224489795916,0.22448979591836735,2,Satisfied,Low Loyalty
972,47,Male,Sunglasses,Accessories,67,Indiana,M,Cyan,Summer,4.3,Yes,Next Day Air,Yes,15,Credit Card,Weekly,5,0.5875,0.2857142857142857,0.43660714285714286,Mid Value,1.0,0.6428571428571428,0.5142857142857142,2,Satisfied,Mid Loyalty
973,61,Male,Sneakers,Footwear,61,Colorado,L,Gold,Winter,3.0,Yes,Standard,Yes,33,Credit Card,Weekly,5,0.5125,0.6530612244897959,0.582780612244898,Mid Value,1.0,0.8265306122448979,0.6612244897959183,2,Unsatisfied,Mid Loyalty
974,60,Male,Jacket,Outerwear,75,Colorado,M,Teal,Fall,3.5,Yes,2-Day Shipping,Yes,30,Bank Transfer,Quarterly,2,0.6875,0.5918367346938775,0.6396683673469388,Mid Value,0.25,0.42091836734693877,0.33673469387755106,2,Unsatisfied,Mid Loyalty
975,69,Male,Skirt,Clothing,90,North Carolina,M,Beige,Spring,3.6,Yes,2-Day Shipping,Yes,23,Bank Transfer,Monthly,3,0.875,0.4489795918367347,0.6619897959183674,Mid Value,0.5,0.4744897959183674,0.37959183673469393,2,Unsatisfied,Mid Loyalty
976,58,Male,Sweater,Clothing,40,Washington,M,Olive,Summer,3.8,Yes,2-Day Shipping,Yes,2,Bank Transfer,Weekly,5,0.25,0.02040816326530612,0.13520408163265307,Low Value,1.0,0.5102040816326531,0.40816326530612246,2,Unsatisfied,Mid Loyalty
977,34,Male,T-shirt,Clothing,90,Florida,M,Gray,Fall,3.6,Yes,Express,Yes,50,Credit Card,Quarterly,2,0.875,1.0,0.9375,High Value,0.25,0.625,0.5,2,Unsatisfied,Mid Loyalty
978,20,Male,Belt,Accessories,20,Washington,M,Black,Spring,4.6,Yes,Express,Yes,34,Cash,Fortnightly,4,0.0,0.673469387755102,0.336734693877551,Low Value,0.75,0.7117346938775511,0.5693877551020409,2,Satisfied,Mid Loyalty
979,56,Male,Gloves,Accessories,40,Colorado,M,Turquoise,Summer,2.5,Yes,Standard,Yes,33,Credit Card,Weekly,5,0.25,0.6530612244897959,0.45153061224489793,Mid Value,1.0,0.8265306122448979,0.6612244897959183,2,Unsatisfied,Mid Loyalty
980,64,Male,Hat,Accessories,33,New Hampshire,S,Brown,Fall,3.5,Yes,Store Pickup,Yes,34,Debit Card,Monthly,3,0.1625,0.673469387755102,0.417984693877551,Mid Value,0.5,0.5867346938775511,0.4693877551020409,2,Unsatisfied,Mid Loyalty
981,56,Male,Boots,Footwear,98,Maryland,S,Magenta,Spring,4.0,Yes,Free Shipping,Yes,39,PayPal,Quarterly,2,0.975,0.7755102040816326,0.8752551020408164,High Value,0.25,0.5127551020408163,0.4102040816326531,2,Satisfied,Mid Loyalty
982,27,Male,Belt,Accessories,42,Maryland,M,Silver,Spring,3.5,Yes,Next Day Air,Yes,47,Credit Card,Quarterly,2,0.275,0.9387755102040817,0.6068877551020408,Mid Value,0.25,0.5943877551020409,0.47551020408163275,2,Unsatisfied,Mid Loyalty
983,35,Male,Coat,Outerwear,62,Texas,S,Red,Summer,3.2,Yes,Standard,Yes,37,PayPal,Monthly,3,0.525,0.7346938775510204,0.6298469387755102,Mid Value,0.5,0.6173469387755102,0.49387755102040815,2,Unsatisfied,Mid Loyalty
984,24,Male,Hat,Accessories,45,New Mexico,L,Indigo,Winter,3.5,Yes,Free Shipping,Yes,40,Venmo,Fortnightly,4,0.3125,0.7959183673469388,0.5542091836734694,Mid Value,0.75,0.7729591836734694,0.6183673469387756,2,Unsatisfied,Mid Loyalty
985,26,Male,Shoes,Footwear,78,Utah,M,Green,Summer,3.4,Yes,Free Shipping,Yes,8,Credit Card,Fortnightly,4,0.725,0.14285714285714285,0.43392857142857144,Mid Value,0.75,0.4464285714285714,0.35714285714285715,2,Unsatisfied,Mid Loyalty
986,32,Male,Handbag,Accessories,80,West Virginia,M,Gray,Fall,5.0,Yes,Express,Yes,12,Bank Transfer,Annually,1,0.75,0.22448979591836735,0.4872448979591837,Mid Value,0.0,0.11224489795918367,0.08979591836734695,2,Satisfied,Low Loyalty
987,54,Male,Scarf,Accessories,96,Connecticut,S,Peach,Spring,4.5,Yes,Store Pickup,Yes,36,Bank Transfer,Monthly,3,0.95,0.7142857142857143,0.8321428571428571,High Value,0.5,0.6071428571428572,0.48571428571428577,2,Satisfied,Mid Loyalty
988,62,Male,Handbag,Accessories,47,West Virginia,M,Charcoal,Summer,2.8,Yes,Express,Yes,48,PayPal,Weekly,5,0.3375,0.9591836734693877,0.6483418367346938,Mid Value,1.0,0.9795918367346939,0.7836734693877552,2,Unsatisfied,High Loyalty
989,50,Male,Pants,Clothing,84,Ohio,M,Orange,Winter,4.9,Yes,2-Day Shipping,Yes,47,PayPal,Fortnightly,4,0.8,0.9387755102040817,0.8693877551020408,High Value,0.75,0.8443877551020409,0.6755102040816328,2,Satisfied,High Loyalty
990,70,Male,Shoes,Footwear,31,Texas,M,Beige,Spring,3.1,Yes,Store Pickup,Yes,2,Bank Transfer,Monthly,3,0.1375,0.02040816326530612,0.07895408163265306,Low Value,0.5,0.2602040816326531,0.20816326530612247,2,Unsatisfied,Low Loyalty
991,48,Male,Sunglasses,Accessories,63,Washington,S,Yellow,Spring,4.8,Yes,Store Pickup,Yes,24,Cash,Weekly,5,0.5375,0.46938775510204084,0.5034438775510204,Mid Value,1.0,0.7346938775510204,0.5877551020408164,2,Satisfied,Mid Loyalty
992,20,Male,Shorts,Clothing,97,Wisconsin,XL,White,Spring,2.7,Yes,Standard,Yes,40,Bank Transfer,Fortnightly,4,0.9625,0.7959183673469388,0.8792091836734695,High Value,0.75,0.7729591836734694,0.6183673469387756,2,Unsatisfied,Mid Loyalty
993,46,Male,Jacket,Outerwear,99,Louisiana,M,Gray,Winter,4.6,Yes,Express,Yes,50,Debit Card,Weekly,5,0.9875,1.0,0.99375,High Value,1.0,1.0,0.8,2,Satisfied,High Loyalty
994,51,Male,Sandals,Footwear,90,Iowa,M,Peach,Winter,4.4,Yes,Store Pickup,Yes,25,Cash,Weekly,5,0.875,0.4897959183673469,0.6823979591836735,High Value,1.0,0.7448979591836735,0.5959183673469388,2,Satisfied,Mid Loyalty
995,53,Male,Shoes,Footwear,68,New York,L,Violet,Fall,3.2,Yes,Express,Yes,20,Debit Card,Monthly,3,0.6,0.3877551020408163,0.49387755102040815,Mid Value,0.5,0.44387755102040816,0.35510204081632657,2,Unsatisfied,Mid Loyalty
996,44,Male,Jewelry,Accessories,80,Idaho,M,Magenta,Spring,3.0,Yes,2-Day Shipping,Yes,10,Venmo,Weekly,5,0.75,0.1836734693877551,0.46683673469387754,Mid Value,1.0,0.5918367346938775,0.47346938775510206,2,Unsatisfied,Mid Loyalty
997,29,Male,Sandals,Footwear,91,Delaware,L,Maroon,Summer,4.9,Yes,Standard,Yes,32,Bank Transfer,Quarterly,2,0.8875,0.6326530612244898,0.7600765306122449,High Value,0.25,0.4413265306122449,0.35306122448979593,2,Satisfied,Mid Loyalty
998,64,Male,Pants,Clothing,30,Kentucky,M,Cyan,Spring,3.6,Yes,Express,Yes,31,Cash,Fortnightly,4,0.125,0.6122448979591837,0.36862244897959184,Mid Value,0.75,0.6811224489795918,0.5448979591836735,2,Unsatisfied,Mid Loyalty
999,51,Male,Shoes,Footwear,90,Connecticut,M,White,Spring,3.8,Yes,Next Day Air,Yes,48,Bank Transfer,Fortnightly,4,0.875,0.9591836734693877,0.9170918367346939,High Value,0.75,0.8545918367346939,0.6836734693877551,2,Unsatisfied,High Loyalty
1000,50,Male,Socks,Clothing,28,New Mexico,L,Brown,Spring,2.9,Yes,Standard,Yes,23,Debit Card,Monthly,3,0.1,0.4489795918367347,0.27448979591836736,Low Value,0.5,0.4744897959183674,0.37959183673469393,2,Unsatisfied,Mid Loyalty
1001,43,Male,Socks,Clothing,46,Georgia,M,Red,Winter,3.9,Yes,Express,Yes,1,Bank Transfer,Fortnightly,4,0.325,0.0,0.1625,Low Value,0.75,0.375,0.30000000000000004,2,Satisfied,Low Loyalty
1002,61,Male,Dress,Clothing,60,Washington,M,Orange,Fall,3.6,Yes,Standard,Yes,4,Debit Card,Fortnightly,4,0.5,0.061224489795918366,0.28061224489795916,Low Value,0.75,0.40561224489795916,0.32448979591836735,2,Unsatisfied,Low Loyalty
1003,55,Male,Shoes,Footwear,59,North Dakota,M,White,Spring,3.5,Yes,Store Pickup,Yes,3,Bank Transfer,Fortnightly,4,0.4875,0.04081632653061224,0.2641581632653061,Low Value,0.75,0.39540816326530615,0.3163265306122449,2,Unsatisfied,Low Loyalty
1004,56,Male,Hat,Accessories,68,Ohio,M,Green,Fall,4.0,Yes,Store Pickup,Yes,3,Cash,Fortnightly,4,0.6,0.04081632653061224,0.32040816326530613,Low Value,0.75,0.39540816326530615,0.3163265306122449,2,Satisfied,Low Loyalty
1005,33,Male,Backpack,Accessories,79,Tennessee,M,Black,Summer,4.8,Yes,2-Day Shipping,Yes,44,Cash,Annually,1,0.7375,0.8775510204081632,0.8075255102040817,High Value,0.0,0.4387755102040816,0.3510204081632653,2,Satisfied,Mid Loyalty
1006,43,Male,Backpack,Accessories,94,New York,M,Gold,Winter,3.9,Yes,Store Pickup,Yes,5,Debit Card,Fortnightly,4,0.925,0.08163265306122448,0.5033163265306123,Mid Value,0.75,0.41581632653061223,0.3326530612244898,2,Satisfied,Low Loyalty
1007,21,Male,Pants,Clothing,83,Michigan,S,Lavender,Summer,4.5,Yes,Next Day Air,Yes,50,Venmo,Quarterly,2,0.7875,1.0,0.89375,High Value,0.25,0.625,0.5,2,Satisfied,Mid Loyalty
1008,58,Male,Gloves,Accessories,62,Georgia,XL,Turquoise,Spring,4.8,Yes,Standard,Yes,2,Credit Card,Annually,1,0.525,0.02040816326530612,0.2727040816326531,Low Value,0.0,0.01020408163265306,0.008163265306122448,2,Satisfied,Low Loyalty
1009,41,Male,Scarf,Accessories,85,New Mexico,M,Pink,Spring,2.6,Yes,Store Pickup,Yes,29,PayPal,Annually,1,0.8125,0.5714285714285714,0.6919642857142857,High Value,0.0,0.2857142857142857,0.22857142857142856,2,Unsatisfied,Low Loyalty
1010,39,Male,Hoodie,Clothing,30,Louisiana,M,Silver,Summer,3.1,Yes,Express,Yes,11,Venmo,Annually,1,0.125,0.20408163265306123,0.16454081632653061,Low Value,0.0,0.10204081632653061,0.0816326530612245,2,Unsatisfied,Low Loyalty
1011,54,Male,Jeans,Clothing,24,South Dakota,XL,Gray,Spring,4.7,Yes,2-Day Shipping,Yes,37,Credit Card,Fortnightly,4,0.05,0.7346938775510204,0.39234693877551025,Mid Value,0.75,0.7423469387755102,0.5938775510204082,2,Satisfied,Mid Loyalty
1012,43,Male,Backpack,Accessories,25,Montana,L,Indigo,Spring,2.9,Yes,Next Day Air,Yes,32,Debit Card,Fortnightly,4,0.0625,0.6326530612244898,0.3475765306122449,Mid Value,0.75,0.6913265306122449,0.553061224489796,2,Unsatisfied,Mid Loyalty
1013,28,Male,Sandals,Footwear,37,New Mexico,L,Teal,Summer,3.8,Yes,Express,Yes,27,Credit Card,Annually,1,0.2125,0.5306122448979592,0.3715561224489796,Mid Value,0.0,0.2653061224489796,0.2122448979591837,2,Unsatisfied,Low Loyalty
1014,59,Male,Belt,Accessories,69,South Carolina,XL,Green,Summer,3.8,Yes,2-Day Shipping,Yes,31,Venmo,Fortnightly,4,0.6125,0.6122448979591837,0.6123724489795919,Mid Value,0.75,0.6811224489795918,0.5448979591836735,2,Unsatisfied,Mid Loyalty
1015,28,Male,Shoes,Footwear,97,Ohio,M,Violet,Summer,3.0,Yes,Standard,Yes,36,Debit Card,Fortnightly,4,0.9625,0.7142857142857143,0.8383928571428572,High Value,0.75,0.7321428571428572,0.5857142857142857,2,Unsatisfied,Mid Loyalty
1016,68,Male,Gloves,Accessories,24,North Carolina,M,Cyan,Summer,4.1,Yes,Standard,Yes,34,Cash,Weekly,5,0.05,0.673469387755102,0.36173469387755103,Mid Value,1.0,0.8367346938775511,0.6693877551020408,2,Satisfied,High Loyalty
1017,20,Male,Belt,Accessories,30,Idaho,XL,Blue,Summer,3.4,Yes,Express,Yes,15,Bank Transfer,Quarterly,2,0.125,0.2857142857142857,0.20535714285714285,Low Value,0.25,0.26785714285714285,0.2142857142857143,2,Unsatisfied,Low Loyalty
1018,21,Male,Jacket,Outerwear,53,Oklahoma,L,Orange,Fall,2.5,Yes,Express,Yes,14,Credit Card,Annually,1,0.4125,0.2653061224489796,0.33890306122448977,Mid Value,0.0,0.1326530612244898,0.10612244897959185,2,Unsatisfied,Low Loyalty
1019,50,Male,Dress,Clothing,70,Georgia,XL,Charcoal,Spring,4.9,Yes,Next Day Air,Yes,46,Cash,Weekly,5,0.625,0.9183673469387755,0.7716836734693877,High Value,1.0,0.9591836734693877,0.7673469387755102,2,Satisfied,High Loyalty
1020,32,Male,Shirt,Clothing,76,Kentucky,S,Beige,Winter,2.8,Yes,Standard,Yes,33,Venmo,Fortnightly,4,0.7,0.6530612244897959,0.676530612244898,High Value,0.75,0.7015306122448979,0.5612244897959183,2,Unsatisfied,Mid Loyalty
1021,24,Male,Scarf,Accessories,95,Delaware,M,Black,Fall,4.5,Yes,Express,Yes,41,Debit Card,Annually,1,0.9375,0.8163265306122449,0.8769132653061225,High Value,0.0,0.40816326530612246,0.326530612244898,2,Satisfied,Low Loyalty
1022,55,Male,Coat,Outerwear,51,Massachusetts,S,Lavender,Winter,4.9,Yes,2-Day Shipping,Yes,39,PayPal,Weekly,5,0.3875,0.7755102040816326,0.5815051020408163,Mid Value,1.0,0.8877551020408163,0.7102040816326531,2,Satisfied,High Loyalty
1023,61,Male,Handbag,Accessories,41,Nebraska,M,Lavender,Winter,4.9,Yes,Store Pickup,Yes,7,Cash,Annually,1,0.2625,0.12244897959183673,0.19247448979591836,Low Value,0.0,0.061224489795918366,0.0489795918367347,2,Satisfied,Low Loyalty
1024,61,Male,Sunglasses,Accessories,71,Maine,S,Turquoise,Winter,3.5,Yes,Free Shipping,Yes,29,Bank Transfer,Quarterly,2,0.6375,0.5714285714285714,0.6044642857142857,Mid Value,0.25,0.4107142857142857,0.32857142857142857,2,Unsatisfied,Low Loyalty
1025,28,Male,T-shirt,Clothing,66,Pennsylvania,M,Purple,Summer,3.5,Yes,Free Shipping,Yes,18,Venmo,Quarterly,2,0.575,0.3469387755102041,0.460969387755102,Mid Value,0.25,0.298469387755102,0.2387755102040816,2,Unsatisfied,Low Loyalty
1026,60,Male,Shirt,Clothing,84,Nebraska,M,Olive,Winter,4.9,Yes,Free Shipping,Yes,15,Credit Card,Annually,1,0.8,0.2857142857142857,0.5428571428571429,Mid Value,0.0,0.14285714285714285,0.11428571428571428,2,Satisfied,Low Loyalty
1027,49,Male,Handbag,Accessories,95,Virginia,L,Turquoise,Winter,3.0,Yes,Express,Yes,39,PayPal,Fortnightly,4,0.9375,0.7755102040816326,0.8565051020408163,High Value,0.75,0.7627551020408163,0.610204081632653,2,Unsatisfied,Mid Loyalty
1028,33,Male,Jewelry,Accessories,90,Ohio,L,Teal,Summer,2.8,Yes,Next Day Air,Yes,11,Cash,Monthly,3,0.875,0.20408163265306123,0.5395408163265306,Mid Value,0.5,0.3520408163265306,0.2816326530612245,2,Unsatisfied,Low Loyalty
1029,45,Male,Hoodie,Clothing,36,Nebraska,S,Lavender,Summer,3.7,Yes,Standard,Yes,4,Cash,Fortnightly,4,0.2,0.061224489795918366,0.1306122448979592,Low Value,0.75,0.40561224489795916,0.32448979591836735,2,Unsatisfied,Low Loyalty
1030,29,Male,Gloves,Accessories,22,Ohio,M,Purple,Spring,3.6,Yes,2-Day Shipping,Yes,33,Venmo,Fortnightly,4,0.025,0.6530612244897959,0.33903061224489794,Mid Value,0.75,0.7015306122448979,0.5612244897959183,2,Unsatisfied,Mid Loyalty
1031,58,Male,Coat,Outerwear,89,Kentucky,L,Blue,Winter,3.3,Yes,Next Day Air,Yes,37,Debit Card,Quarterly,2,0.8625,0.7346938775510204,0.7985969387755103,High Value,0.25,0.4923469387755102,0.3938775510204082,2,Unsatisfied,Mid Loyalty
1032,22,Male,Sandals,Footwear,50,Tennessee,M,Teal,Spring,3.4,Yes,Free Shipping,Yes,32,Cash,Quarterly,2,0.375,0.6326530612244898,0.5038265306122449,Mid Value,0.25,0.4413265306122449,0.35306122448979593,2,Unsatisfied,Mid Loyalty
1033,55,Male,Boots,Footwear,36,Maine,M,Lavender,Fall,4.0,Yes,Free Shipping,Yes,44,Credit Card,Quarterly,2,0.2,0.8775510204081632,0.5387755102040817,Mid Value,0.25,0.5637755102040816,0.4510204081632653,2,Satisfied,Mid Loyalty
1034,19,Male,Pants,Clothing,52,Montana,S,Silver,Spring,4.6,Yes,Free Shipping,Yes,41,Bank Transfer,Quarterly,2,0.4,0.8163265306122449,0.6081632653061224,Mid Value,0.25,0.5331632653061225,0.42653061224489797,2,Satisfied,Mid Loyalty
1035,68,Male,Socks,Clothing,29,Maryland,M,Olive,Fall,4.2,Yes,Next Day Air,Yes,44,Bank Transfer,Weekly,5,0.1125,0.8775510204081632,0.49502551020408164,Mid Value,1.0,0.9387755102040816,0.7510204081632653,2,Satisfied,High Loyalty
1036,61,Male,Blouse,Clothing,89,Georgia,M,Brown,Fall,2.8,Yes,Express,Yes,32,Venmo,Annually,1,0.8625,0.6326530612244898,0.7475765306122449,High Value,0.0,0.3163265306122449,0.25306122448979596,2,Unsatisfied,Low Loyalty
1037,68,Male,Handbag,Accessories,47,Hawaii,M,Yellow,Fall,3.7,Yes,2-Day Shipping,Yes,13,Bank Transfer,Monthly,3,0.3375,0.24489795918367346,0.2911989795918367,Low Value,0.5,0.37244897959183676,0.2979591836734694,2,Unsatisfied,Low Loyalty
1038,52,Male,Jewelry,Accessories,25,Rhode Island,XL,Brown,Spring,3.4,Yes,Standard,Yes,48,Debit Card,Quarterly,2,0.0625,0.9591836734693877,0.5108418367346939,Mid Value,0.25,0.6045918367346939,0.48367346938775513,2,Unsatisfied,Mid Loyalty
1039,41,Male,Pants,Clothing,74,Nebraska,XL,Cyan,Fall,3.0,Yes,Express,Yes,3,Bank Transfer,Weekly,5,0.675,0.04081632653061224,0.35790816326530617,Mid Value,1.0,0.5204081632653061,0.41632653061224495,2,Unsatisfied,Mid Loyalty
1040,29,Male,Belt,Accessories,46,Michigan,M,Magenta,Fall,4.8,Yes,Standard,Yes,39,Venmo,Monthly,3,0.325,0.7755102040816326,0.5502551020408163,Mid Value,0.5,0.6377551020408163,0.5102040816326531,2,Satisfied,Mid Loyalty
1041,68,Male,Jeans,Clothing,22,North Carolina,S,Magenta,Fall,4.0,Yes,Next Day Air,Yes,7,Cash,Fortnightly,4,0.025,0.12244897959183673,0.07372448979591836,Low Value,0.75,0.4362244897959184,0.3489795918367347,2,Satisfied,Mid Loyalty
1042,36,Male,Shirt,Clothing,25,Minnesota,M,Orange,Summer,4.9,Yes,Next Day Air,Yes,11,Cash,Fortnightly,4,0.0625,0.20408163265306123,0.13329081632653061,Low Value,0.75,0.4770408163265306,0.3816326530612245,2,Satisfied,Mid Loyalty
1043,55,Male,Belt,Accessories,80,Maryland,M,Maroon,Spring,4.9,Yes,Next Day Air,Yes,47,Credit Card,Weekly,5,0.75,0.9387755102040817,0.8443877551020409,High Value,1.0,0.9693877551020409,0.7755102040816327,2,Satisfied,High Loyalty
1044,28,Male,Jeans,Clothing,76,Hawaii,M,Green,Spring,3.3,Yes,2-Day Shipping,Yes,28,Debit Card,Fortnightly,4,0.7,0.5510204081632653,0.6255102040816326,Mid Value,0.75,0.6505102040816326,0.5204081632653061,2,Unsatisfied,Mid Loyalty
1045,39,Male,Jeans,Clothing,30,Oregon,L,Teal,Summer,4.4,Yes,Next Day Air,Yes,17,Bank Transfer,Quarterly,2,0.125,0.32653061224489793,0.22576530612244897,Low Value,0.25,0.28826530612244894,0.23061224489795917,2,Satisfied,Low Loyalty
1046,54,Male,Sweater,Clothing,79,New Mexico,L,Black,Fall,3.5,Yes,2-Day Shipping,Yes,11,PayPal,Fortnightly,4,0.7375,0.20408163265306123,0.47079081632653064,Mid Value,0.75,0.4770408163265306,0.3816326530612245,2,Unsatisfied,Mid Loyalty
1047,40,Male,Sneakers,Footwear,22,Illinois,M,Magenta,Winter,4.2,Yes,Standard,Yes,12,Venmo,Annually,1,0.025,0.22448979591836735,0.12474489795918367,Low Value,0.0,0.11224489795918367,0.08979591836734695,2,Satisfied,Low Loyalty
1048,31,Male,Socks,Clothing,36,Utah,S,Olive,Fall,4.2,Yes,Standard,Yes,7,Credit Card,Fortnightly,4,0.2,0.12244897959183673,0.16122448979591836,Low Value,0.75,0.4362244897959184,0.3489795918367347,2,Satisfied,Mid Loyalty
1049,30,Male,Socks,Clothing,77,Maine,L,Yellow,Fall,2.7,Yes,Standard,Yes,19,Venmo,Fortnightly,4,0.7125,0.3673469387755102,0.5399234693877552,Mid Value,0.75,0.5586734693877551,0.4469387755102041,2,Unsatisfied,Mid Loyalty
1050,45,Male,Sunglasses,Accessories,33,Virginia,S,Purple,Fall,2.8,Yes,Store Pickup,Yes,24,Cash,Quarterly,2,0.1625,0.46938775510204084,0.31594387755102044,Low Value,0.25,0.35969387755102045,0.2877551020408164,2,Unsatisfied,Low Loyalty
1051,48,Male,Sneakers,Footwear,64,Florida,M,Beige,Winter,3.8,Yes,Next Day Air,Yes,19,Venmo,Monthly,3,0.55,0.3673469387755102,0.4586734693877551,Mid Value,0.5,0.4336734693877551,0.3469387755102041,2,Unsatisfied,Mid Loyalty
1052,45,Male,Socks,Clothing,53,Ohio,M,Indigo,Fall,2.6,Yes,Free Shipping,Yes,39,PayPal,Annually,1,0.4125,0.7755102040816326,0.5940051020408164,Mid Value,0.0,0.3877551020408163,0.31020408163265306,2,Unsatisfied,Low Loyalty
1053,60,Male,Shoes,Footwear,36,Virginia,XL,Pink,Fall,3.0,Yes,2-Day Shipping,Yes,1,Credit Card,Fortnightly,4,0.2,0.0,0.1,Low Value,0.75,0.375,0.30000000000000004,2,Unsatisfied,Low Loyalty
1054,59,Male,Blouse,Clothing,70,Kansas,M,Blue,Spring,3.3,No,2-Day Shipping,Yes,10,Debit Card,Fortnightly,4,0.625,0.1836734693877551,0.40433673469387754,Mid Value,0.75,0.46683673469387754,0.3734693877551021,1,Unsatisfied,Mid Loyalty
1055,18,Male,Shorts,Clothing,96,Arkansas,L,Cyan,Winter,4.9,No,Express,Yes,48,PayPal,Quarterly,2,0.95,0.9591836734693877,0.9545918367346938,High Value,0.25,0.6045918367346939,0.48367346938775513,1,Satisfied,Mid Loyalty
1056,70,Male,Jacket,Outerwear,27,Massachusetts,M,Orange,Spring,3.3,No,Next Day Air,Yes,24,Debit Card,Annually,1,0.0875,0.46938775510204084,0.2784438775510204,Low Value,0.0,0.23469387755102042,0.18775510204081636,1,Unsatisfied,Low Loyalty
1057,20,Male,Sweater,Clothing,64,Idaho,L,Black,Winter,2.9,No,2-Day Shipping,Yes,42,Venmo,Fortnightly,4,0.55,0.8367346938775511,0.6933673469387756,High Value,0.75,0.7933673469387755,0.6346938775510205,1,Unsatisfied,Mid Loyalty
1058,65,Male,Jacket,Outerwear,23,Wisconsin,S,Maroon,Spring,4.4,No,2-Day Shipping,Yes,20,Credit Card,Weekly,5,0.0375,0.3877551020408163,0.21262755102040815,Low Value,1.0,0.6938775510204082,0.5551020408163265,1,Satisfied,Mid Loyalty
1059,29,Male,Scarf,Accessories,33,New Mexico,L,Violet,Summer,3.1,No,Next Day Air,Yes,49,Bank Transfer,Quarterly,2,0.1625,0.9795918367346939,0.571045918367347,Mid Value,0.25,0.6147959183673469,0.49183673469387756,1,Unsatisfied,Mid Loyalty
1060,22,Male,Jacket,Outerwear,34,North Carolina,M,Beige,Winter,2.5,No,Standard,Yes,25,Debit Card,Monthly,3,0.175,0.4897959183673469,0.33239795918367343,Low Value,0.5,0.49489795918367346,0.3959183673469388,1,Unsatisfied,Mid Loyalty
1061,27,Male,Sweater,Clothing,35,Iowa,S,Gray,Summer,2.6,No,Next Day Air,Yes,21,Debit Card,Quarterly,2,0.1875,0.40816326530612246,0.29783163265306123,Low Value,0.25,0.32908163265306123,0.26326530612244897,1,Unsatisfied,Low Loyalty
1062,36,Male,Coat,Outerwear,62,Idaho,M,Gray,Summer,4.4,No,Free Shipping,Yes,12,Venmo,Quarterly,2,0.525,0.22448979591836735,0.3747448979591837,Mid Value,0.25,0.2372448979591837,0.18979591836734697,1,Satisfied,Low Loyalty
1063,59,Male,Boots,Footwear,75,Ohio,M,Brown,Fall,2.6,No,Next Day Air,Yes,21,Debit Card,Quarterly,2,0.6875,0.40816326530612246,0.5478316326530612,Mid Value,0.25,0.32908163265306123,0.26326530612244897,1,Unsatisfied,Low Loyalty
1064,62,Male,Hoodie,Clothing,29,Alabama,S,Indigo,Summer,3.3,No,Free Shipping,Yes,35,Cash,Monthly,3,0.1125,0.6938775510204082,0.4031887755102041,Mid Value,0.5,0.596938775510204,0.4775510204081632,1,Unsatisfied,Mid Loyalty
1065,34,Male,Hat,Accessories,28,Wyoming,M,Violet,Spring,3.5,No,Express,Yes,42,Credit Card,Quarterly,2,0.1,0.8367346938775511,0.4683673469387755,Mid Value,0.25,0.5433673469387755,0.43469387755102046,1,Unsatisfied,Mid Loyalty
1066,59,Male,T-shirt,Clothing,20,Alabama,XL,Blue,Spring,4.1,No,Store Pickup,Yes,3,PayPal,Quarterly,2,0.0,0.04081632653061224,0.02040816326530612,Low Value,0.25,0.14540816326530612,0.1163265306122449,1,Satisfied,Low Loyalty
1067,49,Male,Coat,Outerwear,96,Mississippi,M,Red,Winter,4.0,No,Store Pickup,Yes,11,PayPal,Fortnightly,4,0.95,0.20408163265306123,0.5770408163265306,Mid Value,0.75,0.4770408163265306,0.3816326530612245,1,Satisfied,Mid Loyalty
1068,18,Male,Dress,Clothing,43,Pennsylvania,S,Peach,Summer,2.7,No,2-Day Shipping,Yes,22,PayPal,Quarterly,2,0.2875,0.42857142857142855,0.35803571428571423,Mid Value,0.25,0.3392857142857143,0.27142857142857146,1,Unsatisfied,Low Loyalty
1069,55,Male,Shirt,Clothing,94,Wyoming,M,Olive,Fall,2.5,No,Standard,Yes,47,Credit Card,Weekly,5,0.925,0.9387755102040817,0.9318877551020408,High Value,1.0,0.9693877551020409,0.7755102040816327,1,Unsatisfied,High Loyalty
1070,38,Male,Skirt,Clothing,81,Maryland,XL,White,Fall,4.3,No,Next Day Air,Yes,33,Venmo,Quarterly,2,0.7625,0.6530612244897959,0.707780612244898,High Value,0.25,0.45153061224489793,0.36122448979591837,1,Satisfied,Mid Loyalty
1071,50,Male,Jewelry,Accessories,75,North Carolina,M,Magenta,Summer,3.3,No,Free Shipping,Yes,50,Debit Card,Weekly,5,0.6875,1.0,0.84375,High Value,1.0,1.0,0.8,1,Unsatisfied,High Loyalty
1072,61,Male,Hat,Accessories,81,Pennsylvania,M,Beige,Summer,2.6,No,Express,Yes,46,Credit Card,Monthly,3,0.7625,0.9183673469387755,0.8404336734693878,High Value,0.5,0.7091836734693877,0.5673469387755102,1,Unsatisfied,Mid Loyalty
1073,48,Male,Shorts,Clothing,92,Idaho,L,Gold,Fall,3.8,No,Express,Yes,34,Debit Card,Fortnightly,4,0.9,0.673469387755102,0.786734693877551,High Value,0.75,0.7117346938775511,0.5693877551020409,1,Unsatisfied,Mid Loyalty
1074,22,Male,Scarf,Accessories,96,California,XL,Purple,Spring,4.0,No,Store Pickup,Yes,33,Credit Card,Monthly,3,0.95,0.6530612244897959,0.801530612244898,High Value,0.5,0.5765306122448979,0.46122448979591835,1,Satisfied,Mid Loyalty
1075,48,Male,Jewelry,Accessories,71,Tennessee,S,White,Fall,2.6,No,Standard,Yes,45,Bank Transfer,Fortnightly,4,0.6375,0.8979591836734694,0.7677295918367346,High Value,0.75,0.8239795918367347,0.6591836734693879,1,Unsatisfied,Mid Loyalty
1076,57,Male,Sunglasses,Accessories,50,Missouri,L,Indigo,Summer,4.9,No,Next Day Air,Yes,32,Debit Card,Fortnightly,4,0.375,0.6326530612244898,0.5038265306122449,Mid Value,0.75,0.6913265306122449,0.553061224489796,1,Satisfied,Mid Loyalty
1077,33,Male,Coat,Outerwear,72,North Dakota,L,Charcoal,Spring,2.9,No,Standard,Yes,47,Venmo,Fortnightly,4,0.65,0.9387755102040817,0.7943877551020408,High Value,0.75,0.8443877551020409,0.6755102040816328,1,Unsatisfied,High Loyalty
1078,58,Male,Jacket,Outerwear,28,West Virginia,M,Pink,Winter,3.7,No,Standard,Yes,5,PayPal,Quarterly,2,0.1,0.08163265306122448,0.09081632653061225,Low Value,0.25,0.16581632653061223,0.1326530612244898,1,Unsatisfied,Low Loyalty
1079,37,Male,Sweater,Clothing,59,Arizona,M,Silver,Fall,4.4,No,Express,Yes,49,Credit Card,Fortnightly,4,0.4875,0.9795918367346939,0.733545918367347,High Value,0.75,0.8647959183673469,0.6918367346938776,1,Satisfied,High Loyalty
1080,18,Male,Coat,Outerwear,33,Oklahoma,S,Blue,Summer,4.4,No,Free Shipping,Yes,48,Bank Transfer,Monthly,3,0.1625,0.9591836734693877,0.5608418367346939,Mid Value,0.5,0.7295918367346939,0.5836734693877551,1,Satisfied,Mid Loyalty
1081,65,Male,Scarf,Accessories,59,Pennsylvania,L,Blue,Fall,3.8,No,Express,Yes,22,Cash,Quarterly,2,0.4875,0.42857142857142855,0.45803571428571427,Mid Value,0.25,0.3392857142857143,0.27142857142857146,1,Unsatisfied,Low Loyalty
1082,62,Male,Belt,Accessories,30,Idaho,XL,Brown,Spring,4.5,No,Standard,Yes,45,Credit Card,Annually,1,0.125,0.8979591836734694,0.5114795918367347,Mid Value,0.0,0.4489795918367347,0.3591836734693878,1,Satisfied,Mid Loyalty
1083,54,Male,Hat,Accessories,85,South Carolina,XL,Cyan,Winter,2.6,No,Next Day Air,Yes,30,Venmo,Quarterly,2,0.8125,0.5918367346938775,0.7021683673469388,High Value,0.25,0.42091836734693877,0.33673469387755106,1,Unsatisfied,Mid Loyalty
1084,35,Male,Backpack,Accessories,97,Washington,L,Teal,Summer,3.3,No,Store Pickup,Yes,43,Cash,Weekly,5,0.9625,0.8571428571428571,0.9098214285714286,High Value,1.0,0.9285714285714286,0.7428571428571429,1,Unsatisfied,High Loyalty
1085,34,Male,T-shirt,Clothing,36,Arkansas,S,Purple,Fall,4.1,No,Next Day Air,Yes,48,Cash,Quarterly,2,0.2,0.9591836734693877,0.5795918367346938,Mid Value,0.25,0.6045918367346939,0.48367346938775513,1,Satisfied,Mid Loyalty
1086,25,Male,Jewelry,Accessories,85,Utah,M,Turquoise,Winter,3.0,No,Store Pickup,Yes,23,Venmo,Fortnightly,4,0.8125,0.4489795918367347,0.6307397959183674,Mid Value,0.75,0.5994897959183674,0.4795918367346939,1,Unsatisfied,Mid Loyalty
1087,53,Male,Sunglasses,Accessories,62,Alaska,M,Olive,Winter,3.0,No,Free Shipping,Yes,27,PayPal,Fortnightly,4,0.525,0.5306122448979592,0.5278061224489796,Mid Value,0.75,0.6403061224489797,0.5122448979591837,1,Unsatisfied,Mid Loyalty
1088,45,Male,Jeans,Clothing,71,West Virginia,S,White,Winter,3.4,No,Next Day Air,Yes,7,Bank Transfer,Monthly,3,0.6375,0.12244897959183673,0.37997448979591836,Mid Value,0.5,0.3112244897959184,0.2489795918367347,1,Unsatisfied,Low Loyalty
1089,49,Male,Pants,Clothing,21,Louisiana,M,Turquoise,Winter,2.7,No,Free Shipping,Yes,2,PayPal,Weekly,5,0.0125,0.02040816326530612,0.01645408163265306,Low Value,1.0,0.5102040816326531,0.40816326530612246,1,Unsatisfied,Mid Loyalty
1090,40,Male,Backpack,Accessories,61,Arizona,M,Silver,Spring,3.8,No,Next Day Air,Yes,33,PayPal,Fortnightly,4,0.5125,0.6530612244897959,0.582780612244898,Mid Value,0.75,0.7015306122448979,0.5612244897959183,1,Unsatisfied,Mid Loyalty
1091,38,Male,Scarf,Accessories,58,Connecticut,M,Violet,Spring,4.2,No,Store Pickup,Yes,27,Cash,Fortnightly,4,0.475,0.5306122448979592,0.5028061224489796,Mid Value,0.75,0.6403061224489797,0.5122448979591837,1,Satisfied,Mid Loyalty
1092,44,Male,Sweater,Clothing,80,North Carolina,L,Lavender,Spring,4.7,No,Store Pickup,Yes,6,Credit Card,Fortnightly,4,0.75,0.10204081632653061,0.4260204081632653,Mid Value,0.75,0.4260204081632653,0.3408163265306123,1,Satisfied,Mid Loyalty
1093,68,Male,Jewelry,Accessories,50,South Dakota,L,Magenta,Spring,4.1,No,2-Day Shipping,Yes,20,Venmo,Quarterly,2,0.375,0.3877551020408163,0.38137755102040816,Mid Value,0.25,0.31887755102040816,0.25510204081632654,1,Satisfied,Low Loyalty
1094,60,Male,Sneakers,Footwear,48,Delaware,S,Indigo,Winter,4.2,No,2-Day Shipping,Yes,46,Venmo,Quarterly,2,0.35,0.9183673469387755,0.6341836734693878,Mid Value,0.25,0.5841836734693877,0.4673469387755102,1,Satisfied,Mid Loyalty
1095,25,Male,Jewelry,Accessories,40,Connecticut,M,Black,Winter,4.8,No,Next Day Air,Yes,25,Cash,Quarterly,2,0.25,0.4897959183673469,0.36989795918367346,Mid Value,0.25,0.36989795918367346,0.29591836734693877,1,Satisfied,Low Loyalty
1096,19,Male,Coat,Outerwear,34,Tennessee,S,Peach,Summer,3.0,No,Free Shipping,Yes,30,Bank Transfer,Quarterly,2,0.175,0.5918367346938775,0.3834183673469388,Mid Value,0.25,0.42091836734693877,0.33673469387755106,1,Unsatisfied,Mid Loyalty
1097,57,Male,Coat,Outerwear,46,New Hampshire,S,Beige,Fall,2.6,No,Standard,Yes,48,Credit Card,Annually,1,0.325,0.9591836734693877,0.6420918367346938,Mid Value,0.0,0.47959183673469385,0.3836734693877551,1,Unsatisfied,Mid Loyalty
1098,58,Male,Sunglasses,Accessories,27,Vermont,M,Black,Summer,3.2,No,Store Pickup,Yes,47,Bank Transfer,Weekly,5,0.0875,0.9387755102040817,0.5131377551020408,Mid Value,1.0,0.9693877551020409,0.7755102040816327,1,Unsatisfied,High Loyalty
1099,49,Male,Handbag,Accessories,98,Idaho,S,Turquoise,Spring,3.6,No,Next Day Air,Yes,27,Credit Card,Weekly,5,0.975,0.5306122448979592,0.7528061224489796,High Value,1.0,0.7653061224489797,0.6122448979591838,1,Unsatisfied,Mid Loyalty
1100,19,Male,Sweater,Clothing,73,North Carolina,M,Peach,Fall,2.6,No,Next Day Air,Yes,45,Bank Transfer,Fortnightly,4,0.6625,0.8979591836734694,0.7802295918367347,High Value,0.75,0.8239795918367347,0.6591836734693879,1,Unsatisfied,Mid Loyalty
1101,50,Male,Pants,Clothing,28,Nevada,L,Gold,Spring,4.4,No,Express,Yes,2,Credit Card,Weekly,5,0.1,0.02040816326530612,0.06020408163265306,Low Value,1.0,0.5102040816326531,0.40816326530612246,1,Satisfied,Mid Loyalty
1102,30,Male,Gloves,Accessories,76,Delaware,XL,Silver,Fall,3.0,No,Free Shipping,Yes,39,Cash,Fortnightly,4,0.7,0.7755102040816326,0.7377551020408163,High Value,0.75,0.7627551020408163,0.610204081632653,1,Unsatisfied,Mid Loyalty
1103,52,Male,Sweater,Clothing,83,Texas,M,Peach,Fall,2.9,No,Express,Yes,24,Cash,Fortnightly,4,0.7875,0.46938775510204084,0.6284438775510204,Mid Value,0.75,0.6096938775510204,0.4877551020408164,1,Unsatisfied,Mid Loyalty
1104,35,Male,Hoodie,Clothing,23,Tennessee,S,Charcoal,Spring,4.3,No,Free Shipping,Yes,8,Debit Card,Fortnightly,4,0.0375,0.14285714285714285,0.09017857142857143,Low Value,0.75,0.4464285714285714,0.35714285714285715,1,Satisfied,Mid Loyalty
1105,35,Male,Hat,Accessories,28,Delaware,M,Beige,Fall,3.1,No,Express,Yes,8,Bank Transfer,Quarterly,2,0.1,0.14285714285714285,0.12142857142857143,Low Value,0.25,0.19642857142857142,0.15714285714285714,1,Unsatisfied,Low Loyalty
1106,33,Male,T-shirt,Clothing,83,Massachusetts,S,Olive,Spring,3.0,No,Next Day Air,Yes,6,Venmo,Quarterly,2,0.7875,0.10204081632653061,0.4447704081632653,Mid Value,0.25,0.1760204081632653,0.14081632653061224,1,Unsatisfied,Low Loyalty
1107,52,Male,Skirt,Clothing,96,Minnesota,L,Violet,Winter,3.6,No,Store Pickup,Yes,12,Venmo,Fortnightly,4,0.95,0.22448979591836735,0.5872448979591837,Mid Value,0.75,0.4872448979591837,0.38979591836734695,1,Unsatisfied,Mid Loyalty
1108,69,Male,Sneakers,Footwear,62,Texas,M,Peach,Fall,2.8,No,Store Pickup,Yes,26,Bank Transfer,Weekly,5,0.525,0.5102040816326531,0.5176020408163265,Mid Value,1.0,0.7551020408163265,0.6040816326530613,1,Unsatisfied,Mid Loyalty
1109,27,Male,Shorts,Clothing,25,Nebraska,M,Teal,Fall,2.8,No,Standard,Yes,50,Cash,Fortnightly,4,0.0625,1.0,0.53125,Mid Value,0.75,0.875,0.7000000000000001,1,Unsatisfied,High Loyalty
1110,66,Male,Hoodie,Clothing,97,Oklahoma,L,Violet,Winter,3.8,No,Next Day Air,Yes,2,Venmo,Weekly,5,0.9625,0.02040816326530612,0.4914540816326531,Mid Value,1.0,0.5102040816326531,0.40816326530612246,1,Unsatisfied,Mid Loyalty
1111,28,Male,Hoodie,Clothing,61,Texas,L,Cyan,Fall,3.0,No,Standard,Yes,31,Cash,Fortnightly,4,0.5125,0.6122448979591837,0.5623724489795918,Mid Value,0.75,0.6811224489795918,0.5448979591836735,1,Unsatisfied,Mid Loyalty
1112,22,Male,Shoes,Footwear,66,New York,S,Olive,Summer,4.1,No,Next Day Air,Yes,4,Credit Card,Fortnightly,4,0.575,0.061224489795918366,0.31811224489795914,Low Value,0.75,0.40561224489795916,0.32448979591836735,1,Satisfied,Low Loyalty
1113,69,Male,Hoodie,Clothing,67,Washington,XL,Pink,Spring,4.6,No,Free Shipping,Yes,32,PayPal,Quarterly,2,0.5875,0.6326530612244898,0.6100765306122449,Mid Value,0.25,0.4413265306122449,0.35306122448979593,1,Satisfied,Mid Loyalty
1114,28,Male,Sunglasses,Accessories,80,Maryland,M,Purple,Summer,4.8,No,Next Day Air,Yes,11,PayPal,Fortnightly,4,0.75,0.20408163265306123,0.4770408163265306,Mid Value,0.75,0.4770408163265306,0.3816326530612245,1,Satisfied,Mid Loyalty
1115,55,Male,Skirt,Clothing,25,New Hampshire,L,Violet,Fall,2.6,No,Next Day Air,Yes,47,Bank Transfer,Quarterly,2,0.0625,0.9387755102040817,0.5006377551020409,Mid Value,0.25,0.5943877551020409,0.47551020408163275,1,Unsatisfied,Mid Loyalty
1116,30,Male,Hat,Accessories,58,New York,S,Peach,Fall,4.0,No,2-Day Shipping,Yes,37,Cash,Weekly,5,0.475,0.7346938775510204,0.6048469387755102,Mid Value,1.0,0.8673469387755102,0.6938775510204082,1,Satisfied,High Loyalty
1117,67,Male,Backpack,Accessories,96,Hawaii,M,Charcoal,Winter,4.2,No,Express,Yes,39,PayPal,Fortnightly,4,0.95,0.7755102040816326,0.8627551020408163,High Value,0.75,0.7627551020408163,0.610204081632653,1,Satisfied,Mid Loyalty
1118,25,Male,Sunglasses,Accessories,77,California,L,Lavender,Spring,4.5,No,Store Pickup,Yes,24,Credit Card,Monthly,3,0.7125,0.46938775510204084,0.5909438775510204,Mid Value,0.5,0.48469387755102045,0.38775510204081637,1,Satisfied,Mid Loyalty
1119,49,Male,Belt,Accessories,65,Indiana,M,Purple,Summer,4.9,No,Standard,Yes,11,PayPal,Quarterly,2,0.5625,0.20408163265306123,0.3832908163265306,Mid Value,0.25,0.22704081632653061,0.1816326530612245,1,Satisfied,Low Loyalty
1120,34,Male,Jewelry,Accessories,36,Louisiana,M,Indigo,Spring,3.1,No,Standard,Yes,36,Credit Card,Weekly,5,0.2,0.7142857142857143,0.4571428571428572,Mid Value,1.0,0.8571428571428572,0.6857142857142858,1,Unsatisfied,High Loyalty
1121,22,Male,Sneakers,Footwear,84,Pennsylvania,M,Magenta,Winter,4.0,No,Next Day Air,Yes,40,Debit Card,Monthly,3,0.8,0.7959183673469388,0.7979591836734694,High Value,0.5,0.6479591836734694,0.5183673469387755,1,Satisfied,Mid Loyalty
1122,63,Male,T-shirt,Clothing,58,Florida,XL,Peach,Fall,3.2,No,Express,Yes,25,Cash,Quarterly,2,0.475,0.4897959183673469,0.48239795918367345,Mid Value,0.25,0.36989795918367346,0.29591836734693877,1,Unsatisfied,Low Loyalty
1123,70,Male,Handbag,Accessories,62,North Carolina,S,Charcoal,Spring,4.3,No,2-Day Shipping,Yes,12,Credit Card,Annually,1,0.525,0.22448979591836735,0.3747448979591837,Mid Value,0.0,0.11224489795918367,0.08979591836734695,1,Satisfied,Low Loyalty
1124,36,Male,Hat,Accessories,67,Massachusetts,S,Purple,Fall,2.5,No,Store Pickup,Yes,38,Cash,Monthly,3,0.5875,0.7551020408163265,0.6713010204081633,High Value,0.5,0.6275510204081632,0.5020408163265306,1,Unsatisfied,Mid Loyalty
1125,42,Male,Sweater,Clothing,20,Iowa,M,Orange,Spring,3.8,No,Express,Yes,40,Cash,Quarterly,2,0.0,0.7959183673469388,0.3979591836734694,Mid Value,0.25,0.5229591836734694,0.41836734693877553,1,Unsatisfied,Mid Loyalty
1126,27,Male,Sandals,Footwear,90,North Dakota,M,Lavender,Summer,2.7,No,2-Day Shipping,Yes,10,Bank Transfer,Weekly,5,0.875,0.1836734693877551,0.5293367346938775,Mid Value,1.0,0.5918367346938775,0.47346938775510206,1,Unsatisfied,Mid Loyalty
1127,23,Male,Scarf,Accessories,58,Iowa,L,Beige,Winter,3.4,No,Standard,Yes,47,Venmo,Fortnightly,4,0.475,0.9387755102040817,0.7068877551020408,High Value,0.75,0.8443877551020409,0.6755102040816328,1,Unsatisfied,High Loyalty
1128,50,Male,Shirt,Clothing,53,Delaware,XL,Maroon,Spring,4.8,No,Store Pickup,Yes,22,Debit Card,Monthly,3,0.4125,0.42857142857142855,0.42053571428571423,Mid Value,0.5,0.4642857142857143,0.37142857142857144,1,Satisfied,Mid Loyalty
1129,56,Male,Gloves,Accessories,30,New York,L,Charcoal,Winter,4.7,No,Next Day Air,Yes,35,Debit Card,Monthly,3,0.125,0.6938775510204082,0.4094387755102041,Mid Value,0.5,0.596938775510204,0.4775510204081632,1,Satisfied,Mid Loyalty
1130,37,Male,Hoodie,Clothing,65,New Hampshire,XL,White,Winter,4.7,No,Express,Yes,46,Venmo,Fortnightly,4,0.5625,0.9183673469387755,0.7404336734693877,High Value,0.75,0.8341836734693877,0.6673469387755102,1,Satisfied,High Loyalty
1131,67,Male,Jewelry,Accessories,41,Kentucky,M,Lavender,Summer,3.9,No,Standard,Yes,30,PayPal,Fortnightly,4,0.2625,0.5918367346938775,0.42716836734693875,Mid Value,0.75,0.6709183673469388,0.536734693877551,1,Satisfied,Mid Loyalty
1132,67,Male,Shirt,Clothing,73,Illinois,M,Black,Spring,3.7,No,Express,Yes,20,Bank Transfer,Monthly,3,0.6625,0.3877551020408163,0.5251275510204081,Mid Value,0.5,0.44387755102040816,0.35510204081632657,1,Unsatisfied,Mid Loyalty
1133,50,Male,Hoodie,Clothing,98,North Carolina,S,Teal,Spring,4.3,No,Store Pickup,Yes,25,Cash,Fortnightly,4,0.975,0.4897959183673469,0.7323979591836735,High Value,0.75,0.6198979591836735,0.49591836734693884,1,Satisfied,Mid Loyalty
1134,36,Male,Shoes,Footwear,36,Connecticut,XL,Magenta,Winter,4.1,No,2-Day Shipping,Yes,29,Cash,Weekly,5,0.2,0.5714285714285714,0.3857142857142857,Mid Value,1.0,0.7857142857142857,0.6285714285714286,1,Satisfied,Mid Loyalty
1135,62,Male,T-shirt,Clothing,81,Wisconsin,M,Brown,Summer,3.8,No,Express,Yes,2,Venmo,Quarterly,2,0.7625,0.02040816326530612,0.39145408163265305,Mid Value,0.25,0.13520408163265307,0.10816326530612247,1,Unsatisfied,Low Loyalty
1136,65,Male,Skirt,Clothing,90,Massachusetts,L,Peach,Winter,3.6,No,2-Day Shipping,Yes,32,Bank Transfer,Quarterly,2,0.875,0.6326530612244898,0.7538265306122449,High Value,0.25,0.4413265306122449,0.35306122448979593,1,Unsatisfied,Mid Loyalty
1137,23,Male,Handbag,Accessories,83,Illinois,S,Cyan,Summer,4.8,No,Free Shipping,Yes,37,Cash,Monthly,3,0.7875,0.7346938775510204,0.7610969387755102,High Value,0.5,0.6173469387755102,0.49387755102040815,1,Satisfied,Mid Loyalty
1138,46,Male,Shirt,Clothing,91,New Mexico,XL,Pink,Winter,2.8,No,2-Day Shipping,Yes,16,Bank Transfer,Quarterly,2,0.8875,0.30612244897959184,0.5968112244897958,Mid Value,0.25,0.2780612244897959,0.22244897959183674,1,Unsatisfied,Low Loyalty
1139,18,Male,Pants,Clothing,36,Iowa,M,Purple,Summer,4.7,No,Express,Yes,32,Venmo,Fortnightly,4,0.2,0.6326530612244898,0.4163265306122449,Mid Value,0.75,0.6913265306122449,0.553061224489796,1,Satisfied,Mid Loyalty
1140,58,Male,Coat,Outerwear,53,Alabama,L,Purple,Spring,3.9,No,Standard,Yes,42,Debit Card,Fortnightly,4,0.4125,0.8367346938775511,0.6246173469387755,Mid Value,0.75,0.7933673469387755,0.6346938775510205,1,Satisfied,Mid Loyalty
1141,31,Male,Jeans,Clothing,39,Maryland,M,White,Winter,2.6,No,Store Pickup,Yes,6,Credit Card,Quarterly,2,0.2375,0.10204081632653061,0.1697704081632653,Low Value,0.25,0.1760204081632653,0.14081632653061224,1,Unsatisfied,Low Loyalty
1142,39,Male,Gloves,Accessories,33,Ohio,S,Silver,Winter,4.7,No,Next Day Air,Yes,23,PayPal,Fortnightly,4,0.1625,0.4489795918367347,0.30573979591836736,Low Value,0.75,0.5994897959183674,0.4795918367346939,1,Satisfied,Mid Loyalty
1143,69,Male,T-shirt,Clothing,76,Ohio,L,Green,Spring,3.5,No,Store Pickup,Yes,27,Venmo,Fortnightly,4,0.7,0.5306122448979592,0.6153061224489795,Mid Value,0.75,0.6403061224489797,0.5122448979591837,1,Unsatisfied,Mid Loyalty
1144,68,Male,Boots,Footwear,23,Nevada,L,Teal,Winter,4.4,No,Standard,Yes,43,PayPal,Quarterly,2,0.0375,0.8571428571428571,0.44732142857142854,Mid Value,0.25,0.5535714285714286,0.4428571428571429,1,Satisfied,Mid Loyalty
1145,41,Male,Jeans,Clothing,54,South Carolina,S,Indigo,Fall,4.4,No,2-Day Shipping,Yes,25,Bank Transfer,Fortnightly,4,0.425,0.4897959183673469,0.45739795918367343,Mid Value,0.75,0.6198979591836735,0.49591836734693884,1,Satisfied,Mid Loyalty
1146,31,Male,Sneakers,Footwear,89,Nevada,L,Pink,Summer,3.0,No,Express,Yes,30,Cash,Quarterly,2,0.8625,0.5918367346938775,0.7271683673469388,High Value,0.25,0.42091836734693877,0.33673469387755106,1,Unsatisfied,Mid Loyalty
1147,48,Male,Sneakers,Footwear,38,Wisconsin,M,Indigo,Summer,4.2,No,Standard,Yes,7,Bank Transfer,Quarterly,2,0.225,0.12244897959183673,0.17372448979591837,Low Value,0.25,0.18622448979591838,0.1489795918367347,1,Satisfied,Low Loyalty
1148,59,Male,Hat,Accessories,36,Tennessee,XL,Red,Winter,4.3,No,Next Day Air,Yes,17,Debit Card,Annually,1,0.2,0.32653061224489793,0.26326530612244897,Low Value,0.0,0.16326530612244897,0.13061224489795917,1,Satisfied,Low Loyalty
1149,34,Male,Pants,Clothing,66,Florida,M,Violet,Spring,2.6,No,Store Pickup,Yes,10,PayPal,Fortnightly,4,0.575,0.1836734693877551,0.3793367346938775,Mid Value,0.75,0.46683673469387754,0.3734693877551021,1,Unsatisfied,Mid Loyalty
1150,21,Male,Jewelry,Accessories,42,Georgia,L,Cyan,Spring,3.3,No,Store Pickup,Yes,40,Venmo,Annually,1,0.275,0.7959183673469388,0.5354591836734695,Mid Value,0.0,0.3979591836734694,0.31836734693877555,1,Unsatisfied,Low Loyalty
1151,29,Male,Jewelry,Accessories,36,Kentucky,S,Red,Winter,2.7,No,Next Day Air,Yes,50,Venmo,Fortnightly,4,0.2,1.0,0.6,Mid Value,0.75,0.875,0.7000000000000001,1,Unsatisfied,High Loyalty
1152,41,Male,Blouse,Clothing,86,Ohio,M,Gray,Spring,3.8,No,Express,Yes,24,Credit Card,Weekly,5,0.825,0.46938775510204084,0.6471938775510204,Mid Value,1.0,0.7346938775510204,0.5877551020408164,1,Unsatisfied,Mid Loyalty
1153,62,Male,Handbag,Accessories,49,Connecticut,M,Gold,Fall,4.0,No,Standard,Yes,8,PayPal,Quarterly,2,0.3625,0.14285714285714285,0.2526785714285714,Low Value,0.25,0.19642857142857142,0.15714285714285714,1,Satisfied,Low Loyalty
1154,27,Male,Shirt,Clothing,41,Idaho,M,Pink,Summer,4.0,No,Free Shipping,Yes,6,Bank Transfer,Quarterly,2,0.2625,0.10204081632653061,0.1822704081632653,Low Value,0.25,0.1760204081632653,0.14081632653061224,1,Satisfied,Low Loyalty
1155,49,Male,Dress,Clothing,82,Georgia,L,Cyan,Spring,2.9,No,2-Day Shipping,Yes,44,Credit Card,Fortnightly,4,0.775,0.8775510204081632,0.8262755102040816,High Value,0.75,0.8137755102040816,0.6510204081632653,1,Unsatisfied,Mid Loyalty
1156,67,Male,T-shirt,Clothing,53,Tennessee,S,Red,Fall,2.6,No,Express,Yes,47,PayPal,Quarterly,2,0.4125,0.9387755102040817,0.6756377551020408,High Value,0.25,0.5943877551020409,0.47551020408163275,1,Unsatisfied,Mid Loyalty
1157,20,Male,Shoes,Footwear,21,Hawaii,M,Gold,Summer,4.8,No,Express,Yes,6,Venmo,Quarterly,2,0.0125,0.10204081632653061,0.057270408163265306,Low Value,0.25,0.1760204081632653,0.14081632653061224,1,Satisfied,Low Loyalty
1158,37,Male,Belt,Accessories,66,Maryland,M,Charcoal,Fall,4.4,No,Standard,Yes,11,Cash,Quarterly,2,0.575,0.20408163265306123,0.3895408163265306,Mid Value,0.25,0.22704081632653061,0.1816326530612245,1,Satisfied,Low Loyalty
1159,69,Male,Belt,Accessories,89,Nevada,L,Orange,Summer,4.0,No,2-Day Shipping,Yes,41,Bank Transfer,Annually,1,0.8625,0.8163265306122449,0.8394132653061225,High Value,0.0,0.40816326530612246,0.326530612244898,1,Satisfied,Low Loyalty
1160,66,Male,Handbag,Accessories,55,New Hampshire,L,Blue,Fall,3.6,No,2-Day Shipping,Yes,46,Venmo,Quarterly,2,0.4375,0.9183673469387755,0.6779336734693877,High Value,0.25,0.5841836734693877,0.4673469387755102,1,Unsatisfied,Mid Loyalty
1161,37,Male,Scarf,Accessories,42,North Dakota,S,Blue,Summer,3.2,No,Next Day Air,Yes,9,Venmo,Fortnightly,4,0.275,0.16326530612244897,0.21913265306122448,Low Value,0.75,0.45663265306122447,0.3653061224489796,1,Unsatisfied,Mid Loyalty
1162,63,Male,Shorts,Clothing,52,Oklahoma,S,Orange,Fall,3.1,No,2-Day Shipping,Yes,37,PayPal,Monthly,3,0.4,0.7346938775510204,0.5673469387755102,Mid Value,0.5,0.6173469387755102,0.49387755102040815,1,Unsatisfied,Mid Loyalty
1163,47,Male,Sandals,Footwear,92,North Carolina,M,Blue,Winter,4.2,No,Express,Yes,13,PayPal,Weekly,5,0.9,0.24489795918367346,0.5724489795918367,Mid Value,1.0,0.6224489795918368,0.4979591836734694,1,Satisfied,Mid Loyalty
1164,26,Male,Pants,Clothing,56,Tennessee,L,White,Summer,3.0,No,2-Day Shipping,Yes,24,Debit Card,Monthly,3,0.45,0.46938775510204084,0.4596938775510204,Mid Value,0.5,0.48469387755102045,0.38775510204081637,1,Unsatisfied,Mid Loyalty
1165,68,Male,Dress,Clothing,96,Montana,M,Green,Winter,4.2,No,Standard,Yes,47,PayPal,Quarterly,2,0.95,0.9387755102040817,0.9443877551020408,High Value,0.25,0.5943877551020409,0.47551020408163275,1,Satisfied,Mid Loyalty
1166,51,Male,T-shirt,Clothing,64,Wisconsin,M,Silver,Winter,2.9,No,Next Day Air,Yes,21,Venmo,Quarterly,2,0.55,0.40816326530612246,0.47908163265306125,Mid Value,0.25,0.32908163265306123,0.26326530612244897,1,Unsatisfied,Low Loyalty
1167,48,Male,Dress,Clothing,48,Connecticut,S,Lavender,Winter,3.7,No,Store Pickup,Yes,22,Venmo,Fortnightly,4,0.35,0.42857142857142855,0.38928571428571423,Mid Value,0.75,0.5892857142857143,0.4714285714285715,1,Unsatisfied,Mid Loyalty
1168,60,Male,Socks,Clothing,83,New Jersey,XL,Beige,Summer,3.6,No,Free Shipping,Yes,16,PayPal,Quarterly,2,0.7875,0.30612244897959184,0.5468112244897959,Mid Value,0.25,0.2780612244897959,0.22244897959183674,1,Unsatisfied,Low Loyalty
1169,68,Male,Scarf,Accessories,91,Mississippi,L,Violet,Summer,3.6,No,Standard,Yes,37,Debit Card,Fortnightly,4,0.8875,0.7346938775510204,0.8110969387755103,High Value,0.75,0.7423469387755102,0.5938775510204082,1,Unsatisfied,Mid Loyalty
1170,25,Male,Backpack,Accessories,94,Wyoming,S,Gray,Fall,4.5,No,2-Day Shipping,Yes,3,Cash,Annually,1,0.925,0.04081632653061224,0.48290816326530617,Mid Value,0.0,0.02040816326530612,0.016326530612244896,1,Satisfied,Low Loyalty
1171,57,Male,Skirt,Clothing,62,Illinois,S,Red,Spring,3.2,No,Express,Yes,33,Cash,Fortnightly,4,0.525,0.6530612244897959,0.5890306122448979,Mid Value,0.75,0.7015306122448979,0.5612244897959183,1,Unsatisfied,Mid Loyalty
1172,41,Male,Socks,Clothing,55,Louisiana,M,Lavender,Spring,3.9,No,Next Day Air,Yes,15,Debit Card,Annually,1,0.4375,0.2857142857142857,0.36160714285714285,Mid Value,0.0,0.14285714285714285,0.11428571428571428,1,Satisfied,Low Loyalty
1173,59,Male,Coat,Outerwear,68,Oregon,L,Peach,Spring,4.6,No,Store Pickup,Yes,42,Bank Transfer,Fortnightly,4,0.6,0.8367346938775511,0.7183673469387755,High Value,0.75,0.7933673469387755,0.6346938775510205,1,Satisfied,Mid Loyalty
1174,44,Male,Jewelry,Accessories,76,South Dakota,M,Indigo,Winter,2.5,No,Express,Yes,42,Cash,Fortnightly,4,0.7,0.8367346938775511,0.7683673469387755,High Value,0.75,0.7933673469387755,0.6346938775510205,1,Unsatisfied,Mid Loyalty
1175,42,Male,Backpack,Accessories,31,Michigan,M,Black,Winter,4.3,No,Express,Yes,19,Bank Transfer,Fortnightly,4,0.1375,0.3673469387755102,0.2524234693877551,Low Value,0.75,0.5586734693877551,0.4469387755102041,1,Satisfied,Mid Loyalty
1176,35,Male,Belt,Accessories,81,New Jersey,M,Beige,Spring,4.1,No,Store Pickup,Yes,26,PayPal,Quarterly,2,0.7625,0.5102040816326531,0.6363520408163266,Mid Value,0.25,0.38010204081632654,0.30408163265306126,1,Satisfied,Low Loyalty
1177,36,Male,Dress,Clothing,83,Oregon,M,Red,Winter,3.8,No,Free Shipping,Yes,39,PayPal,Quarterly,2,0.7875,0.7755102040816326,0.7815051020408164,High Value,0.25,0.5127551020408163,0.4102040816326531,1,Unsatisfied,Mid Loyalty
1178,54,Male,Skirt,Clothing,21,Iowa,M,Black,Spring,4.8,No,Standard,Yes,24,Debit Card,Monthly,3,0.0125,0.46938775510204084,0.24094387755102042,Low Value,0.5,0.48469387755102045,0.38775510204081637,1,Satisfied,Mid Loyalty
1179,37,Male,Dress,Clothing,22,South Carolina,M,Teal,Spring,4.9,No,Express,Yes,23,Debit Card,Annually,1,0.025,0.4489795918367347,0.23698979591836736,Low Value,0.0,0.22448979591836735,0.1795918367346939,1,Satisfied,Low Loyalty
1180,20,Male,T-shirt,Clothing,33,Indiana,M,Blue,Summer,2.8,No,Free Shipping,Yes,44,Bank Transfer,Annually,1,0.1625,0.8775510204081632,0.5200255102040816,Mid Value,0.0,0.4387755102040816,0.3510204081632653,1,Unsatisfied,Mid Loyalty
1181,23,Male,Skirt,Clothing,23,Oregon,S,Beige,Spring,4.9,No,Standard,Yes,34,Cash,Monthly,3,0.0375,0.673469387755102,0.355484693877551,Mid Value,0.5,0.5867346938775511,0.4693877551020409,1,Satisfied,Mid Loyalty
1182,61,Male,Shorts,Clothing,96,New York,L,Teal,Summer,3.5,No,Free Shipping,Yes,43,Bank Transfer,Quarterly,2,0.95,0.8571428571428571,0.9035714285714285,High Value,0.25,0.5535714285714286,0.4428571428571429,1,Unsatisfied,Mid Loyalty
1183,37,Male,Jewelry,Accessories,21,New Mexico,M,Maroon,Spring,3.8,No,Express,Yes,45,PayPal,Quarterly,2,0.0125,0.8979591836734694,0.45522959183673467,Mid Value,0.25,0.5739795918367347,0.4591836734693878,1,Unsatisfied,Mid Loyalty
1184,23,Male,Pants,Clothing,39,Louisiana,M,Yellow,Spring,4.5,No,2-Day Shipping,Yes,4,Credit Card,Weekly,5,0.2375,0.061224489795918366,0.14936224489795918,Low Value,1.0,0.5306122448979592,0.4244897959183674,1,Satisfied,Mid Loyalty
1185,63,Male,Belt,Accessories,73,South Carolina,S,Indigo,Fall,3.4,No,Express,Yes,19,Credit Card,Annually,1,0.6625,0.3673469387755102,0.5149234693877551,Mid Value,0.0,0.1836734693877551,0.1469387755102041,1,Unsatisfied,Low Loyalty
1186,47,Male,Jeans,Clothing,64,Maine,M,Magenta,Spring,3.9,No,Standard,Yes,29,Credit Card,Monthly,3,0.55,0.5714285714285714,0.5607142857142857,Mid Value,0.5,0.5357142857142857,0.4285714285714286,1,Satisfied,Mid Loyalty
1187,63,Male,Jeans,Clothing,68,Indiana,M,Beige,Summer,4.1,No,2-Day Shipping,Yes,27,Credit Card,Annually,1,0.6,0.5306122448979592,0.5653061224489796,Mid Value,0.0,0.2653061224489796,0.2122448979591837,1,Satisfied,Low Loyalty
1188,56,Male,Hat,Accessories,89,Iowa,L,Maroon,Fall,3.0,No,Express,Yes,37,Credit Card,Quarterly,2,0.8625,0.7346938775510204,0.7985969387755103,High Value,0.25,0.4923469387755102,0.3938775510204082,1,Unsatisfied,Mid Loyalty
1189,68,Male,Blouse,Clothing,29,Mississippi,M,Magenta,Summer,3.3,No,Next Day Air,Yes,11,Credit Card,Weekly,5,0.1125,0.20408163265306123,0.1582908163265306,Low Value,1.0,0.6020408163265306,0.4816326530612245,1,Unsatisfied,Mid Loyalty
1190,64,Male,Shirt,Clothing,97,Arkansas,XL,Teal,Summer,3.8,No,Free Shipping,Yes,28,Debit Card,Annually,1,0.9625,0.5510204081632653,0.7567602040816326,High Value,0.0,0.2755102040816326,0.2204081632653061,1,Unsatisfied,Low Loyalty
1191,62,Male,Shirt,Clothing,45,South Carolina,M,Orange,Winter,4.3,No,Next Day Air,Yes,31,Credit Card,Weekly,5,0.3125,0.6122448979591837,0.46237244897959184,Mid Value,1.0,0.8061224489795918,0.6448979591836735,1,Satisfied,Mid Loyalty
1192,34,Male,T-shirt,Clothing,70,Indiana,L,Charcoal,Winter,4.1,No,Free Shipping,Yes,50,Venmo,Quarterly,2,0.625,1.0,0.8125,High Value,0.25,0.625,0.5,1,Satisfied,Mid Loyalty
1193,49,Male,Coat,Outerwear,56,Florida,M,Turquoise,Summer,4.0,No,2-Day Shipping,Yes,42,Venmo,Quarterly,2,0.45,0.8367346938775511,0.6433673469387755,Mid Value,0.25,0.5433673469387755,0.43469387755102046,1,Satisfied,Mid Loyalty
1194,40,Male,Jacket,Outerwear,55,Alaska,L,Pink,Fall,5.0,No,2-Day Shipping,Yes,18,Credit Card,Fortnightly,4,0.4375,0.3469387755102041,0.392219387755102,Mid Value,0.75,0.548469387755102,0.4387755102040816,1,Satisfied,Mid Loyalty
1195,50,Male,Hoodie,Clothing,46,New York,S,Teal,Winter,3.1,No,2-Day Shipping,Yes,6,Credit Card,Fortnightly,4,0.325,0.10204081632653061,0.2135204081632653,Low Value,0.75,0.4260204081632653,0.3408163265306123,1,Unsatisfied,Mid Loyalty
1196,25,Male,Scarf,Accessories,95,Texas,M,White,Winter,4.0,No,2-Day Shipping,Yes,33,Venmo,Monthly,3,0.9375,0.6530612244897959,0.7952806122448979,High Value,0.5,0.5765306122448979,0.46122448979591835,1,Satisfied,Mid Loyalty
1197,30,Male,Belt,Accessories,88,North Dakota,M,Maroon,Winter,3.2,No,2-Day Shipping,Yes,13,Bank Transfer,Fortnightly,4,0.85,0.24489795918367346,0.5474489795918367,Mid Value,0.75,0.49744897959183676,0.39795918367346944,1,Unsatisfied,Mid Loyalty
1198,54,Male,Sneakers,Footwear,92,Vermont,L,Violet,Fall,3.9,No,Standard,Yes,26,PayPal,Annually,1,0.9,0.5102040816326531,0.7051020408163265,High Value,0.0,0.25510204081632654,0.20408163265306123,1,Satisfied,Low Loyalty
1199,40,Male,Socks,Clothing,49,New Jersey,M,Brown,Summer,3.9,No,2-Day Shipping,Yes,17,Cash,Annually,1,0.3625,0.32653061224489793,0.34451530612244896,Mid Value,0.0,0.16326530612244897,0.13061224489795917,1,Satisfied,Low Loyalty
1200,49,Male,Sandals,Footwear,89,Maryland,M,Indigo,Fall,4.5,No,Free Shipping,Yes,3,Debit Card,Weekly,5,0.8625,0.04081632653061224,0.45165816326530617,Mid Value,1.0,0.5204081632653061,0.41632653061224495,1,Satisfied,Mid Loyalty
1201,27,Male,Coat,Outerwear,22,Connecticut,XL,Black,Winter,4.4,No,Store Pickup,Yes,7,PayPal,Weekly,5,0.025,0.12244897959183673,0.07372448979591836,Low Value,1.0,0.5612244897959183,0.4489795918367347,1,Satisfied,Mid Loyalty
1202,27,Male,Shoes,Footwear,61,Illinois,XL,Black,Summer,3.1,No,2-Day Shipping,Yes,46,Venmo,Fortnightly,4,0.5125,0.9183673469387755,0.7154336734693878,High Value,0.75,0.8341836734693877,0.6673469387755102,1,Unsatisfied,High Loyalty
1203,48,Male,Scarf,Accessories,29,Maryland,S,Olive,Spring,2.9,No,Standard,Yes,14,Venmo,Quarterly,2,0.1125,0.2653061224489796,0.1889030612244898,Low Value,0.25,0.25765306122448983,0.20612244897959187,1,Unsatisfied,Low Loyalty
1204,40,Male,Sneakers,Footwear,82,Minnesota,M,Orange,Winter,3.7,No,Free Shipping,Yes,23,Bank Transfer,Annually,1,0.775,0.4489795918367347,0.6119897959183673,Mid Value,0.0,0.22448979591836735,0.1795918367346939,1,Unsatisfied,Low Loyalty
1205,67,Male,Belt,Accessories,94,Florida,M,Pink,Spring,3.2,No,2-Day Shipping,Yes,20,Credit Card,Quarterly,2,0.925,0.3877551020408163,0.6563775510204082,Mid Value,0.25,0.31887755102040816,0.25510204081632654,1,Unsatisfied,Low Loyalty
1206,52,Male,Handbag,Accessories,99,California,M,Olive,Spring,3.5,No,Standard,Yes,38,Bank Transfer,Fortnightly,4,0.9875,0.7551020408163265,0.8713010204081633,High Value,0.75,0.7525510204081632,0.6020408163265306,1,Unsatisfied,Mid Loyalty
1207,22,Male,Handbag,Accessories,59,Mississippi,S,Cyan,Fall,3.0,No,Free Shipping,Yes,16,Venmo,Quarterly,2,0.4875,0.30612244897959184,0.3968112244897959,Mid Value,0.25,0.2780612244897959,0.22244897959183674,1,Unsatisfied,Low Loyalty
1208,62,Male,Boots,Footwear,90,Washington,M,White,Summer,4.1,No,Next Day Air,Yes,48,Credit Card,Quarterly,2,0.875,0.9591836734693877,0.9170918367346939,High Value,0.25,0.6045918367346939,0.48367346938775513,1,Satisfied,Mid Loyalty
1209,20,Male,Boots,Footwear,100,Wisconsin,S,Red,Winter,3.8,No,2-Day Shipping,Yes,8,Debit Card,Annually,1,1.0,0.14285714285714285,0.5714285714285714,Mid Value,0.0,0.07142857142857142,0.05714285714285714,1,Unsatisfied,Low Loyalty
1210,41,Male,Pants,Clothing,62,Pennsylvania,M,Blue,Winter,3.8,No,Next Day Air,Yes,16,Bank Transfer,Monthly,3,0.525,0.30612244897959184,0.41556122448979593,Mid Value,0.5,0.4030612244897959,0.32244897959183677,1,Unsatisfied,Low Loyalty
1211,34,Male,Sunglasses,Accessories,78,Missouri,M,Olive,Fall,4.1,No,Next Day Air,Yes,5,Cash,Quarterly,2,0.725,0.08163265306122448,0.4033163265306122,Mid Value,0.25,0.16581632653061223,0.1326530612244898,1,Satisfied,Low Loyalty
1212,23,Male,Hoodie,Clothing,94,Oklahoma,M,Green,Spring,4.6,No,Store Pickup,Yes,14,Venmo,Quarterly,2,0.925,0.2653061224489796,0.5951530612244899,Mid Value,0.25,0.25765306122448983,0.20612244897959187,1,Satisfied,Low Loyalty
1213,32,Male,Shoes,Footwear,74,Pennsylvania,M,Yellow,Summer,2.5,No,Free Shipping,Yes,18,Credit Card,Weekly,5,0.675,0.3469387755102041,0.510969387755102,Mid Value,1.0,0.673469387755102,0.5387755102040817,1,Unsatisfied,Mid Loyalty
1214,68,Male,Handbag,Accessories,52,Kentucky,XL,Black,Spring,3.7,No,Express,Yes,14,Debit Card,Quarterly,2,0.4,0.2653061224489796,0.3326530612244898,Low Value,0.25,0.25765306122448983,0.20612244897959187,1,Unsatisfied,Low Loyalty
1215,30,Male,Jacket,Outerwear,81,Vermont,M,Blue,Fall,3.8,No,Free Shipping,Yes,5,Cash,Quarterly,2,0.7625,0.08163265306122448,0.4220663265306122,Mid Value,0.25,0.16581632653061223,0.1326530612244898,1,Unsatisfied,Low Loyalty
1216,66,Male,Blouse,Clothing,20,Oregon,L,Pink,Winter,2.6,No,2-Day Shipping,Yes,15,Credit Card,Quarterly,2,0.0,0.2857142857142857,0.14285714285714285,Low Value,0.25,0.26785714285714285,0.2142857142857143,1,Unsatisfied,Low Loyalty
1217,62,Male,Pants,Clothing,32,Utah,XL,Lavender,Summer,3.7,No,Free Shipping,Yes,3,Venmo,Quarterly,2,0.15,0.04081632653061224,0.09540816326530611,Low Value,0.25,0.14540816326530612,0.1163265306122449,1,Unsatisfied,Low Loyalty
1218,50,Male,Boots,Footwear,63,Nebraska,XL,Cyan,Fall,2.6,No,Free Shipping,Yes,12,Cash,Quarterly,2,0.5375,0.22448979591836735,0.3809948979591837,Mid Value,0.25,0.2372448979591837,0.18979591836734697,1,Unsatisfied,Low Loyalty
1219,55,Male,Boots,Footwear,79,Pennsylvania,M,Cyan,Spring,3.1,No,Store Pickup,Yes,43,Cash,Quarterly,2,0.7375,0.8571428571428571,0.7973214285714285,High Value,0.25,0.5535714285714286,0.4428571428571429,1,Unsatisfied,Mid Loyalty
1220,19,Male,Sweater,Clothing,23,Vermont,M,Gold,Winter,2.5,No,Next Day Air,Yes,35,Credit Card,Fortnightly,4,0.0375,0.6938775510204082,0.36568877551020407,Mid Value,0.75,0.721938775510204,0.5775510204081632,1,Unsatisfied,Mid Loyalty
1221,67,Male,Gloves,Accessories,64,Kentucky,M,Green,Winter,3.8,No,Express,Yes,36,Bank Transfer,Quarterly,2,0.55,0.7142857142857143,0.6321428571428571,Mid Value,0.25,0.48214285714285715,0.38571428571428573,1,Unsatisfied,Mid Loyalty
1222,18,Male,Socks,Clothing,69,Iowa,M,Red,Winter,4.5,No,Standard,Yes,3,Cash,Quarterly,2,0.6125,0.04081632653061224,0.32665816326530617,Low Value,0.25,0.14540816326530612,0.1163265306122449,1,Satisfied,Low Loyalty
1223,58,Male,Jeans,Clothing,69,Indiana,L,Magenta,Fall,3.4,No,Store Pickup,Yes,27,Bank Transfer,Annually,1,0.6125,0.5306122448979592,0.5715561224489796,Mid Value,0.0,0.2653061224489796,0.2122448979591837,1,Unsatisfied,Low Loyalty
1224,69,Male,Pants,Clothing,24,Kansas,L,Red,Winter,3.9,No,Free Shipping,Yes,21,Bank Transfer,Weekly,5,0.05,0.40816326530612246,0.22908163265306122,Low Value,1.0,0.7040816326530612,0.563265306122449,1,Satisfied,Mid Loyalty
1225,62,Male,Shorts,Clothing,50,Illinois,M,Yellow,Summer,3.7,No,Store Pickup,Yes,18,Venmo,Weekly,5,0.375,0.3469387755102041,0.360969387755102,Mid Value,1.0,0.673469387755102,0.5387755102040817,1,Unsatisfied,Mid Loyalty
1226,28,Male,Gloves,Accessories,97,North Carolina,S,Turquoise,Fall,2.6,No,Free Shipping,Yes,16,Debit Card,Weekly,5,0.9625,0.30612244897959184,0.6343112244897959,Mid Value,1.0,0.653061224489796,0.5224489795918368,1,Unsatisfied,Mid Loyalty
1227,53,Male,Sandals,Footwear,91,Ohio,S,Cyan,Fall,3.4,No,Store Pickup,Yes,18,Venmo,Fortnightly,4,0.8875,0.3469387755102041,0.617219387755102,Mid Value,0.75,0.548469387755102,0.4387755102040816,1,Unsatisfied,Mid Loyalty
1228,27,Male,Blouse,Clothing,37,Illinois,L,Yellow,Spring,4.9,No,Store Pickup,Yes,19,Bank Transfer,Fortnightly,4,0.2125,0.3673469387755102,0.2899234693877551,Low Value,0.75,0.5586734693877551,0.4469387755102041,1,Satisfied,Mid Loyalty
1229,55,Male,Jacket,Outerwear,55,Indiana,S,Yellow,Winter,3.9,No,Express,Yes,1,Cash,Annually,1,0.4375,0.0,0.21875,Low Value,0.0,0.0,0.0,1,Satisfied,Low Loyalty
1230,34,Male,Jewelry,Accessories,52,Kansas,XL,Maroon,Winter,3.6,No,Express,Yes,39,Bank Transfer,Annually,1,0.4,0.7755102040816326,0.5877551020408163,Mid Value,0.0,0.3877551020408163,0.31020408163265306,1,Unsatisfied,Low Loyalty
1231,25,Male,Hat,Accessories,80,Illinois,L,Brown,Spring,3.8,No,Standard,Yes,49,Venmo,Monthly,3,0.75,0.9795918367346939,0.8647959183673469,High Value,0.5,0.7397959183673469,0.5918367346938775,1,Unsatisfied,Mid Loyalty
1232,66,Male,Socks,Clothing,79,Pennsylvania,M,Gold,Spring,4.0,No,2-Day Shipping,Yes,43,Credit Card,Fortnightly,4,0.7375,0.8571428571428571,0.7973214285714285,High Value,0.75,0.8035714285714286,0.6428571428571429,1,Satisfied,Mid Loyalty
1233,57,Male,Handbag,Accessories,23,New York,M,Charcoal,Summer,3.6,No,Free Shipping,Yes,31,Debit Card,Quarterly,2,0.0375,0.6122448979591837,0.32487244897959183,Low Value,0.25,0.43112244897959184,0.3448979591836735,1,Unsatisfied,Mid Loyalty
1234,46,Male,Pants,Clothing,73,Utah,L,Beige,Winter,3.5,No,Next Day Air,Yes,40,Venmo,Quarterly,2,0.6625,0.7959183673469388,0.7292091836734693,High Value,0.25,0.5229591836734694,0.41836734693877553,1,Unsatisfied,Mid Loyalty
1235,38,Male,Gloves,Accessories,99,New Jersey,M,Indigo,Fall,4.1,No,Store Pickup,Yes,2,Bank Transfer,Fortnightly,4,0.9875,0.02040816326530612,0.5039540816326531,Mid Value,0.75,0.3852040816326531,0.3081632653061225,1,Satisfied,Low Loyalty
1236,23,Male,Sweater,Clothing,22,Idaho,M,Red,Spring,3.0,No,Store Pickup,Yes,46,PayPal,Quarterly,2,0.025,0.9183673469387755,0.4716836734693878,Mid Value,0.25,0.5841836734693877,0.4673469387755102,1,Unsatisfied,Mid Loyalty
1237,42,Male,Hat,Accessories,68,New Mexico,M,White,Summer,4.4,No,Store Pickup,Yes,35,Debit Card,Quarterly,2,0.6,0.6938775510204082,0.6469387755102041,Mid Value,0.25,0.4719387755102041,0.3775510204081633,1,Satisfied,Mid Loyalty
1238,25,Male,Dress,Clothing,92,Michigan,S,Charcoal,Spring,4.4,No,2-Day Shipping,Yes,42,Credit Card,Quarterly,2,0.9,0.8367346938775511,0.8683673469387756,High Value,0.25,0.5433673469387755,0.43469387755102046,1,Satisfied,Mid Loyalty
1239,55,Male,Pants,Clothing,77,Wyoming,M,Violet,Winter,3.7,No,Express,Yes,3,Venmo,Fortnightly,4,0.7125,0.04081632653061224,0.37665816326530616,Mid Value,0.75,0.39540816326530615,0.3163265306122449,1,Unsatisfied,Low Loyalty
1240,62,Male,Coat,Outerwear,37,New Jersey,XL,Magenta,Spring,4.8,No,Standard,Yes,32,Debit Card,Quarterly,2,0.2125,0.6326530612244898,0.4225765306122449,Mid Value,0.25,0.4413265306122449,0.35306122448979593,1,Satisfied,Mid Loyalty
1241,41,Male,Scarf,Accessories,79,New Jersey,L,White,Winter,2.9,No,Store Pickup,Yes,48,Debit Card,Annually,1,0.7375,0.9591836734693877,0.8483418367346939,High Value,0.0,0.47959183673469385,0.3836734693877551,1,Unsatisfied,Mid Loyalty
1242,58,Male,Hoodie,Clothing,51,Hawaii,XL,Pink,Winter,3.1,No,Express,Yes,34,Credit Card,Weekly,5,0.3875,0.673469387755102,0.530484693877551,Mid Value,1.0,0.8367346938775511,0.6693877551020408,1,Unsatisfied,High Loyalty
1243,56,Male,Socks,Clothing,27,Nevada,M,Lavender,Summer,4.0,No,Next Day Air,Yes,15,Bank Transfer,Quarterly,2,0.0875,0.2857142857142857,0.18660714285714286,Low Value,0.25,0.26785714285714285,0.2142857142857143,1,Satisfied,Low Loyalty
1244,25,Male,Blouse,Clothing,23,New Hampshire,S,Pink,Spring,3.0,No,Store Pickup,Yes,22,Debit Card,Annually,1,0.0375,0.42857142857142855,0.23303571428571426,Low Value,0.0,0.21428571428571427,0.17142857142857143,1,Unsatisfied,Low Loyalty
1245,70,Male,Socks,Clothing,76,Indiana,S,Silver,Summer,3.9,No,2-Day Shipping,Yes,2,Cash,Monthly,3,0.7,0.02040816326530612,0.36020408163265305,Mid Value,0.5,0.2602040816326531,0.20816326530612247,1,Satisfied,Low Loyalty
1246,42,Male,Dress,Clothing,31,New York,M,Violet,Fall,3.4,No,Standard,Yes,30,Bank Transfer,Weekly,5,0.1375,0.5918367346938775,0.36466836734693875,Mid Value,1.0,0.7959183673469388,0.6367346938775511,1,Unsatisfied,Mid Loyalty
1247,27,Male,Hoodie,Clothing,60,Louisiana,M,Charcoal,Winter,2.7,No,Standard,Yes,27,Cash,Monthly,3,0.5,0.5306122448979592,0.5153061224489797,Mid Value,0.5,0.5153061224489797,0.41224489795918373,1,Unsatisfied,Mid Loyalty
1248,65,Male,T-shirt,Clothing,99,Virginia,M,Charcoal,Spring,3.8,No,Express,Yes,18,Venmo,Fortnightly,4,0.9875,0.3469387755102041,0.667219387755102,Mid Value,0.75,0.548469387755102,0.4387755102040816,1,Unsatisfied,Mid Loyalty
1249,62,Male,Hat,Accessories,37,Wisconsin,XL,Red,Winter,3.0,No,Free Shipping,Yes,8,Credit Card,Annually,1,0.2125,0.14285714285714285,0.1776785714285714,Low Value,0.0,0.07142857142857142,0.05714285714285714,1,Unsatisfied,Low Loyalty
1250,62,Male,Boots,Footwear,50,Oregon,M,Peach,Winter,4.5,No,Express,Yes,48,Venmo,Fortnightly,4,0.375,0.9591836734693877,0.6670918367346939,Mid Value,0.75,0.8545918367346939,0.6836734693877551,1,Satisfied,High Loyalty
1251,52,Male,Jeans,Clothing,26,New Hampshire,XL,Purple,Winter,4.1,No,Free Shipping,Yes,24,Cash,Monthly,3,0.075,0.46938775510204084,0.2721938775510204,Low Value,0.5,0.48469387755102045,0.38775510204081637,1,Satisfied,Mid Loyalty
1252,56,Male,Shorts,Clothing,86,Indiana,XL,Orange,Spring,5.0,No,Next Day Air,Yes,43,Credit Card,Monthly,3,0.825,0.8571428571428571,0.8410714285714285,High Value,0.5,0.6785714285714286,0.5428571428571429,1,Satisfied,Mid Loyalty
1253,28,Male,Sandals,Footwear,41,Massachusetts,L,Magenta,Fall,4.0,No,Standard,Yes,8,Cash,Quarterly,2,0.2625,0.14285714285714285,0.20267857142857143,Low Value,0.25,0.19642857142857142,0.15714285714285714,1,Satisfied,Low Loyalty
1254,39,Male,Sandals,Footwear,23,Montana,XL,Red,Winter,4.9,No,Express,Yes,49,PayPal,Annually,1,0.0375,0.9795918367346939,0.508545918367347,Mid Value,0.0,0.4897959183673469,0.3918367346938776,1,Satisfied,Mid Loyalty
1255,54,Male,Sneakers,Footwear,56,California,XL,Black,Spring,3.3,No,2-Day Shipping,Yes,2,Credit Card,Fortnightly,4,0.45,0.02040816326530612,0.23520408163265308,Low Value,0.75,0.3852040816326531,0.3081632653061225,1,Unsatisfied,Low Loyalty
1256,30,Male,Hat,Accessories,68,Indiana,M,Peach,Fall,4.1,No,Standard,Yes,38,Cash,Fortnightly,4,0.6,0.7551020408163265,0.6775510204081632,High Value,0.75,0.7525510204081632,0.6020408163265306,1,Satisfied,Mid Loyalty
1257,45,Male,Coat,Outerwear,48,West Virginia,S,Olive,Winter,3.6,No,Express,Yes,4,Cash,Fortnightly,4,0.35,0.061224489795918366,0.20561224489795918,Low Value,0.75,0.40561224489795916,0.32448979591836735,1,Unsatisfied,Low Loyalty
1258,68,Male,Dress,Clothing,67,Minnesota,L,Gold,Spring,3.0,No,Free Shipping,Yes,31,Cash,Quarterly,2,0.5875,0.6122448979591837,0.5998724489795919,Mid Value,0.25,0.43112244897959184,0.3448979591836735,1,Unsatisfied,Mid Loyalty
1259,47,Male,Boots,Footwear,87,Ohio,XL,Gold,Spring,4.1,No,2-Day Shipping,Yes,34,Debit Card,Quarterly,2,0.8375,0.673469387755102,0.755484693877551,High Value,0.25,0.461734693877551,0.3693877551020408,1,Satisfied,Mid Loyalty
1260,68,Male,Skirt,Clothing,64,Minnesota,M,Turquoise,Fall,3.9,No,Standard,Yes,45,Credit Card,Monthly,3,0.55,0.8979591836734694,0.7239795918367347,High Value,0.5,0.6989795918367347,0.5591836734693878,1,Satisfied,Mid Loyalty
1261,63,Male,Shirt,Clothing,93,Virginia,XL,Green,Spring,4.1,No,Store Pickup,Yes,30,Debit Card,Quarterly,2,0.9125,0.5918367346938775,0.7521683673469388,High Value,0.25,0.42091836734693877,0.33673469387755106,1,Satisfied,Mid Loyalty
1262,20,Male,Shirt,Clothing,29,Connecticut,L,Maroon,Summer,2.8,No,Next Day Air,Yes,2,Credit Card,Fortnightly,4,0.1125,0.02040816326530612,0.06645408163265307,Low Value,0.75,0.3852040816326531,0.3081632653061225,1,Unsatisfied,Low Loyalty
1263,29,Male,Boots,Footwear,62,Tennessee,L,Brown,Winter,4.8,No,Store Pickup,Yes,44,Venmo,Monthly,3,0.525,0.8775510204081632,0.7012755102040816,High Value,0.5,0.6887755102040816,0.5510204081632653,1,Satisfied,Mid Loyalty
1264,41,Male,Hoodie,Clothing,70,Delaware,L,Brown,Winter,4.6,No,2-Day Shipping,Yes,1,Credit Card,Fortnightly,4,0.625,0.0,0.3125,Low Value,0.75,0.375,0.30000000000000004,1,Satisfied,Low Loyalty
1265,52,Male,Sweater,Clothing,92,Vermont,S,Blue,Winter,2.5,No,Next Day Air,Yes,1,Venmo,Fortnightly,4,0.9,0.0,0.45,Mid Value,0.75,0.375,0.30000000000000004,1,Unsatisfied,Low Loyalty
1266,32,Male,Shirt,Clothing,79,Louisiana,M,Lavender,Spring,2.7,No,Next Day Air,Yes,27,Bank Transfer,Weekly,5,0.7375,0.5306122448979592,0.6340561224489796,Mid Value,1.0,0.7653061224489797,0.6122448979591838,1,Unsatisfied,Mid Loyalty
1267,20,Male,Blouse,Clothing,31,North Dakota,M,Peach,Fall,4.0,No,Standard,Yes,14,Debit Card,Quarterly,2,0.1375,0.2653061224489796,0.2014030612244898,Low Value,0.25,0.25765306122448983,0.20612244897959187,1,Satisfied,Low Loyalty
1268,47,Male,T-shirt,Clothing,83,Oregon,S,Gray,Spring,2.7,No,Standard,Yes,41,Cash,Weekly,5,0.7875,0.8163265306122449,0.8019132653061225,High Value,1.0,0.9081632653061225,0.726530612244898,1,Unsatisfied,High Loyalty
1269,23,Male,Jacket,Outerwear,88,Idaho,XL,Charcoal,Winter,2.9,No,Next Day Air,Yes,25,Debit Card,Fortnightly,4,0.85,0.4897959183673469,0.6698979591836735,High Value,0.75,0.6198979591836735,0.49591836734693884,1,Unsatisfied,Mid Loyalty
1270,43,Male,Jewelry,Accessories,53,Vermont,M,Lavender,Spring,3.0,No,Standard,Yes,47,PayPal,Quarterly,2,0.4125,0.9387755102040817,0.6756377551020408,High Value,0.25,0.5943877551020409,0.47551020408163275,1,Unsatisfied,Mid Loyalty
1271,67,Male,Hoodie,Clothing,98,West Virginia,M,Green,Fall,3.3,No,Standard,Yes,20,Cash,Annually,1,0.975,0.3877551020408163,0.6813775510204081,High Value,0.0,0.19387755102040816,0.15510204081632653,1,Unsatisfied,Low Loyalty
1272,70,Male,Jewelry,Accessories,57,Kentucky,S,Gray,Spring,4.3,No,Store Pickup,Yes,42,PayPal,Annually,1,0.4625,0.8367346938775511,0.6496173469387756,Mid Value,0.0,0.41836734693877553,0.3346938775510204,1,Satisfied,Mid Loyalty
1273,35,Male,Sandals,Footwear,80,Wisconsin,M,Orange,Winter,4.4,No,Express,Yes,16,Bank Transfer,Monthly,3,0.75,0.30612244897959184,0.528061224489796,Mid Value,0.5,0.4030612244897959,0.32244897959183677,1,Satisfied,Low Loyalty
1274,41,Male,Jeans,Clothing,29,Mississippi,L,Silver,Spring,4.1,No,Next Day Air,Yes,32,Credit Card,Quarterly,2,0.1125,0.6326530612244898,0.37257653061224494,Mid Value,0.25,0.4413265306122449,0.35306122448979593,1,Satisfied,Mid Loyalty
1275,54,Male,Hat,Accessories,73,Missouri,M,Olive,Spring,3.1,No,2-Day Shipping,Yes,37,PayPal,Quarterly,2,0.6625,0.7346938775510204,0.6985969387755102,High Value,0.25,0.4923469387755102,0.3938775510204082,1,Unsatisfied,Mid Loyalty
1276,55,Male,Sweater,Clothing,32,Arkansas,S,Turquoise,Fall,4.5,No,Standard,Yes,1,PayPal,Monthly,3,0.15,0.0,0.075,Low Value,0.5,0.25,0.2,1,Satisfied,Low Loyalty
1277,51,Male,Boots,Footwear,68,Wyoming,L,Turquoise,Spring,4.8,No,Next Day Air,Yes,37,Bank Transfer,Weekly,5,0.6,0.7346938775510204,0.6673469387755102,Mid Value,1.0,0.8673469387755102,0.6938775510204082,1,Satisfied,High Loyalty
1278,19,Male,Blouse,Clothing,97,Rhode Island,L,Green,Spring,5.0,No,Express,Yes,5,Venmo,Quarterly,2,0.9625,0.08163265306122448,0.5220663265306122,Mid Value,0.25,0.16581632653061223,0.1326530612244898,1,Satisfied,Low Loyalty
1279,28,Male,Shorts,Clothing,98,Utah,M,Violet,Fall,2.8,No,Next Day Air,Yes,31,Venmo,Fortnightly,4,0.975,0.6122448979591837,0.7936224489795918,High Value,0.75,0.6811224489795918,0.5448979591836735,1,Unsatisfied,Mid Loyalty
1280,63,Male,Hoodie,Clothing,56,Maryland,L,Charcoal,Fall,3.7,No,Express,Yes,18,Debit Card,Annually,1,0.45,0.3469387755102041,0.39846938775510204,Mid Value,0.0,0.17346938775510204,0.13877551020408163,1,Unsatisfied,Low Loyalty
1281,30,Male,Pants,Clothing,78,Georgia,L,White,Winter,4.4,No,2-Day Shipping,Yes,39,Venmo,Quarterly,2,0.725,0.7755102040816326,0.7502551020408164,High Value,0.25,0.5127551020408163,0.4102040816326531,1,Satisfied,Mid Loyalty
1282,29,Male,Belt,Accessories,81,New Jersey,M,Olive,Spring,4.5,No,Store Pickup,Yes,8,Venmo,Fortnightly,4,0.7625,0.14285714285714285,0.4526785714285714,Mid Value,0.75,0.4464285714285714,0.35714285714285715,1,Satisfied,Mid Loyalty
1283,24,Male,Shirt,Clothing,68,New Hampshire,L,Violet,Winter,3.0,No,Free Shipping,Yes,20,Venmo,Monthly,3,0.6,0.3877551020408163,0.49387755102040815,Mid Value,0.5,0.44387755102040816,0.35510204081632657,1,Unsatisfied,Mid Loyalty
1284,69,Male,Shirt,Clothing,94,Oregon,M,Violet,Winter,3.9,No,2-Day Shipping,Yes,23,Debit Card,Quarterly,2,0.925,0.4489795918367347,0.6869897959183674,High Value,0.25,0.3494897959183674,0.2795918367346939,1,Satisfied,Low Loyalty
1285,65,Male,Dress,Clothing,93,Arkansas,M,Black,Spring,3.9,No,Express,Yes,38,PayPal,Fortnightly,4,0.9125,0.7551020408163265,0.8338010204081632,High Value,0.75,0.7525510204081632,0.6020408163265306,1,Satisfied,Mid Loyalty
1286,64,Male,Gloves,Accessories,99,North Carolina,M,Charcoal,Fall,3.5,No,Next Day Air,Yes,45,Bank Transfer,Fortnightly,4,0.9875,0.8979591836734694,0.9427295918367347,High Value,0.75,0.8239795918367347,0.6591836734693879,1,Unsatisfied,Mid Loyalty
1287,40,Male,Gloves,Accessories,49,West Virginia,L,Yellow,Winter,4.9,No,Next Day Air,Yes,44,Debit Card,Fortnightly,4,0.3625,0.8775510204081632,0.6200255102040816,Mid Value,0.75,0.8137755102040816,0.6510204081632653,1,Satisfied,Mid Loyalty
1288,24,Male,Jeans,Clothing,28,Utah,XL,Blue,Winter,3.4,No,Standard,Yes,20,PayPal,Monthly,3,0.1,0.3877551020408163,0.24387755102040815,Low Value,0.5,0.44387755102040816,0.35510204081632657,1,Unsatisfied,Mid Loyalty
1289,66,Male,Belt,Accessories,93,South Dakota,XL,Charcoal,Winter,4.1,No,Standard,Yes,34,PayPal,Fortnightly,4,0.9125,0.673469387755102,0.792984693877551,High Value,0.75,0.7117346938775511,0.5693877551020409,1,Satisfied,Mid Loyalty
1290,35,Male,Jacket,Outerwear,24,New Hampshire,M,Red,Fall,2.9,No,Next Day Air,Yes,10,PayPal,Weekly,5,0.05,0.1836734693877551,0.11683673469387756,Low Value,1.0,0.5918367346938775,0.47346938775510206,1,Unsatisfied,Mid Loyalty
1291,67,Male,Skirt,Clothing,35,Maryland,M,Indigo,Spring,3.4,No,Free Shipping,Yes,3,PayPal,Annually,1,0.1875,0.04081632653061224,0.11415816326530612,Low Value,0.0,0.02040816326530612,0.016326530612244896,1,Unsatisfied,Low Loyalty
1292,69,Male,Sandals,Footwear,68,South Dakota,S,Beige,Spring,3.2,No,2-Day Shipping,Yes,23,Debit Card,Fortnightly,4,0.6,0.4489795918367347,0.5244897959183673,Mid Value,0.75,0.5994897959183674,0.4795918367346939,1,Unsatisfied,Mid Loyalty
1293,26,Male,Belt,Accessories,61,Kentucky,M,Maroon,Summer,3.8,No,Free Shipping,Yes,42,Bank Transfer,Annually,1,0.5125,0.8367346938775511,0.6746173469387755,High Value,0.0,0.41836734693877553,0.3346938775510204,1,Unsatisfied,Mid Loyalty
1294,23,Male,Sweater,Clothing,74,Florida,XL,Yellow,Fall,4.1,No,Standard,Yes,30,Debit Card,Annually,1,0.675,0.5918367346938775,0.6334183673469388,Mid Value,0.0,0.29591836734693877,0.23673469387755103,1,Satisfied,Low Loyalty
1295,27,Male,Shirt,Clothing,64,Texas,M,Silver,Summer,4.5,No,Standard,Yes,21,Cash,Quarterly,2,0.55,0.40816326530612246,0.47908163265306125,Mid Value,0.25,0.32908163265306123,0.26326530612244897,1,Satisfied,Low Loyalty
1296,30,Male,Sneakers,Footwear,60,New Mexico,M,Olive,Fall,2.8,No,Standard,Yes,50,PayPal,Weekly,5,0.5,1.0,0.75,High Value,1.0,1.0,0.8,1,Unsatisfied,High Loyalty
1297,48,Male,Jeans,Clothing,29,South Dakota,S,Teal,Spring,2.8,No,Express,Yes,16,Cash,Fortnightly,4,0.1125,0.30612244897959184,0.20931122448979592,Low Value,0.75,0.528061224489796,0.4224489795918368,1,Unsatisfied,Mid Loyalty
1298,44,Male,Sandals,Footwear,85,New Jersey,M,Silver,Summer,4.6,No,Standard,Yes,32,Venmo,Annually,1,0.8125,0.6326530612244898,0.7225765306122449,High Value,0.0,0.3163265306122449,0.25306122448979596,1,Satisfied,Low Loyalty
1299,29,Male,Pants,Clothing,81,Indiana,S,Indigo,Summer,3.0,No,Free Shipping,Yes,14,Bank Transfer,Fortnightly,4,0.7625,0.2653061224489796,0.5139030612244898,Mid Value,0.75,0.5076530612244898,0.4061224489795919,1,Unsatisfied,Mid Loyalty
1300,29,Male,Belt,Accessories,23,Louisiana,L,Teal,Fall,3.6,No,2-Day Shipping,Yes,42,Venmo,Fortnightly,4,0.0375,0.8367346938775511,0.4371173469387755,Mid Value,0.75,0.7933673469387755,0.6346938775510205,1,Unsatisfied,Mid Loyalty
1301,67,Male,T-shirt,Clothing,100,West Virginia,M,Charcoal,Spring,4.5,No,Next Day Air,Yes,47,Credit Card,Quarterly,2,1.0,0.9387755102040817,0.9693877551020409,High Value,0.25,0.5943877551020409,0.47551020408163275,1,Satisfied,Mid Loyalty
1302,42,Male,Shirt,Clothing,54,Maine,M,Orange,Fall,5.0,No,Express,Yes,21,Debit Card,Weekly,5,0.425,0.40816326530612246,0.41658163265306125,Mid Value,1.0,0.7040816326530612,0.563265306122449,1,Satisfied,Mid Loyalty
1303,23,Male,Sneakers,Footwear,25,Idaho,M,Gold,Fall,2.9,No,Next Day Air,Yes,37,Credit Card,Monthly,3,0.0625,0.7346938775510204,0.3985969387755102,Mid Value,0.5,0.6173469387755102,0.49387755102040815,1,Unsatisfied,Mid Loyalty
1304,34,Male,Blouse,Clothing,32,New York,L,Silver,Summer,3.1,No,Next Day Air,Yes,10,Credit Card,Annually,1,0.15,0.1836734693877551,0.16683673469387755,Low Value,0.0,0.09183673469387756,0.07346938775510205,1,Unsatisfied,Low Loyalty
1305,64,Male,Backpack,Accessories,63,Montana,S,Orange,Spring,4.0,No,2-Day Shipping,Yes,18,PayPal,Quarterly,2,0.5375,0.3469387755102041,0.44221938775510206,Mid Value,0.25,0.298469387755102,0.2387755102040816,1,Satisfied,Low Loyalty
1306,31,Male,Pants,Clothing,56,Mississippi,XL,Peach,Spring,4.5,No,Express,Yes,2,PayPal,Quarterly,2,0.45,0.02040816326530612,0.23520408163265308,Low Value,0.25,0.13520408163265307,0.10816326530612247,1,Satisfied,Low Loyalty
1307,54,Male,Sweater,Clothing,33,Alaska,L,Brown,Winter,4.5,No,Next Day Air,Yes,40,PayPal,Annually,1,0.1625,0.7959183673469388,0.4792091836734694,Mid Value,0.0,0.3979591836734694,0.31836734693877555,1,Satisfied,Low Loyalty
1308,23,Male,Coat,Outerwear,32,Missouri,L,Black,Summer,3.1,No,Express,Yes,43,PayPal,Annually,1,0.15,0.8571428571428571,0.5035714285714286,Mid Value,0.0,0.42857142857142855,0.34285714285714286,1,Unsatisfied,Mid Loyalty
1309,59,Male,Dress,Clothing,38,Rhode Island,L,Red,Summer,4.4,No,Next Day Air,Yes,14,Credit Card,Quarterly,2,0.225,0.2653061224489796,0.24515306122448982,Low Value,0.25,0.25765306122448983,0.20612244897959187,1,Satisfied,Low Loyalty
1310,32,Male,Blouse,Clothing,21,Hawaii,L,Lavender,Summer,4.7,No,Store Pickup,Yes,41,Cash,Quarterly,2,0.0125,0.8163265306122449,0.41441326530612244,Mid Value,0.25,0.5331632653061225,0.42653061224489797,1,Satisfied,Mid Loyalty
1311,43,Male,Hoodie,Clothing,59,South Carolina,L,Brown,Winter,3.1,No,Store Pickup,Yes,38,Credit Card,Quarterly,2,0.4875,0.7551020408163265,0.6213010204081633,Mid Value,0.25,0.5025510204081632,0.4020408163265306,1,Unsatisfied,Mid Loyalty
1312,32,Male,Shoes,Footwear,87,Tennessee,M,Maroon,Fall,4.2,No,Express,Yes,12,Venmo,Annually,1,0.8375,0.22448979591836735,0.5309948979591836,Mid Value,0.0,0.11224489795918367,0.08979591836734695,1,Satisfied,Low Loyalty
1313,66,Male,T-shirt,Clothing,79,Missouri,M,Violet,Winter,3.0,No,Store Pickup,Yes,19,Bank Transfer,Monthly,3,0.7375,0.3673469387755102,0.5524234693877551,Mid Value,0.5,0.4336734693877551,0.3469387755102041,1,Unsatisfied,Mid Loyalty
1314,70,Male,Shoes,Footwear,28,Missouri,M,Lavender,Summer,3.8,No,Free Shipping,Yes,23,Credit Card,Fortnightly,4,0.1,0.4489795918367347,0.27448979591836736,Low Value,0.75,0.5994897959183674,0.4795918367346939,1,Unsatisfied,Mid Loyalty
1315,42,Male,Boots,Footwear,67,Missouri,S,Magenta,Summer,3.4,No,Free Shipping,Yes,49,Debit Card,Annually,1,0.5875,0.9795918367346939,0.783545918367347,High Value,0.0,0.4897959183673469,0.3918367346938776,1,Unsatisfied,Mid Loyalty
1316,56,Male,Shorts,Clothing,75,Mississippi,L,Green,Spring,4.2,No,2-Day Shipping,Yes,29,Debit Card,Quarterly,2,0.6875,0.5714285714285714,0.6294642857142857,Mid Value,0.25,0.4107142857142857,0.32857142857142857,1,Satisfied,Low Loyalty
1317,28,Male,Belt,Accessories,32,Arkansas,S,Lavender,Spring,4.6,No,Standard,Yes,14,Debit Card,Fortnightly,4,0.15,0.2653061224489796,0.2076530612244898,Low Value,0.75,0.5076530612244898,0.4061224489795919,1,Satisfied,Mid Loyalty
1318,28,Male,Pants,Clothing,43,Kentucky,M,Green,Spring,2.8,No,Free Shipping,Yes,19,Cash,Monthly,3,0.2875,0.3673469387755102,0.32742346938775513,Low Value,0.5,0.4336734693877551,0.3469387755102041,1,Unsatisfied,Mid Loyalty
1319,52,Male,Shorts,Clothing,93,Connecticut,M,Maroon,Spring,2.7,No,Express,Yes,19,Credit Card,Fortnightly,4,0.9125,0.3673469387755102,0.6399234693877551,Mid Value,0.75,0.5586734693877551,0.4469387755102041,1,Unsatisfied,Mid Loyalty
1320,65,Male,Sunglasses,Accessories,24,Oklahoma,M,Magenta,Spring,4.0,No,Standard,Yes,48,Bank Transfer,Weekly,5,0.05,0.9591836734693877,0.5045918367346939,Mid Value,1.0,0.9795918367346939,0.7836734693877552,1,Satisfied,High Loyalty
1321,56,Male,Hat,Accessories,31,California,XL,Teal,Fall,3.1,No,Free Shipping,Yes,19,Debit Card,Annually,1,0.1375,0.3673469387755102,0.2524234693877551,Low Value,0.0,0.1836734693877551,0.1469387755102041,1,Unsatisfied,Low Loyalty
1322,59,Male,T-shirt,Clothing,84,Missouri,L,Orange,Winter,3.7,No,Express,Yes,45,Bank Transfer,Quarterly,2,0.8,0.8979591836734694,0.8489795918367347,High Value,0.25,0.5739795918367347,0.4591836734693878,1,Unsatisfied,Mid Loyalty
1323,23,Male,Pants,Clothing,74,Washington,M,Violet,Winter,4.0,No,Next Day Air,Yes,17,Bank Transfer,Quarterly,2,0.675,0.32653061224489793,0.500765306122449,Mid Value,0.25,0.28826530612244894,0.23061224489795917,1,Satisfied,Low Loyalty
1324,58,Male,Shorts,Clothing,62,New York,M,Yellow,Spring,4.6,No,Standard,Yes,15,Debit Card,Quarterly,2,0.525,0.2857142857142857,0.40535714285714286,Mid Value,0.25,0.26785714285714285,0.2142857142857143,1,Satisfied,Low Loyalty
1325,39,Male,Jewelry,Accessories,77,Indiana,S,Orange,Summer,3.8,No,Free Shipping,Yes,11,Credit Card,Fortnightly,4,0.7125,0.20408163265306123,0.4582908163265306,Mid Value,0.75,0.4770408163265306,0.3816326530612245,1,Unsatisfied,Mid Loyalty
1326,28,Male,Backpack,Accessories,73,Oregon,L,Gold,Summer,3.5,No,Express,Yes,1,Cash,Monthly,3,0.6625,0.0,0.33125,Low Value,0.5,0.25,0.2,1,Unsatisfied,Low Loyalty
1327,40,Male,Shoes,Footwear,50,Texas,M,Indigo,Spring,3.8,No,Free Shipping,Yes,17,Cash,Monthly,3,0.375,0.32653061224489793,0.35076530612244894,Mid Value,0.5,0.41326530612244894,0.33061224489795915,1,Unsatisfied,Low Loyalty
1328,52,Male,Coat,Outerwear,40,Florida,M,Turquoise,Winter,2.8,No,Standard,Yes,37,Cash,Weekly,5,0.25,0.7346938775510204,0.4923469387755102,Mid Value,1.0,0.8673469387755102,0.6938775510204082,1,Unsatisfied,High Loyalty
1329,37,Male,Sweater,Clothing,97,Rhode Island,M,Orange,Winter,3.7,No,Standard,Yes,40,Bank Transfer,Weekly,5,0.9625,0.7959183673469388,0.8792091836734695,High Value,1.0,0.8979591836734694,0.7183673469387756,1,Unsatisfied,High Loyalty
1330,70,Male,Gloves,Accessories,63,Texas,M,Indigo,Fall,3.3,No,Express,Yes,50,PayPal,Quarterly,2,0.5375,1.0,0.76875,High Value,0.25,0.625,0.5,1,Unsatisfied,Mid Loyalty
1331,30,Male,Handbag,Accessories,65,Vermont,M,Charcoal,Fall,2.9,No,Standard,Yes,20,PayPal,Fortnightly,4,0.5625,0.3877551020408163,0.47512755102040816,Mid Value,0.75,0.5688775510204082,0.45510204081632655,1,Unsatisfied,Mid Loyalty
1332,38,Male,Socks,Clothing,91,Maryland,M,Lavender,Spring,3.2,No,Standard,Yes,8,PayPal,Fortnightly,4,0.8875,0.14285714285714285,0.5151785714285714,Mid Value,0.75,0.4464285714285714,0.35714285714285715,1,Unsatisfied,Mid Loyalty
1333,66,Male,Hoodie,Clothing,60,Alaska,S,Gold,Spring,4.3,No,Store Pickup,Yes,16,Bank Transfer,Quarterly,2,0.5,0.30612244897959184,0.4030612244897959,Mid Value,0.25,0.2780612244897959,0.22244897959183674,1,Satisfied,Low Loyalty
1334,29,Male,Pants,Clothing,69,Idaho,M,Lavender,Winter,2.7,No,Next Day Air,Yes,9,Bank Transfer,Quarterly,2,0.6125,0.16326530612244897,0.3878826530612245,Mid Value,0.25,0.20663265306122447,0.16530612244897958,1,Unsatisfied,Low Loyalty
1335,46,Male,Coat,Outerwear,52,West Virginia,S,White,Spring,3.8,No,Store Pickup,Yes,12,Venmo,Monthly,3,0.4,0.22448979591836735,0.3122448979591837,Low Value,0.5,0.3622448979591837,0.28979591836734697,1,Unsatisfied,Low Loyalty
1336,56,Male,Boots,Footwear,49,Nevada,M,Lavender,Fall,4.8,No,2-Day Shipping,Yes,26,Credit Card,Weekly,5,0.3625,0.5102040816326531,0.4363520408163265,Mid Value,1.0,0.7551020408163265,0.6040816326530613,1,Satisfied,Mid Loyalty
1337,23,Male,Sneakers,Footwear,85,Oregon,M,Charcoal,Spring,4.8,No,Store Pickup,Yes,44,Debit Card,Fortnightly,4,0.8125,0.8775510204081632,0.8450255102040816,High Value,0.75,0.8137755102040816,0.6510204081632653,1,Satisfied,Mid Loyalty
1338,37,Male,Sweater,Clothing,86,Tennessee,L,Silver,Spring,3.4,No,Express,Yes,19,Credit Card,Fortnightly,4,0.825,0.3673469387755102,0.5961734693877551,Mid Value,0.75,0.5586734693877551,0.4469387755102041,1,Unsatisfied,Mid Loyalty
1339,56,Male,Handbag,Accessories,51,Alabama,S,Yellow,Winter,2.6,No,Standard,Yes,43,PayPal,Fortnightly,4,0.3875,0.8571428571428571,0.6223214285714286,Mid Value,0.75,0.8035714285714286,0.6428571428571429,1,Unsatisfied,Mid Loyalty
1340,36,Male,Belt,Accessories,56,Indiana,L,Olive,Winter,5.0,No,Next Day Air,Yes,5,Bank Transfer,Quarterly,2,0.45,0.08163265306122448,0.26581632653061227,Low Value,0.25,0.16581632653061223,0.1326530612244898,1,Satisfied,Low Loyalty
1341,40,Male,Belt,Accessories,72,Idaho,M,Peach,Fall,4.4,No,Next Day Air,Yes,5,Debit Card,Quarterly,2,0.65,0.08163265306122448,0.36581632653061225,Mid Value,0.25,0.16581632653061223,0.1326530612244898,1,Satisfied,Low Loyalty
1342,26,Male,Hoodie,Clothing,27,Rhode Island,XL,Yellow,Fall,3.8,No,Standard,Yes,31,Bank Transfer,Quarterly,2,0.0875,0.6122448979591837,0.34987244897959185,Mid Value,0.25,0.43112244897959184,0.3448979591836735,1,Unsatisfied,Mid Loyalty
1343,57,Male,Sunglasses,Accessories,43,Arizona,XL,Yellow,Summer,3.4,No,2-Day Shipping,Yes,11,Bank Transfer,Monthly,3,0.2875,0.20408163265306123,0.2457908163265306,Low Value,0.5,0.3520408163265306,0.2816326530612245,1,Unsatisfied,Low Loyalty
1344,68,Male,Sneakers,Footwear,56,Florida,M,Indigo,Spring,3.4,No,Standard,Yes,34,Bank Transfer,Monthly,3,0.45,0.673469387755102,0.561734693877551,Mid Value,0.5,0.5867346938775511,0.4693877551020409,1,Unsatisfied,Mid Loyalty
1345,56,Male,T-shirt,Clothing,37,New York,S,Violet,Fall,4.9,No,Next Day Air,Yes,14,Cash,Annually,1,0.2125,0.2653061224489796,0.2389030612244898,Low Value,0.0,0.1326530612244898,0.10612244897959185,1,Satisfied,Low Loyalty
1346,40,Male,Dress,Clothing,21,Nebraska,M,White,Fall,3.6,No,Standard,Yes,42,Venmo,Weekly,5,0.0125,0.8367346938775511,0.4246173469387755,Mid Value,1.0,0.9183673469387755,0.7346938775510204,1,Unsatisfied,High Loyalty
1347,44,Male,Hoodie,Clothing,91,Mississippi,L,White,Winter,3.0,No,Free Shipping,Yes,15,Venmo,Fortnightly,4,0.8875,0.2857142857142857,0.5866071428571429,Mid Value,0.75,0.5178571428571428,0.41428571428571426,1,Unsatisfied,Mid Loyalty
1348,44,Male,Sweater,Clothing,95,Vermont,M,Cyan,Summer,3.9,No,2-Day Shipping,Yes,47,Bank Transfer,Monthly,3,0.9375,0.9387755102040817,0.9381377551020409,High Value,0.5,0.7193877551020409,0.5755102040816328,1,Satisfied,Mid Loyalty
1349,19,Male,Belt,Accessories,54,Nebraska,XL,Purple,Spring,3.2,No,Standard,Yes,23,Credit Card,Fortnightly,4,0.425,0.4489795918367347,0.43698979591836734,Mid Value,0.75,0.5994897959183674,0.4795918367346939,1,Unsatisfied,Mid Loyalty
1350,21,Male,Socks,Clothing,36,South Carolina,XL,Black,Spring,3.2,No,Next Day Air,Yes,23,Cash,Fortnightly,4,0.2,0.4489795918367347,0.32448979591836735,Low Value,0.75,0.5994897959183674,0.4795918367346939,1,Unsatisfied,Mid Loyalty
1351,31,Male,Sunglasses,Accessories,71,Delaware,M,Orange,Fall,4.3,No,Next Day Air,Yes,1,Cash,Quarterly,2,0.6375,0.0,0.31875,Low Value,0.25,0.125,0.1,1,Satisfied,Low Loyalty
1352,30,Male,Coat,Outerwear,31,Vermont,L,Maroon,Summer,2.8,No,2-Day Shipping,Yes,28,Bank Transfer,Quarterly,2,0.1375,0.5510204081632653,0.3442602040816326,Mid Value,0.25,0.4005102040816326,0.32040816326530613,1,Unsatisfied,Low Loyalty
1353,65,Male,Hat,Accessories,89,Indiana,XL,Orange,Spring,4.5,No,Next Day Air,Yes,37,Credit Card,Fortnightly,4,0.8625,0.7346938775510204,0.7985969387755103,High Value,0.75,0.7423469387755102,0.5938775510204082,1,Satisfied,Mid Loyalty
1354,39,Male,Pants,Clothing,83,Oregon,M,Teal,Winter,4.1,No,Next Day Air,Yes,4,Cash,Quarterly,2,0.7875,0.061224489795918366,0.42436224489795915,Mid Value,0.25,0.1556122448979592,0.12448979591836735,1,Satisfied,Low Loyalty
1355,64,Male,Backpack,Accessories,42,Maryland,M,Gray,Spring,3.6,No,2-Day Shipping,Yes,21,Bank Transfer,Quarterly,2,0.275,0.40816326530612246,0.34158163265306124,Mid Value,0.25,0.32908163265306123,0.26326530612244897,1,Unsatisfied,Low Loyalty
1356,59,Male,Shorts,Clothing,91,Florida,M,Blue,Summer,3.0,No,2-Day Shipping,Yes,50,PayPal,Fortnightly,4,0.8875,1.0,0.94375,High Value,0.75,0.875,0.7000000000000001,1,Unsatisfied,High Loyalty
1357,49,Male,Jacket,Outerwear,61,Indiana,M,Cyan,Spring,4.0,No,Free Shipping,Yes,34,Bank Transfer,Annually,1,0.5125,0.673469387755102,0.5929846938775509,Mid Value,0.0,0.336734693877551,0.2693877551020408,1,Satisfied,Low Loyalty
1358,24,Male,Backpack,Accessories,66,Texas,S,Red,Summer,3.5,No,Next Day Air,Yes,20,Cash,Quarterly,2,0.575,0.3877551020408163,0.48137755102040813,Mid Value,0.25,0.31887755102040816,0.25510204081632654,1,Unsatisfied,Low Loyalty
1359,19,Male,Scarf,Accessories,22,Nebraska,XL,Pink,Spring,2.5,No,Store Pickup,Yes,25,Venmo,Quarterly,2,0.025,0.4897959183673469,0.2573979591836735,Low Value,0.25,0.36989795918367346,0.29591836734693877,1,Unsatisfied,Low Loyalty
1360,27,Male,Hoodie,Clothing,68,North Carolina,S,Cyan,Winter,4.3,No,Store Pickup,Yes,26,Bank Transfer,Fortnightly,4,0.6,0.5102040816326531,0.5551020408163265,Mid Value,0.75,0.6301020408163265,0.5040816326530612,1,Satisfied,Mid Loyalty
1361,56,Male,Skirt,Clothing,43,Alabama,L,Black,Fall,2.8,No,Express,Yes,4,Bank Transfer,Annually,1,0.2875,0.061224489795918366,0.17436224489795918,Low Value,0.0,0.030612244897959183,0.02448979591836735,1,Unsatisfied,Low Loyalty
1362,49,Male,Dress,Clothing,32,Alabama,M,Beige,Fall,3.7,No,Next Day Air,Yes,39,Debit Card,Monthly,3,0.15,0.7755102040816326,0.4627551020408163,Mid Value,0.5,0.6377551020408163,0.5102040816326531,1,Unsatisfied,Mid Loyalty
1363,41,Male,Coat,Outerwear,46,Colorado,M,Gray,Fall,4.3,No,Express,Yes,29,Cash,Weekly,5,0.325,0.5714285714285714,0.4482142857142857,Mid Value,1.0,0.7857142857142857,0.6285714285714286,1,Satisfied,Mid Loyalty
1364,36,Male,Blouse,Clothing,90,Wisconsin,L,Red,Summer,4.0,No,Express,Yes,47,PayPal,Quarterly,2,0.875,0.9387755102040817,0.9068877551020409,High Value,0.25,0.5943877551020409,0.47551020408163275,1,Satisfied,Mid Loyalty
1365,68,Male,Hat,Accessories,75,Delaware,L,Yellow,Fall,4.7,No,Express,Yes,5,Cash,Quarterly,2,0.6875,0.08163265306122448,0.38456632653061223,Mid Value,0.25,0.16581632653061223,0.1326530612244898,1,Satisfied,Low Loyalty
1366,28,Male,Handbag,Accessories,69,Indiana,M,Magenta,Winter,4.5,No,Store Pickup,Yes,18,Bank Transfer,Fortnightly,4,0.6125,0.3469387755102041,0.47971938775510203,Mid Value,0.75,0.548469387755102,0.4387755102040816,1,Satisfied,Mid Loyalty
1367,45,Male,Belt,Accessories,40,Iowa,M,Magenta,Fall,3.1,No,Free Shipping,Yes,10,Credit Card,Fortnightly,4,0.25,0.1836734693877551,0.21683673469387754,Low Value,0.75,0.46683673469387754,0.3734693877551021,1,Unsatisfied,Mid Loyalty
1368,60,Male,Belt,Accessories,63,Iowa,S,Black,Fall,3.8,No,Express,Yes,25,Cash,Quarterly,2,0.5375,0.4897959183673469,0.5136479591836735,Mid Value,0.25,0.36989795918367346,0.29591836734693877,1,Unsatisfied,Low Loyalty
1369,21,Male,Shirt,Clothing,36,Wisconsin,L,Orange,Summer,4.9,No,Express,Yes,2,Cash,Weekly,5,0.2,0.02040816326530612,0.11020408163265306,Low Value,1.0,0.5102040816326531,0.40816326530612246,1,Satisfied,Mid Loyalty
1370,32,Male,Shoes,Footwear,75,Iowa,M,Green,Winter,3.2,No,Standard,Yes,48,Venmo,Fortnightly,4,0.6875,0.9591836734693877,0.8233418367346939,High Value,0.75,0.8545918367346939,0.6836734693877551,1,Unsatisfied,High Loyalty
1371,27,Male,Scarf,Accessories,67,Montana,L,Peach,Summer,3.8,No,2-Day Shipping,Yes,41,Bank Transfer,Quarterly,2,0.5875,0.8163265306122449,0.7019132653061224,High Value,0.25,0.5331632653061225,0.42653061224489797,1,Unsatisfied,Mid Loyalty
1372,40,Male,Pants,Clothing,64,Mississippi,M,Charcoal,Spring,2.8,No,Store Pickup,Yes,42,Credit Card,Monthly,3,0.55,0.8367346938775511,0.6933673469387756,High Value,0.5,0.6683673469387755,0.5346938775510205,1,Unsatisfied,Mid Loyalty
1373,64,Male,Blouse,Clothing,61,Michigan,M,Gray,Fall,4.0,No,2-Day Shipping,Yes,44,PayPal,Fortnightly,4,0.5125,0.8775510204081632,0.6950255102040817,High Value,0.75,0.8137755102040816,0.6510204081632653,1,Satisfied,Mid Loyalty
1374,18,Male,Gloves,Accessories,40,Virginia,L,Turquoise,Winter,2.6,No,Store Pickup,Yes,6,Cash,Quarterly,2,0.25,0.10204081632653061,0.1760204081632653,Low Value,0.25,0.1760204081632653,0.14081632653061224,1,Unsatisfied,Low Loyalty
1375,22,Male,Handbag,Accessories,97,New York,M,Red,Fall,2.7,No,Free Shipping,Yes,5,Bank Transfer,Quarterly,2,0.9625,0.08163265306122448,0.5220663265306122,Mid Value,0.25,0.16581632653061223,0.1326530612244898,1,Unsatisfied,Low Loyalty
1376,42,Male,Sneakers,Footwear,31,Maine,L,Brown,Spring,4.1,No,2-Day Shipping,Yes,8,Credit Card,Annually,1,0.1375,0.14285714285714285,0.14017857142857143,Low Value,0.0,0.07142857142857142,0.05714285714285714,1,Satisfied,Low Loyalty
1377,57,Male,Sandals,Footwear,65,New Jersey,L,Pink,Spring,5.0,No,Free Shipping,Yes,24,PayPal,Annually,1,0.5625,0.46938775510204084,0.5159438775510204,Mid Value,0.0,0.23469387755102042,0.18775510204081636,1,Satisfied,Low Loyalty
1378,33,Male,Sunglasses,Accessories,54,Maryland,L,Olive,Spring,3.0,No,Next Day Air,Yes,42,Venmo,Monthly,3,0.425,0.8367346938775511,0.6308673469387756,Mid Value,0.5,0.6683673469387755,0.5346938775510205,1,Unsatisfied,Mid Loyalty
1379,37,Male,Jacket,Outerwear,49,Kentucky,XL,Lavender,Fall,3.6,No,Free Shipping,Yes,24,Venmo,Weekly,5,0.3625,0.46938775510204084,0.4159438775510204,Mid Value,1.0,0.7346938775510204,0.5877551020408164,1,Unsatisfied,Mid Loyalty
1380,21,Male,T-shirt,Clothing,64,Minnesota,L,Purple,Fall,2.8,No,2-Day Shipping,Yes,38,Venmo,Fortnightly,4,0.55,0.7551020408163265,0.6525510204081633,Mid Value,0.75,0.7525510204081632,0.6020408163265306,1,Unsatisfied,Mid Loyalty
1381,51,Male,Sneakers,Footwear,35,Massachusetts,S,Beige,Winter,4.6,No,Standard,Yes,41,Cash,Fortnightly,4,0.1875,0.8163265306122449,0.5019132653061225,Mid Value,0.75,0.7831632653061225,0.626530612244898,1,Satisfied,Mid Loyalty
1382,30,Male,Shoes,Footwear,86,Illinois,L,Green,Winter,2.9,No,Standard,Yes,48,Venmo,Quarterly,2,0.825,0.9591836734693877,0.8920918367346938,High Value,0.25,0.6045918367346939,0.48367346938775513,1,Unsatisfied,Mid Loyalty
1383,68,Male,Jacket,Outerwear,55,Michigan,L,Brown,Winter,4.8,No,Express,Yes,16,Bank Transfer,Quarterly,2,0.4375,0.30612244897959184,0.3718112244897959,Mid Value,0.25,0.2780612244897959,0.22244897959183674,1,Satisfied,Low Loyalty
1384,36,Male,Scarf,Accessories,58,Wisconsin,M,Beige,Spring,3.3,No,Express,Yes,4,Venmo,Monthly,3,0.475,0.061224489795918366,0.26811224489795915,Low Value,0.5,0.28061224489795916,0.22448979591836735,1,Unsatisfied,Low Loyalty
1385,46,Male,Sneakers,Footwear,96,Alaska,M,Beige,Fall,4.6,No,Standard,Yes,8,Bank Transfer,Weekly,5,0.95,0.14285714285714285,0.5464285714285714,Mid Value,1.0,0.5714285714285714,0.45714285714285713,1,Satisfied,Mid Loyalty
1386,41,Male,Jewelry,Accessories,64,Mississippi,M,Indigo,Fall,2.6,No,Store Pickup,Yes,1,Bank Transfer,Fortnightly,4,0.55,0.0,0.275,Low Value,0.75,0.375,0.30000000000000004,1,Unsatisfied,Low Loyalty
1387,68,Male,Jacket,Outerwear,56,Oregon,M,Silver,Fall,4.0,No,Next Day Air,Yes,4,Debit Card,Quarterly,2,0.45,0.061224489795918366,0.2556122448979592,Low Value,0.25,0.1556122448979592,0.12448979591836735,1,Satisfied,Low Loyalty
1388,21,Male,Blouse,Clothing,85,Maryland,M,Gold,Winter,3.8,No,Standard,Yes,20,Credit Card,Monthly,3,0.8125,0.3877551020408163,0.6001275510204082,Mid Value,0.5,0.44387755102040816,0.35510204081632657,1,Unsatisfied,Mid Loyalty
1389,62,Male,Dress,Clothing,23,Arkansas,M,Lavender,Spring,3.9,No,Express,Yes,40,Cash,Quarterly,2,0.0375,0.7959183673469388,0.4167091836734694,Mid Value,0.25,0.5229591836734694,0.41836734693877553,1,Satisfied,Mid Loyalty
1390,59,Male,Scarf,Accessories,72,Illinois,L,Orange,Fall,2.6,No,Store Pickup,Yes,8,Debit Card,Fortnightly,4,0.65,0.14285714285714285,0.39642857142857146,Mid Value,0.75,0.4464285714285714,0.35714285714285715,1,Unsatisfied,Mid Loyalty
1391,25,Male,Hat,Accessories,38,Arkansas,M,Maroon,Summer,4.3,No,Standard,Yes,42,Debit Card,Weekly,5,0.225,0.8367346938775511,0.5308673469387756,Mid Value,1.0,0.9183673469387755,0.7346938775510204,1,Satisfied,High Loyalty
1392,53,Male,Blouse,Clothing,29,Mississippi,S,White,Winter,3.6,No,Express,Yes,38,Credit Card,Annually,1,0.1125,0.7551020408163265,0.43380102040816326,Mid Value,0.0,0.37755102040816324,0.3020408163265306,1,Unsatisfied,Low Loyalty
1393,31,Male,Gloves,Accessories,46,Arkansas,M,Yellow,Spring,4.2,No,Express,Yes,34,Venmo,Quarterly,2,0.325,0.673469387755102,0.49923469387755104,Mid Value,0.25,0.461734693877551,0.3693877551020408,1,Satisfied,Mid Loyalty
1394,46,Male,Gloves,Accessories,58,Idaho,L,Yellow,Spring,3.9,No,Express,Yes,14,PayPal,Fortnightly,4,0.475,0.2653061224489796,0.37015306122448977,Mid Value,0.75,0.5076530612244898,0.4061224489795919,1,Satisfied,Mid Loyalty
1395,26,Male,Coat,Outerwear,43,Iowa,L,Magenta,Fall,4.7,No,Next Day Air,Yes,39,Cash,Weekly,5,0.2875,0.7755102040816326,0.5315051020408164,Mid Value,1.0,0.8877551020408163,0.7102040816326531,1,Satisfied,High Loyalty
1396,47,Male,Scarf,Accessories,32,West Virginia,L,Turquoise,Spring,2.8,No,Next Day Air,Yes,40,PayPal,Fortnightly,4,0.15,0.7959183673469388,0.4729591836734694,Mid Value,0.75,0.7729591836734694,0.6183673469387756,1,Unsatisfied,Mid Loyalty
1397,37,Male,Pants,Clothing,30,Wisconsin,XL,Lavender,Winter,3.0,No,Next Day Air,Yes,49,Debit Card,Monthly,3,0.125,0.9795918367346939,0.5522959183673469,Mid Value,0.5,0.7397959183673469,0.5918367346938775,1,Unsatisfied,Mid Loyalty
1398,55,Male,Sunglasses,Accessories,67,Massachusetts,S,Magenta,Summer,4.7,No,Store Pickup,Yes,33,PayPal,Annually,1,0.5875,0.6530612244897959,0.6202806122448979,Mid Value,0.0,0.32653061224489793,0.26122448979591834,1,Satisfied,Low Loyalty
1399,30,Male,Dress,Clothing,45,Texas,M,Cyan,Summer,2.5,No,Free Shipping,Yes,25,Credit Card,Weekly,5,0.3125,0.4897959183673469,0.40114795918367346,Mid Value,1.0,0.7448979591836735,0.5959183673469388,1,Unsatisfied,Mid Loyalty
1400,19,Male,Hat,Accessories,81,Nebraska,M,Olive,Winter,3.1,No,Store Pickup,Yes,48,Venmo,Annually,1,0.7625,0.9591836734693877,0.8608418367346938,High Value,0.0,0.47959183673469385,0.3836734693877551,1,Unsatisfied,Mid Loyalty
1401,36,Male,Backpack,Accessories,23,Nevada,M,Red,Fall,3.6,No,Next Day Air,Yes,22,Credit Card,Quarterly,2,0.0375,0.42857142857142855,0.23303571428571426,Low Value,0.25,0.3392857142857143,0.27142857142857146,1,Unsatisfied,Low Loyalty
1402,23,Male,Sandals,Footwear,59,Indiana,M,Blue,Fall,3.5,No,2-Day Shipping,Yes,1,PayPal,Weekly,5,0.4875,0.0,0.24375,Low Value,1.0,0.5,0.4,1,Unsatisfied,Mid Loyalty
1403,62,Male,Sunglasses,Accessories,21,North Dakota,L,White,Summer,3.1,No,Express,Yes,47,PayPal,Monthly,3,0.0125,0.9387755102040817,0.4756377551020408,Mid Value,0.5,0.7193877551020409,0.5755102040816328,1,Unsatisfied,Mid Loyalty
1404,26,Male,Backpack,Accessories,20,Georgia,M,Peach,Spring,3.6,No,Store Pickup,Yes,20,Credit Card,Fortnightly,4,0.0,0.3877551020408163,0.19387755102040816,Low Value,0.75,0.5688775510204082,0.45510204081632655,1,Unsatisfied,Mid Loyalty
1405,36,Male,Jewelry,Accessories,28,New Mexico,M,Charcoal,Winter,3.5,No,Next Day Air,Yes,10,Debit Card,Weekly,5,0.1,0.1836734693877551,0.14183673469387756,Low Value,1.0,0.5918367346938775,0.47346938775510206,1,Unsatisfied,Mid Loyalty
1406,33,Male,Socks,Clothing,100,New Hampshire,M,Peach,Winter,2.7,No,Store Pickup,Yes,39,Credit Card,Monthly,3,1.0,0.7755102040816326,0.8877551020408163,High Value,0.5,0.6377551020408163,0.5102040816326531,1,Unsatisfied,Mid Loyalty
1407,32,Male,Shirt,Clothing,46,Washington,L,Turquoise,Spring,3.6,No,Express,Yes,15,Debit Card,Monthly,3,0.325,0.2857142857142857,0.3053571428571429,Low Value,0.5,0.39285714285714285,0.3142857142857143,1,Unsatisfied,Low Loyalty
1408,56,Male,Handbag,Accessories,61,Nevada,XL,Charcoal,Spring,4.5,No,Express,Yes,11,Credit Card,Annually,1,0.5125,0.20408163265306123,0.3582908163265306,Mid Value,0.0,0.10204081632653061,0.0816326530612245,1,Satisfied,Low Loyalty
1409,58,Male,Blouse,Clothing,58,Maine,M,Yellow,Winter,4.1,No,Free Shipping,Yes,38,Venmo,Weekly,5,0.475,0.7551020408163265,0.6150510204081632,Mid Value,1.0,0.8775510204081632,0.7020408163265306,1,Satisfied,High Loyalty
1410,34,Male,Backpack,Accessories,50,Idaho,M,Blue,Spring,4.2,No,Standard,Yes,41,Cash,Fortnightly,4,0.375,0.8163265306122449,0.5956632653061225,Mid Value,0.75,0.7831632653061225,0.626530612244898,1,Satisfied,Mid Loyalty
1411,61,Male,Hat,Accessories,93,Tennessee,M,Purple,Summer,4.0,No,Store Pickup,Yes,18,Debit Card,Annually,1,0.9125,0.3469387755102041,0.6297193877551021,Mid Value,0.0,0.17346938775510204,0.13877551020408163,1,Satisfied,Low Loyalty
1412,48,Male,Skirt,Clothing,24,Louisiana,L,Green,Summer,2.8,No,Store Pickup,Yes,13,Venmo,Quarterly,2,0.05,0.24489795918367346,0.14744897959183673,Low Value,0.25,0.24744897959183673,0.1979591836734694,1,Unsatisfied,Low Loyalty
1413,25,Male,Shorts,Clothing,100,Michigan,M,Charcoal,Summer,2.6,No,2-Day Shipping,Yes,43,Venmo,Annually,1,1.0,0.8571428571428571,0.9285714285714286,High Value,0.0,0.42857142857142855,0.34285714285714286,1,Unsatisfied,Mid Loyalty
1414,51,Male,Blouse,Clothing,79,New Hampshire,S,Indigo,Fall,2.7,No,Store Pickup,Yes,12,Bank Transfer,Quarterly,2,0.7375,0.22448979591836735,0.4809948979591837,Mid Value,0.25,0.2372448979591837,0.18979591836734697,1,Unsatisfied,Low Loyalty
1415,29,Male,Socks,Clothing,51,Minnesota,M,Black,Summer,4.5,No,Store Pickup,Yes,3,Credit Card,Fortnightly,4,0.3875,0.04081632653061224,0.21415816326530612,Low Value,0.75,0.39540816326530615,0.3163265306122449,1,Satisfied,Low Loyalty
1416,54,Male,Belt,Accessories,90,Illinois,M,Blue,Winter,3.7,No,Free Shipping,Yes,12,Credit Card,Quarterly,2,0.875,0.22448979591836735,0.5497448979591837,Mid Value,0.25,0.2372448979591837,0.18979591836734697,1,Unsatisfied,Low Loyalty
1417,48,Male,Boots,Footwear,56,Idaho,L,Silver,Summer,3.4,No,Free Shipping,Yes,46,Cash,Quarterly,2,0.45,0.9183673469387755,0.6841836734693878,High Value,0.25,0.5841836734693877,0.4673469387755102,1,Unsatisfied,Mid Loyalty
1418,62,Male,Shorts,Clothing,25,Montana,S,Brown,Spring,4.6,No,Standard,Yes,21,Debit Card,Fortnightly,4,0.0625,0.40816326530612246,0.23533163265306123,Low Value,0.75,0.5790816326530612,0.463265306122449,1,Satisfied,Mid Loyalty
1419,18,Male,Shirt,Clothing,75,Alabama,M,Violet,Summer,4.1,No,2-Day Shipping,Yes,23,Venmo,Quarterly,2,0.6875,0.4489795918367347,0.5682397959183674,Mid Value,0.25,0.3494897959183674,0.2795918367346939,1,Satisfied,Low Loyalty
1420,43,Male,Handbag,Accessories,75,Montana,M,Orange,Summer,2.6,No,Free Shipping,Yes,4,Debit Card,Quarterly,2,0.6875,0.061224489795918366,0.37436224489795916,Mid Value,0.25,0.1556122448979592,0.12448979591836735,1,Unsatisfied,Low Loyalty
1421,22,Male,Jeans,Clothing,53,California,XL,Gray,Summer,4.6,No,Store Pickup,Yes,45,PayPal,Quarterly,2,0.4125,0.8979591836734694,0.6552295918367347,Mid Value,0.25,0.5739795918367347,0.4591836734693878,1,Satisfied,Mid Loyalty
1422,68,Male,Dress,Clothing,100,Pennsylvania,S,Gold,Spring,3.0,No,Standard,Yes,24,Bank Transfer,Fortnightly,4,1.0,0.46938775510204084,0.7346938775510204,High Value,0.75,0.6096938775510204,0.4877551020408164,1,Unsatisfied,Mid Loyalty
1423,44,Male,Dress,Clothing,27,Texas,L,Charcoal,Fall,3.4,No,Free Shipping,Yes,3,PayPal,Fortnightly,4,0.0875,0.04081632653061224,0.06415816326530611,Low Value,0.75,0.39540816326530615,0.3163265306122449,1,Unsatisfied,Low Loyalty
1424,51,Male,Sandals,Footwear,60,Michigan,S,Black,Fall,3.5,No,Free Shipping,Yes,12,Venmo,Quarterly,2,0.5,0.22448979591836735,0.3622448979591837,Mid Value,0.25,0.2372448979591837,0.18979591836734697,1,Unsatisfied,Low Loyalty
1425,66,Male,Jacket,Outerwear,23,Connecticut,S,Indigo,Fall,3.5,No,Standard,Yes,34,Bank Transfer,Quarterly,2,0.0375,0.673469387755102,0.355484693877551,Mid Value,0.25,0.461734693877551,0.3693877551020408,1,Unsatisfied,Mid Loyalty
1426,59,Male,Coat,Outerwear,40,Wyoming,S,White,Winter,3.7,No,Next Day Air,Yes,39,Credit Card,Annually,1,0.25,0.7755102040816326,0.5127551020408163,Mid Value,0.0,0.3877551020408163,0.31020408163265306,1,Unsatisfied,Low Loyalty
1427,60,Male,Pants,Clothing,38,Michigan,M,Yellow,Summer,4.8,No,Free Shipping,Yes,35,PayPal,Quarterly,2,0.225,0.6938775510204082,0.45943877551020407,Mid Value,0.25,0.4719387755102041,0.3775510204081633,1,Satisfied,Mid Loyalty
1428,31,Male,Backpack,Accessories,90,South Dakota,S,Orange,Summer,4.9,No,Store Pickup,Yes,8,Credit Card,Annually,1,0.875,0.14285714285714285,0.5089285714285714,Mid Value,0.0,0.07142857142857142,0.05714285714285714,1,Satisfied,Low Loyalty
1429,20,Male,Blouse,Clothing,97,North Dakota,S,Green,Summer,4.9,No,Express,Yes,42,PayPal,Quarterly,2,0.9625,0.8367346938775511,0.8996173469387756,High Value,0.25,0.5433673469387755,0.43469387755102046,1,Satisfied,Mid Loyalty
1430,24,Male,Skirt,Clothing,38,Maryland,L,Gold,Fall,4.7,No,Standard,Yes,6,Credit Card,Quarterly,2,0.225,0.10204081632653061,0.1635204081632653,Low Value,0.25,0.1760204081632653,0.14081632653061224,1,Satisfied,Low Loyalty
1431,48,Male,Sandals,Footwear,30,Michigan,S,Orange,Summer,4.9,No,Free Shipping,Yes,3,Credit Card,Fortnightly,4,0.125,0.04081632653061224,0.08290816326530612,Low Value,0.75,0.39540816326530615,0.3163265306122449,1,Satisfied,Low Loyalty
1432,39,Male,Pants,Clothing,88,South Dakota,M,Cyan,Fall,2.9,No,Express,Yes,29,Venmo,Quarterly,2,0.85,0.5714285714285714,0.7107142857142856,High Value,0.25,0.4107142857142857,0.32857142857142857,1,Unsatisfied,Low Loyalty
1433,34,Male,Hat,Accessories,33,Florida,L,Black,Winter,4.4,No,Express,Yes,32,Debit Card,Quarterly,2,0.1625,0.6326530612244898,0.3975765306122449,Mid Value,0.25,0.4413265306122449,0.35306122448979593,1,Satisfied,Mid Loyalty
1434,70,Male,Hoodie,Clothing,60,Minnesota,L,Yellow,Winter,3.2,No,Next Day Air,Yes,45,Debit Card,Weekly,5,0.5,0.8979591836734694,0.6989795918367347,High Value,1.0,0.9489795918367347,0.7591836734693879,1,Unsatisfied,High Loyalty
1435,59,Male,Sweater,Clothing,64,New York,L,Maroon,Summer,4.6,No,Free Shipping,Yes,21,Debit Card,Fortnightly,4,0.55,0.40816326530612246,0.47908163265306125,Mid Value,0.75,0.5790816326530612,0.463265306122449,1,Satisfied,Mid Loyalty
1436,45,Male,Scarf,Accessories,95,Oregon,XL,Black,Fall,4.0,No,Standard,Yes,41,Cash,Weekly,5,0.9375,0.8163265306122449,0.8769132653061225,High Value,1.0,0.9081632653061225,0.726530612244898,1,Satisfied,High Loyalty
1437,35,Male,Sneakers,Footwear,83,Minnesota,M,Gray,Winter,3.7,No,Free Shipping,Yes,23,PayPal,Fortnightly,4,0.7875,0.4489795918367347,0.6182397959183673,Mid Value,0.75,0.5994897959183674,0.4795918367346939,1,Unsatisfied,Mid Loyalty
1438,69,Male,Boots,Footwear,97,Montana,XL,Orange,Winter,4.2,No,Free Shipping,Yes,14,Cash,Annually,1,0.9625,0.2653061224489796,0.6139030612244898,Mid Value,0.0,0.1326530612244898,0.10612244897959185,1,Satisfied,Low Loyalty
1439,58,Male,Coat,Outerwear,38,Washington,M,Cyan,Spring,2.9,No,Standard,Yes,24,Debit Card,Monthly,3,0.225,0.46938775510204084,0.34719387755102044,Mid Value,0.5,0.48469387755102045,0.38775510204081637,1,Unsatisfied,Mid Loyalty
1440,25,Male,Boots,Footwear,48,New Mexico,M,Magenta,Summer,4.8,No,Next Day Air,Yes,25,Cash,Fortnightly,4,0.35,0.4897959183673469,0.41989795918367345,Mid Value,0.75,0.6198979591836735,0.49591836734693884,1,Satisfied,Mid Loyalty
1441,27,Male,Sandals,Footwear,76,Arizona,M,Pink,Spring,4.4,No,Standard,Yes,13,Venmo,Monthly,3,0.7,0.24489795918367346,0.47244897959183674,Mid Value,0.5,0.37244897959183676,0.2979591836734694,1,Satisfied,Low Loyalty
1442,34,Male,Pants,Clothing,25,Nebraska,S,Turquoise,Summer,3.4,No,Free Shipping,Yes,3,Venmo,Quarterly,2,0.0625,0.04081632653061224,0.05165816326530612,Low Value,0.25,0.14540816326530612,0.1163265306122449,1,Unsatisfied,Low Loyalty
1443,53,Male,Hoodie,Clothing,92,Idaho,S,Violet,Spring,2.8,No,2-Day Shipping,Yes,42,Credit Card,Annually,1,0.9,0.8367346938775511,0.8683673469387756,High Value,0.0,0.41836734693877553,0.3346938775510204,1,Unsatisfied,Mid Loyalty
1444,58,Male,Sandals,Footwear,47,Idaho,L,Teal,Fall,4.2,No,Next Day Air,Yes,2,Cash,Monthly,3,0.3375,0.02040816326530612,0.17895408163265308,Low Value,0.5,0.2602040816326531,0.20816326530612247,1,Satisfied,Low Loyalty
1445,32,Male,Sweater,Clothing,36,Vermont,L,Pink,Fall,3.8,No,Express,Yes,26,Cash,Quarterly,2,0.2,0.5102040816326531,0.35510204081632657,Mid Value,0.25,0.38010204081632654,0.30408163265306126,1,Unsatisfied,Low Loyalty
1446,64,Male,Belt,Accessories,51,Arkansas,M,Gold,Fall,3.1,No,2-Day Shipping,Yes,24,Credit Card,Annually,1,0.3875,0.46938775510204084,0.4284438775510204,Mid Value,0.0,0.23469387755102042,0.18775510204081636,1,Unsatisfied,Low Loyalty
1447,63,Male,Jeans,Clothing,35,Wyoming,XL,Red,Summer,3.2,No,Express,Yes,6,Credit Card,Quarterly,2,0.1875,0.10204081632653061,0.1447704081632653,Low Value,0.25,0.1760204081632653,0.14081632653061224,1,Unsatisfied,Low Loyalty
1448,23,Male,Hoodie,Clothing,57,New Mexico,S,Beige,Summer,3.0,No,Next Day Air,Yes,25,PayPal,Monthly,3,0.4625,0.4897959183673469,0.4761479591836735,Mid Value,0.5,0.49489795918367346,0.3959183673469388,1,Unsatisfied,Mid Loyalty
1449,64,Male,Boots,Footwear,95,West Virginia,M,Black,Summer,3.6,No,Free Shipping,Yes,11,Credit Card,Quarterly,2,0.9375,0.20408163265306123,0.5707908163265306,Mid Value,0.25,0.22704081632653061,0.1816326530612245,1,Unsatisfied,Low Loyalty
1450,18,Male,Socks,Clothing,41,New York,L,Lavender,Winter,2.5,No,Store Pickup,Yes,20,Cash,Quarterly,2,0.2625,0.3877551020408163,0.32512755102040813,Low Value,0.25,0.31887755102040816,0.25510204081632654,1,Unsatisfied,Low Loyalty
1451,25,Male,Dress,Clothing,44,Illinois,S,Teal,Winter,3.4,No,Free Shipping,Yes,25,Cash,Quarterly,2,0.3,0.4897959183673469,0.39489795918367343,Mid Value,0.25,0.36989795918367346,0.29591836734693877,1,Unsatisfied,Low Loyalty
1452,54,Male,Jacket,Outerwear,34,Utah,M,Maroon,Fall,2.5,No,Next Day Air,Yes,35,PayPal,Quarterly,2,0.175,0.6938775510204082,0.43443877551020404,Mid Value,0.25,0.4719387755102041,0.3775510204081633,1,Unsatisfied,Mid Loyalty
1453,60,Male,Jacket,Outerwear,25,Colorado,L,Blue,Spring,4.7,No,2-Day Shipping,Yes,11,Bank Transfer,Quarterly,2,0.0625,0.20408163265306123,0.13329081632653061,Low Value,0.25,0.22704081632653061,0.1816326530612245,1,Satisfied,Low Loyalty
1454,36,Male,Boots,Footwear,93,Virginia,S,Teal,Winter,3.2,No,2-Day Shipping,Yes,41,Bank Transfer,Fortnightly,4,0.9125,0.8163265306122449,0.8644132653061225,High Value,0.75,0.7831632653061225,0.626530612244898,1,Unsatisfied,Mid Loyalty
1455,66,Male,Sneakers,Footwear,50,Georgia,L,Maroon,Winter,2.9,No,Free Shipping,Yes,17,Credit Card,Annually,1,0.375,0.32653061224489793,0.35076530612244894,Mid Value,0.0,0.16326530612244897,0.13061224489795917,1,Unsatisfied,Low Loyalty
1456,60,Male,Pants,Clothing,79,Alabama,L,Silver,Fall,4.9,No,Express,Yes,1,PayPal,Quarterly,2,0.7375,0.0,0.36875,Mid Value,0.25,0.125,0.1,1,Satisfied,Low Loyalty
1457,59,Male,Coat,Outerwear,100,Montana,S,Olive,Spring,2.7,No,Store Pickup,Yes,30,PayPal,Quarterly,2,1.0,0.5918367346938775,0.7959183673469388,High Value,0.25,0.42091836734693877,0.33673469387755106,1,Unsatisfied,Mid Loyalty
1458,58,Male,Shirt,Clothing,57,Pennsylvania,S,Gray,Spring,4.7,No,Express,Yes,47,Venmo,Fortnightly,4,0.4625,0.9387755102040817,0.7006377551020408,High Value,0.75,0.8443877551020409,0.6755102040816328,1,Satisfied,High Loyalty
1459,35,Male,Sweater,Clothing,28,Missouri,M,Peach,Spring,2.9,No,2-Day Shipping,Yes,34,Venmo,Weekly,5,0.1,0.673469387755102,0.386734693877551,Mid Value,1.0,0.8367346938775511,0.6693877551020408,1,Unsatisfied,High Loyalty
1460,20,Male,Shoes,Footwear,35,Maine,L,Yellow,Winter,4.8,No,Express,Yes,18,Venmo,Fortnightly,4,0.1875,0.3469387755102041,0.267219387755102,Low Value,0.75,0.548469387755102,0.4387755102040816,1,Satisfied,Mid Loyalty
1461,70,Male,Boots,Footwear,85,Pennsylvania,L,Violet,Fall,4.6,No,Standard,Yes,33,Venmo,Fortnightly,4,0.8125,0.6530612244897959,0.7327806122448979,High Value,0.75,0.7015306122448979,0.5612244897959183,1,Satisfied,Mid Loyalty
1462,54,Male,Sunglasses,Accessories,95,Oregon,S,Red,Summer,5.0,No,2-Day Shipping,Yes,42,Venmo,Quarterly,2,0.9375,0.8367346938775511,0.8871173469387755,High Value,0.25,0.5433673469387755,0.43469387755102046,1,Satisfied,Mid Loyalty
1463,38,Male,Sneakers,Footwear,90,Utah,S,Charcoal,Summer,4.8,No,2-Day Shipping,Yes,2,Venmo,Quarterly,2,0.875,0.02040816326530612,0.4477040816326531,Mid Value,0.25,0.13520408163265307,0.10816326530612247,1,Satisfied,Low Loyalty
1464,54,Male,Jewelry,Accessories,49,Oklahoma,M,Beige,Summer,4.9,No,Store Pickup,Yes,1,Bank Transfer,Monthly,3,0.3625,0.0,0.18125,Low Value,0.5,0.25,0.2,1,Satisfied,Low Loyalty
1465,33,Male,Belt,Accessories,92,Montana,M,Peach,Winter,4.6,No,2-Day Shipping,Yes,23,Bank Transfer,Quarterly,2,0.9,0.4489795918367347,0.6744897959183673,High Value,0.25,0.3494897959183674,0.2795918367346939,1,Satisfied,Low Loyalty
1466,46,Male,Gloves,Accessories,72,Nebraska,XL,Violet,Winter,3.9,No,Store Pickup,Yes,42,Cash,Fortnightly,4,0.65,0.8367346938775511,0.7433673469387756,High Value,0.75,0.7933673469387755,0.6346938775510205,1,Satisfied,Mid Loyalty
1467,58,Male,Shorts,Clothing,71,Alabama,M,Green,Summer,4.5,No,Store Pickup,Yes,3,PayPal,Annually,1,0.6375,0.04081632653061224,0.3391581632653061,Mid Value,0.0,0.02040816326530612,0.016326530612244896,1,Satisfied,Low Loyalty
1468,30,Male,Jewelry,Accessories,27,Ohio,XL,Olive,Winter,4.7,No,Store Pickup,Yes,16,Debit Card,Fortnightly,4,0.0875,0.30612244897959184,0.19681122448979593,Low Value,0.75,0.528061224489796,0.4224489795918368,1,Satisfied,Mid Loyalty
1469,42,Male,Gloves,Accessories,39,Arkansas,S,Silver,Fall,3.9,No,Express,Yes,46,Cash,Fortnightly,4,0.2375,0.9183673469387755,0.5779336734693877,Mid Value,0.75,0.8341836734693877,0.6673469387755102,1,Satisfied,High Loyalty
1470,28,Male,Jewelry,Accessories,98,Mississippi,M,Purple,Winter,4.4,No,Standard,Yes,31,PayPal,Quarterly,2,0.975,0.6122448979591837,0.7936224489795918,High Value,0.25,0.43112244897959184,0.3448979591836735,1,Satisfied,Mid Loyalty
1471,43,Male,Sandals,Footwear,27,California,M,Silver,Spring,3.9,No,Next Day Air,Yes,15,Cash,Quarterly,2,0.0875,0.2857142857142857,0.18660714285714286,Low Value,0.25,0.26785714285714285,0.2142857142857143,1,Satisfied,Low Loyalty
1472,31,Male,Jewelry,Accessories,71,Alaska,S,Gray,Spring,2.8,No,2-Day Shipping,Yes,48,Venmo,Quarterly,2,0.6375,0.9591836734693877,0.7983418367346938,High Value,0.25,0.6045918367346939,0.48367346938775513,1,Unsatisfied,Mid Loyalty
1473,39,Male,Hat,Accessories,24,Indiana,L,Turquoise,Spring,3.5,No,Store Pickup,Yes,11,Cash,Weekly,5,0.05,0.20408163265306123,0.1270408163265306,Low Value,1.0,0.6020408163265306,0.4816326530612245,1,Unsatisfied,Mid Loyalty
1474,69,Male,Shorts,Clothing,63,Wisconsin,M,Violet,Fall,4.3,No,Express,Yes,20,Credit Card,Quarterly,2,0.5375,0.3877551020408163,0.46262755102040815,Mid Value,0.25,0.31887755102040816,0.25510204081632654,1,Satisfied,Low Loyalty
1475,31,Male,Sweater,Clothing,72,New Jersey,S,Pink,Fall,3.9,No,Next Day Air,Yes,6,Credit Card,Monthly,3,0.65,0.10204081632653061,0.3760204081632653,Mid Value,0.5,0.3010204081632653,0.24081632653061225,1,Satisfied,Low Loyalty
1476,44,Male,Blouse,Clothing,61,Rhode Island,M,Teal,Spring,4.0,No,Express,Yes,24,Cash,Monthly,3,0.5125,0.46938775510204084,0.4909438775510204,Mid Value,0.5,0.48469387755102045,0.38775510204081637,1,Satisfied,Mid Loyalty
1477,39,Male,Hat,Accessories,56,Wyoming,M,Magenta,Fall,4.1,No,Next Day Air,Yes,18,Credit Card,Monthly,3,0.45,0.3469387755102041,0.39846938775510204,Mid Value,0.5,0.423469387755102,0.33877551020408164,1,Satisfied,Mid Loyalty
1478,24,Male,Belt,Accessories,32,Oregon,XL,Silver,Summer,4.3,No,Standard,Yes,1,PayPal,Quarterly,2,0.15,0.0,0.075,Low Value,0.25,0.125,0.1,1,Satisfied,Low Loyalty
1479,28,Male,Gloves,Accessories,23,Washington,M,Blue,Summer,4.2,No,Free Shipping,Yes,13,Venmo,Fortnightly,4,0.0375,0.24489795918367346,0.14119897959183672,Low Value,0.75,0.49744897959183676,0.39795918367346944,1,Satisfied,Mid Loyalty
1480,48,Male,Coat,Outerwear,100,Washington,L,Black,Spring,4.0,No,Standard,Yes,2,Bank Transfer,Weekly,5,1.0,0.02040816326530612,0.5102040816326531,Mid Value,1.0,0.5102040816326531,0.40816326530612246,1,Satisfied,Mid Loyalty
1481,39,Male,Jewelry,Accessories,74,New Hampshire,M,Gold,Fall,3.6,No,Express,Yes,26,Cash,Quarterly,2,0.675,0.5102040816326531,0.5926020408163266,Mid Value,0.25,0.38010204081632654,0.30408163265306126,1,Unsatisfied,Low Loyalty
1482,64,Male,Skirt,Clothing,33,Maryland,S,Gray,Spring,3.3,No,Standard,Yes,31,PayPal,Quarterly,2,0.1625,0.6122448979591837,0.38737244897959183,Mid Value,0.25,0.43112244897959184,0.3448979591836735,1,Unsatisfied,Mid Loyalty
1483,28,Male,Gloves,Accessories,67,Wisconsin,S,Magenta,Spring,4.1,No,2-Day Shipping,Yes,43,Bank Transfer,Weekly,5,0.5875,0.8571428571428571,0.7223214285714286,High Value,1.0,0.9285714285714286,0.7428571428571429,1,Satisfied,High Loyalty
1484,39,Male,Jewelry,Accessories,61,Massachusetts,S,Yellow,Summer,4.7,No,Next Day Air,Yes,12,Debit Card,Fortnightly,4,0.5125,0.22448979591836735,0.36849489795918366,Mid Value,0.75,0.4872448979591837,0.38979591836734695,1,Satisfied,Mid Loyalty
1485,49,Male,Shorts,Clothing,46,Nebraska,M,Teal,Summer,4.4,No,Store Pickup,Yes,22,Venmo,Quarterly,2,0.325,0.42857142857142855,0.3767857142857143,Mid Value,0.25,0.3392857142857143,0.27142857142857146,1,Satisfied,Low Loyalty
1486,22,Male,Gloves,Accessories,56,Nebraska,L,Red,Spring,3.4,No,Standard,Yes,3,Cash,Fortnightly,4,0.45,0.04081632653061224,0.24540816326530612,Low Value,0.75,0.39540816326530615,0.3163265306122449,1,Unsatisfied,Low Loyalty
1487,25,Male,Sneakers,Footwear,73,Idaho,S,Yellow,Spring,5.0,No,Free Shipping,Yes,23,Venmo,Quarterly,2,0.6625,0.4489795918367347,0.5557397959183673,Mid Value,0.25,0.3494897959183674,0.2795918367346939,1,Satisfied,Low Loyalty
1488,40,Male,Skirt,Clothing,44,Arizona,L,Black,Summer,4.6,No,Store Pickup,Yes,26,PayPal,Annually,1,0.3,0.5102040816326531,0.4051020408163265,Mid Value,0.0,0.25510204081632654,0.20408163265306123,1,Satisfied,Low Loyalty
1489,23,Male,Hat,Accessories,44,Hawaii,L,Pink,Winter,4.0,No,Standard,Yes,37,Credit Card,Weekly,5,0.3,0.7346938775510204,0.5173469387755102,Mid Value,1.0,0.8673469387755102,0.6938775510204082,1,Satisfied,High Loyalty
1490,24,Male,Jewelry,Accessories,26,Missouri,XL,Magenta,Summer,4.1,No,Next Day Air,Yes,42,Venmo,Quarterly,2,0.075,0.8367346938775511,0.4558673469387755,Mid Value,0.25,0.5433673469387755,0.43469387755102046,1,Satisfied,Mid Loyalty
1491,66,Male,Sneakers,Footwear,52,Louisiana,L,Olive,Spring,4.9,No,Express,Yes,15,Venmo,Fortnightly,4,0.4,0.2857142857142857,0.34285714285714286,Mid Value,0.75,0.5178571428571428,0.41428571428571426,1,Satisfied,Mid Loyalty
1492,27,Male,Shirt,Clothing,54,Arkansas,S,Black,Summer,2.7,No,Free Shipping,Yes,10,Bank Transfer,Quarterly,2,0.425,0.1836734693877551,0.30433673469387756,Low Value,0.25,0.21683673469387754,0.17346938775510204,1,Unsatisfied,Low Loyalty
1493,62,Male,Jacket,Outerwear,38,North Carolina,M,Maroon,Summer,4.5,No,Free Shipping,Yes,3,Venmo,Quarterly,2,0.225,0.04081632653061224,0.13290816326530613,Low Value,0.25,0.14540816326530612,0.1163265306122449,1,Satisfied,Low Loyalty
1494,70,Male,Belt,Accessories,44,North Dakota,S,Gold,Fall,2.7,No,Standard,Yes,44,Credit Card,Quarterly,2,0.3,0.8775510204081632,0.5887755102040816,Mid Value,0.25,0.5637755102040816,0.4510204081632653,1,Unsatisfied,Mid Loyalty
1495,43,Male,T-shirt,Clothing,76,Montana,M,Gray,Spring,3.0,No,Next Day Air,Yes,23,Bank Transfer,Fortnightly,4,0.7,0.4489795918367347,0.5744897959183674,Mid Value,0.75,0.5994897959183674,0.4795918367346939,1,Unsatisfied,Mid Loyalty
1496,45,Male,Jewelry,Accessories,23,Rhode Island,M,Brown,Winter,4.5,No,Next Day Air,Yes,6,PayPal,Weekly,5,0.0375,0.10204081632653061,0.06977040816326531,Low Value,1.0,0.5510204081632653,0.4408163265306122,1,Satisfied,Mid Loyalty
1497,63,Male,T-shirt,Clothing,98,Idaho,M,Purple,Winter,5.0,No,Standard,Yes,9,Venmo,Fortnightly,4,0.975,0.16326530612244897,0.5691326530612245,Mid Value,0.75,0.45663265306122447,0.3653061224489796,1,Satisfied,Mid Loyalty
1498,69,Male,Jacket,Outerwear,33,Michigan,S,Magenta,Spring,3.8,No,2-Day Shipping,Yes,16,Debit Card,Quarterly,2,0.1625,0.30612244897959184,0.2343112244897959,Low Value,0.25,0.2780612244897959,0.22244897959183674,1,Unsatisfied,Low Loyalty
1499,59,Male,Sweater,Clothing,32,Illinois,M,Teal,Summer,3.1,No,Standard,Yes,46,Venmo,Fortnightly,4,0.15,0.9183673469387755,0.5341836734693878,Mid Value,0.75,0.8341836734693877,0.6673469387755102,1,Unsatisfied,High Loyalty
1500,19,Male,Boots,Footwear,85,Georgia,S,Olive,Fall,3.4,No,Free Shipping,Yes,24,Credit Card,Quarterly,2,0.8125,0.46938775510204084,0.6409438775510204,Mid Value,0.25,0.35969387755102045,0.2877551020408164,1,Unsatisfied,Low Loyalty
1501,63,Male,Jeans,Clothing,69,Alabama,L,Maroon,Summer,4.8,No,Next Day Air,Yes,22,Debit Card,Monthly,3,0.6125,0.42857142857142855,0.5205357142857143,Mid Value,0.5,0.4642857142857143,0.37142857142857144,1,Satisfied,Mid Loyalty
1502,37,Male,Jeans,Clothing,55,Alaska,XL,Silver,Spring,2.7,No,Standard,Yes,13,Debit Card,Quarterly,2,0.4375,0.24489795918367346,0.34119897959183676,Mid Value,0.25,0.24744897959183673,0.1979591836734694,1,Unsatisfied,Low Loyalty
1503,37,Male,Pants,Clothing,66,Massachusetts,M,Black,Summer,3.2,No,Store Pickup,Yes,20,Cash,Fortnightly,4,0.575,0.3877551020408163,0.48137755102040813,Mid Value,0.75,0.5688775510204082,0.45510204081632655,1,Unsatisfied,Mid Loyalty
1504,50,Male,Jacket,Outerwear,30,Michigan,M,Maroon,Fall,3.9,No,2-Day Shipping,Yes,46,Cash,Quarterly,2,0.125,0.9183673469387755,0.5216836734693877,Mid Value,0.25,0.5841836734693877,0.4673469387755102,1,Satisfied,Mid Loyalty
1505,60,Male,Jacket,Outerwear,80,Alaska,M,Teal,Winter,4.2,No,Next Day Air,Yes,10,Bank Transfer,Monthly,3,0.75,0.1836734693877551,0.46683673469387754,Mid Value,0.5,0.34183673469387754,0.27346938775510204,1,Satisfied,Low Loyalty
1506,46,Male,Belt,Accessories,20,North Dakota,M,Teal,Summer,3.0,No,Express,Yes,39,Cash,Monthly,3,0.0,0.7755102040816326,0.3877551020408163,Mid Value,0.5,0.6377551020408163,0.5102040816326531,1,Unsatisfied,Mid Loyalty
1507,35,Male,Shirt,Clothing,30,South Carolina,L,Beige,Fall,3.0,No,2-Day Shipping,Yes,44,PayPal,Quarterly,2,0.125,0.8775510204081632,0.5012755102040816,Mid Value,0.25,0.5637755102040816,0.4510204081632653,1,Unsatisfied,Mid Loyalty
1508,66,Male,Dress,Clothing,86,Pennsylvania,S,Maroon,Winter,3.7,No,2-Day Shipping,Yes,7,Venmo,Annually,1,0.825,0.12244897959183673,0.47372448979591836,Mid Value,0.0,0.061224489795918366,0.0489795918367347,1,Unsatisfied,Low Loyalty
1509,35,Male,Blouse,Clothing,84,Colorado,L,Beige,Spring,4.4,No,Store Pickup,Yes,3,Cash,Quarterly,2,0.8,0.04081632653061224,0.42040816326530617,Mid Value,0.25,0.14540816326530612,0.1163265306122449,1,Satisfied,Low Loyalty
1510,20,Male,Dress,Clothing,54,New Hampshire,XL,White,Summer,4.6,No,Free Shipping,Yes,44,Debit Card,Annually,1,0.425,0.8775510204081632,0.6512755102040816,Mid Value,0.0,0.4387755102040816,0.3510204081632653,1,Satisfied,Mid Loyalty
1511,55,Male,Blouse,Clothing,30,Maryland,XL,Gray,Fall,3.0,No,Free Shipping,Yes,31,Venmo,Annually,1,0.125,0.6122448979591837,0.36862244897959184,Mid Value,0.0,0.30612244897959184,0.2448979591836735,1,Unsatisfied,Low Loyalty
1512,34,Male,Dress,Clothing,91,Georgia,M,Violet,Winter,3.6,No,Express,Yes,48,Credit Card,Weekly,5,0.8875,0.9591836734693877,0.9233418367346938,High Value,1.0,0.9795918367346939,0.7836734693877552,1,Unsatisfied,High Loyalty
1513,60,Male,Sneakers,Footwear,23,Wisconsin,L,Silver,Winter,3.9,No,Standard,Yes,18,PayPal,Fortnightly,4,0.0375,0.3469387755102041,0.19221938775510203,Low Value,0.75,0.548469387755102,0.4387755102040816,1,Satisfied,Mid Loyalty
1514,22,Male,Socks,Clothing,35,Texas,M,Red,Spring,4.1,No,Free Shipping,Yes,27,Cash,Monthly,3,0.1875,0.5306122448979592,0.3590561224489796,Mid Value,0.5,0.5153061224489797,0.41224489795918373,1,Satisfied,Mid Loyalty
1515,26,Male,Shoes,Footwear,90,Utah,L,Brown,Winter,3.9,No,2-Day Shipping,Yes,1,Venmo,Weekly,5,0.875,0.0,0.4375,Mid Value,1.0,0.5,0.4,1,Satisfied,Mid Loyalty
1516,39,Male,Jeans,Clothing,93,Indiana,S,Turquoise,Fall,3.9,No,2-Day Shipping,Yes,34,Cash,Weekly,5,0.9125,0.673469387755102,0.792984693877551,High Value,1.0,0.8367346938775511,0.6693877551020408,1,Satisfied,High Loyalty
1517,20,Male,Jeans,Clothing,68,Nevada,L,Indigo,Winter,4.5,No,Express,Yes,5,Bank Transfer,Fortnightly,4,0.6,0.08163265306122448,0.3408163265306122,Mid Value,0.75,0.41581632653061223,0.3326530612244898,1,Satisfied,Low Loyalty
1518,57,Male,Gloves,Accessories,41,New Hampshire,M,Violet,Spring,3.4,No,Standard,Yes,12,Cash,Quarterly,2,0.2625,0.22448979591836735,0.24349489795918366,Low Value,0.25,0.2372448979591837,0.18979591836734697,1,Unsatisfied,Low Loyalty
1519,68,Male,Belt,Accessories,73,New York,M,Yellow,Winter,4.1,No,Next Day Air,Yes,14,Venmo,Fortnightly,4,0.6625,0.2653061224489796,0.46390306122448977,Mid Value,0.75,0.5076530612244898,0.4061224489795919,1,Satisfied,Mid Loyalty
1520,50,Male,Sunglasses,Accessories,73,Texas,L,Cyan,Fall,4.9,No,Next Day Air,Yes,40,PayPal,Weekly,5,0.6625,0.7959183673469388,0.7292091836734693,High Value,1.0,0.8979591836734694,0.7183673469387756,1,Satisfied,High Loyalty
1521,21,Male,Hat,Accessories,66,Iowa,M,Brown,Summer,4.4,No,2-Day Shipping,Yes,39,Cash,Quarterly,2,0.575,0.7755102040816326,0.6752551020408163,High Value,0.25,0.5127551020408163,0.4102040816326531,1,Satisfied,Mid Loyalty
1522,29,Male,Backpack,Accessories,59,Washington,M,White,Summer,2.7,No,2-Day Shipping,Yes,50,Bank Transfer,Weekly,5,0.4875,1.0,0.74375,High Value,1.0,1.0,0.8,1,Unsatisfied,High Loyalty
1523,38,Male,Shorts,Clothing,72,Tennessee,L,Yellow,Spring,4.8,No,Free Shipping,Yes,5,Debit Card,Monthly,3,0.65,0.08163265306122448,0.36581632653061225,Mid Value,0.5,0.29081632653061223,0.2326530612244898,1,Satisfied,Low Loyalty
1524,54,Male,Socks,Clothing,88,Georgia,M,White,Summer,3.3,No,2-Day Shipping,Yes,35,Debit Card,Annually,1,0.85,0.6938775510204082,0.7719387755102041,High Value,0.0,0.3469387755102041,0.27755102040816326,1,Unsatisfied,Low Loyalty
1525,22,Male,Socks,Clothing,76,Massachusetts,L,Pink,Summer,4.4,No,Free Shipping,Yes,6,Cash,Fortnightly,4,0.7,0.10204081632653061,0.4010204081632653,Mid Value,0.75,0.4260204081632653,0.3408163265306123,1,Satisfied,Mid Loyalty
1526,29,Male,Belt,Accessories,31,Oregon,M,Indigo,Winter,4.6,No,2-Day Shipping,Yes,22,Cash,Fortnightly,4,0.1375,0.42857142857142855,0.2830357142857143,Low Value,0.75,0.5892857142857143,0.4714285714285715,1,Satisfied,Mid Loyalty
1527,41,Male,Jacket,Outerwear,22,Oklahoma,L,White,Summer,3.1,No,Next Day Air,Yes,27,PayPal,Monthly,3,0.025,0.5306122448979592,0.2778061224489796,Low Value,0.5,0.5153061224489797,0.41224489795918373,1,Unsatisfied,Mid Loyalty
1528,26,Male,Hat,Accessories,75,Wisconsin,L,Red,Fall,4.5,No,2-Day Shipping,Yes,33,Debit Card,Fortnightly,4,0.6875,0.6530612244897959,0.6702806122448979,High Value,0.75,0.7015306122448979,0.5612244897959183,1,Satisfied,Mid Loyalty
1529,69,Male,T-shirt,Clothing,75,Oregon,S,Red,Spring,4.0,No,Store Pickup,Yes,47,Venmo,Fortnightly,4,0.6875,0.9387755102040817,0.8131377551020409,High Value,0.75,0.8443877551020409,0.6755102040816328,1,Satisfied,High Loyalty
1530,20,Male,Backpack,Accessories,63,Georgia,M,Lavender,Winter,3.1,No,Free Shipping,Yes,48,Credit Card,Fortnightly,4,0.5375,0.9591836734693877,0.7483418367346939,High Value,0.75,0.8545918367346939,0.6836734693877551,1,Unsatisfied,High Loyalty
1531,59,Male,Coat,Outerwear,21,New Mexico,M,Teal,Spring,3.9,No,Next Day Air,Yes,22,Bank Transfer,Quarterly,2,0.0125,0.42857142857142855,0.22053571428571428,Low Value,0.25,0.3392857142857143,0.27142857142857146,1,Satisfied,Low Loyalty
1532,63,Male,Backpack,Accessories,83,Mississippi,S,Violet,Spring,4.5,No,Next Day Air,Yes,8,PayPal,Fortnightly,4,0.7875,0.14285714285714285,0.46517857142857144,Mid Value,0.75,0.4464285714285714,0.35714285714285715,1,Satisfied,Mid Loyalty
1533,68,Male,Jacket,Outerwear,46,Wisconsin,S,Silver,Winter,4.4,No,Next Day Air,Yes,5,PayPal,Quarterly,2,0.325,0.08163265306122448,0.20331632653061224,Low Value,0.25,0.16581632653061223,0.1326530612244898,1,Satisfied,Low Loyalty
1534,50,Male,Shoes,Footwear,59,New Hampshire,M,Gold,Summer,3.6,No,2-Day Shipping,Yes,16,Bank Transfer,Quarterly,2,0.4875,0.30612244897959184,0.3968112244897959,Mid Value,0.25,0.2780612244897959,0.22244897959183674,1,Unsatisfied,Low Loyalty
1535,55,Male,Blouse,Clothing,66,Wyoming,M,Green,Summer,3.4,No,Free Shipping,Yes,26,Venmo,Fortnightly,4,0.575,0.5102040816326531,0.5426020408163266,Mid Value,0.75,0.6301020408163265,0.5040816326530612,1,Unsatisfied,Mid Loyalty
1536,36,Male,Sandals,Footwear,74,West Virginia,S,Turquoise,Fall,4.0,No,2-Day Shipping,Yes,8,Venmo,Monthly,3,0.675,0.14285714285714285,0.4089285714285714,Mid Value,0.5,0.3214285714285714,0.2571428571428571,1,Satisfied,Low Loyalty
1537,18,Male,Sunglasses,Accessories,82,Michigan,M,Indigo,Summer,2.6,No,Store Pickup,Yes,17,Cash,Quarterly,2,0.775,0.32653061224489793,0.550765306122449,Mid Value,0.25,0.28826530612244894,0.23061224489795917,1,Unsatisfied,Low Loyalty
1538,68,Male,Shoes,Footwear,89,Alaska,L,Black,Spring,3.2,No,Next Day Air,Yes,50,Venmo,Annually,1,0.8625,1.0,0.93125,High Value,0.0,0.5,0.4,1,Unsatisfied,Mid Loyalty
1539,56,Male,Dress,Clothing,65,Illinois,L,Charcoal,Fall,3.2,No,Standard,Yes,22,Venmo,Fortnightly,4,0.5625,0.42857142857142855,0.4955357142857143,Mid Value,0.75,0.5892857142857143,0.4714285714285715,1,Unsatisfied,Mid Loyalty
1540,32,Male,Belt,Accessories,55,Hawaii,M,Turquoise,Spring,5.0,No,2-Day Shipping,Yes,19,Cash,Quarterly,2,0.4375,0.3673469387755102,0.4024234693877551,Mid Value,0.25,0.3086734693877551,0.24693877551020407,1,Satisfied,Low Loyalty
1541,28,Male,Shorts,Clothing,95,Colorado,M,Red,Winter,2.9,No,Next Day Air,Yes,14,Bank Transfer,Monthly,3,0.9375,0.2653061224489796,0.6014030612244898,Mid Value,0.5,0.38265306122448983,0.3061224489795919,1,Unsatisfied,Low Loyalty
1542,24,Male,Handbag,Accessories,77,Illinois,S,Indigo,Winter,2.9,No,Store Pickup,Yes,35,Cash,Fortnightly,4,0.7125,0.6938775510204082,0.7031887755102041,High Value,0.75,0.721938775510204,0.5775510204081632,1,Unsatisfied,Mid Loyalty
1543,59,Male,Blouse,Clothing,44,Hawaii,M,Maroon,Winter,3.5,No,Next Day Air,Yes,43,PayPal,Weekly,5,0.3,0.8571428571428571,0.5785714285714285,Mid Value,1.0,0.9285714285714286,0.7428571428571429,1,Unsatisfied,High Loyalty
1544,56,Male,Jeans,Clothing,89,Wisconsin,M,Indigo,Fall,4.0,No,Standard,Yes,24,Venmo,Annually,1,0.8625,0.46938775510204084,0.6659438775510205,Mid Value,0.0,0.23469387755102042,0.18775510204081636,1,Satisfied,Low Loyalty
1545,30,Male,Jewelry,Accessories,24,Arkansas,M,Maroon,Spring,3.9,No,Standard,Yes,17,Debit Card,Fortnightly,4,0.05,0.32653061224489793,0.18826530612244896,Low Value,0.75,0.5382653061224489,0.4306122448979592,1,Satisfied,Mid Loyalty
1546,48,Male,Belt,Accessories,43,Delaware,M,Black,Winter,4.9,No,Store Pickup,Yes,49,Bank Transfer,Annually,1,0.2875,0.9795918367346939,0.6335459183673469,Mid Value,0.0,0.4897959183673469,0.3918367346938776,1,Satisfied,Mid Loyalty
1547,60,Male,Sneakers,Footwear,51,Oregon,XL,Purple,Summer,3.8,No,Express,Yes,17,Bank Transfer,Annually,1,0.3875,0.32653061224489793,0.35701530612244897,Mid Value,0.0,0.16326530612244897,0.13061224489795917,1,Unsatisfied,Low Loyalty
1548,46,Male,Hat,Accessories,46,South Carolina,L,Teal,Summer,3.5,No,Standard,Yes,40,Cash,Quarterly,2,0.325,0.7959183673469388,0.5604591836734694,Mid Value,0.25,0.5229591836734694,0.41836734693877553,1,Unsatisfied,Mid Loyalty
1549,69,Male,Dress,Clothing,32,Maryland,M,Silver,Summer,3.7,No,Store Pickup,Yes,43,Bank Transfer,Weekly,5,0.15,0.8571428571428571,0.5035714285714286,Mid Value,1.0,0.9285714285714286,0.7428571428571429,1,Unsatisfied,High Loyalty
1550,19,Male,Sneakers,Footwear,55,Kansas,M,Black,Spring,2.9,No,2-Day Shipping,Yes,19,Debit Card,Quarterly,2,0.4375,0.3673469387755102,0.4024234693877551,Mid Value,0.25,0.3086734693877551,0.24693877551020407,1,Unsatisfied,Low Loyalty
1551,66,Male,Sunglasses,Accessories,26,Arkansas,S,Black,Summer,2.8,No,Free Shipping,Yes,40,Bank Transfer,Quarterly,2,0.075,0.7959183673469388,0.43545918367346936,Mid Value,0.25,0.5229591836734694,0.41836734693877553,1,Unsatisfied,Mid Loyalty
1552,64,Male,Handbag,Accessories,29,Minnesota,M,Olive,Summer,3.7,No,2-Day Shipping,Yes,13,Credit Card,Monthly,3,0.1125,0.24489795918367346,0.17869897959183673,Low Value,0.5,0.37244897959183676,0.2979591836734694,1,Unsatisfied,Low Loyalty
1553,54,Male,Blouse,Clothing,49,New Mexico,L,Purple,Spring,3.0,No,Express,Yes,20,Credit Card,Monthly,3,0.3625,0.3877551020408163,0.3751275510204082,Mid Value,0.5,0.44387755102040816,0.35510204081632657,1,Unsatisfied,Mid Loyalty
1554,27,Male,Blouse,Clothing,45,Delaware,M,Indigo,Spring,4.8,No,Free Shipping,Yes,21,Debit Card,Quarterly,2,0.3125,0.40816326530612246,0.36033163265306123,Mid Value,0.25,0.32908163265306123,0.26326530612244897,1,Satisfied,Low Loyalty
1555,64,Male,Shorts,Clothing,48,Utah,S,Lavender,Winter,2.7,No,Standard,Yes,18,Cash,Fortnightly,4,0.35,0.3469387755102041,0.34846938775510206,Mid Value,0.75,0.548469387755102,0.4387755102040816,1,Unsatisfied,Mid Loyalty
1556,43,Male,Shorts,Clothing,47,Ohio,S,Cyan,Winter,4.5,No,Free Shipping,Yes,44,Cash,Quarterly,2,0.3375,0.8775510204081632,0.6075255102040816,Mid Value,0.25,0.5637755102040816,0.4510204081632653,1,Satisfied,Mid Loyalty
1557,43,Male,Hoodie,Clothing,57,Alabama,M,Gold,Fall,2.7,No,Standard,Yes,26,Credit Card,Quarterly,2,0.4625,0.5102040816326531,0.48635204081632655,Mid Value,0.25,0.38010204081632654,0.30408163265306126,1,Unsatisfied,Low Loyalty
1558,27,Male,Backpack,Accessories,34,South Dakota,L,Magenta,Fall,3.5,No,Next Day Air,Yes,34,PayPal,Quarterly,2,0.175,0.673469387755102,0.424234693877551,Mid Value,0.25,0.461734693877551,0.3693877551020408,1,Unsatisfied,Mid Loyalty
1559,35,Male,Sunglasses,Accessories,75,New Mexico,XL,Teal,Fall,3.5,No,Express,Yes,24,Credit Card,Quarterly,2,0.6875,0.46938775510204084,0.5784438775510204,Mid Value,0.25,0.35969387755102045,0.2877551020408164,1,Unsatisfied,Low Loyalty
1560,43,Male,Scarf,Accessories,94,Oregon,L,Beige,Fall,4.5,No,Store Pickup,Yes,23,PayPal,Fortnightly,4,0.925,0.4489795918367347,0.6869897959183674,High Value,0.75,0.5994897959183674,0.4795918367346939,1,Satisfied,Mid Loyalty
1561,57,Male,Hat,Accessories,84,Oregon,M,Teal,Winter,3.8,No,Free Shipping,Yes,3,Debit Card,Weekly,5,0.8,0.04081632653061224,0.42040816326530617,Mid Value,1.0,0.5204081632653061,0.41632653061224495,1,Unsatisfied,Mid Loyalty
1562,50,Male,Scarf,Accessories,38,Mississippi,M,Indigo,Summer,3.8,No,Standard,Yes,2,Bank Transfer,Quarterly,2,0.225,0.02040816326530612,0.12270408163265306,Low Value,0.25,0.13520408163265307,0.10816326530612247,1,Unsatisfied,Low Loyalty
1563,37,Male,Scarf,Accessories,75,Alabama,M,Purple,Winter,3.2,No,Next Day Air,Yes,23,Venmo,Fortnightly,4,0.6875,0.4489795918367347,0.5682397959183674,Mid Value,0.75,0.5994897959183674,0.4795918367346939,1,Unsatisfied,Mid Loyalty
1564,68,Male,Pants,Clothing,44,Kansas,M,Teal,Fall,4.3,No,Next Day Air,Yes,8,Cash,Weekly,5,0.3,0.14285714285714285,0.22142857142857142,Low Value,1.0,0.5714285714285714,0.45714285714285713,1,Satisfied,Mid Loyalty
1565,22,Male,Backpack,Accessories,33,California,XL,Turquoise,Summer,4.5,No,Next Day Air,Yes,30,Debit Card,Quarterly,2,0.1625,0.5918367346938775,0.37716836734693876,Mid Value,0.25,0.42091836734693877,0.33673469387755106,1,Satisfied,Mid Loyalty
1566,58,Male,Sunglasses,Accessories,93,Idaho,L,Peach,Fall,4.2,No,Free Shipping,Yes,48,PayPal,Annually,1,0.9125,0.9591836734693877,0.9358418367346939,High Value,0.0,0.47959183673469385,0.3836734693877551,1,Satisfied,Mid Loyalty
1567,48,Male,Sneakers,Footwear,99,Wyoming,S,Green,Winter,3.0,No,Free Shipping,Yes,21,Cash,Fortnightly,4,0.9875,0.40816326530612246,0.6978316326530613,High Value,0.75,0.5790816326530612,0.463265306122449,1,Unsatisfied,Mid Loyalty
1568,30,Male,Backpack,Accessories,33,Minnesota,M,Turquoise,Spring,4.1,No,Standard,Yes,9,Cash,Monthly,3,0.1625,0.16326530612244897,0.16288265306122449,Low Value,0.5,0.33163265306122447,0.2653061224489796,1,Satisfied,Low Loyalty
1569,51,Male,Sneakers,Footwear,76,Washington,L,Yellow,Spring,4.6,No,Store Pickup,Yes,8,Debit Card,Monthly,3,0.7,0.14285714285714285,0.4214285714285714,Mid Value,0.5,0.3214285714285714,0.2571428571428571,1,Satisfied,Low Loyalty
1570,20,Male,Skirt,Clothing,63,Hawaii,M,Orange,Summer,2.9,No,Standard,Yes,29,Debit Card,Weekly,5,0.5375,0.5714285714285714,0.5544642857142856,Mid Value,1.0,0.7857142857142857,0.6285714285714286,1,Unsatisfied,Mid Loyalty
1571,30,Male,Pants,Clothing,41,Missouri,L,Brown,Winter,4.8,No,Next Day Air,Yes,3,Bank Transfer,Quarterly,2,0.2625,0.04081632653061224,0.15165816326530612,Low Value,0.25,0.14540816326530612,0.1163265306122449,1,Satisfied,Low Loyalty
1572,28,Male,Jewelry,Accessories,88,Colorado,L,Silver,Winter,4.5,No,Next Day Air,Yes,11,Bank Transfer,Fortnightly,4,0.85,0.20408163265306123,0.5270408163265305,Mid Value,0.75,0.4770408163265306,0.3816326530612245,1,Satisfied,Mid Loyalty
1573,37,Male,Skirt,Clothing,92,Washington,L,White,Summer,3.4,No,2-Day Shipping,Yes,16,Debit Card,Monthly,3,0.9,0.30612244897959184,0.6030612244897959,Mid Value,0.5,0.4030612244897959,0.32244897959183677,1,Unsatisfied,Low Loyalty
1574,36,Male,T-shirt,Clothing,31,North Dakota,L,Indigo,Summer,4.3,No,2-Day Shipping,Yes,25,Debit Card,Weekly,5,0.1375,0.4897959183673469,0.3136479591836735,Low Value,1.0,0.7448979591836735,0.5959183673469388,1,Satisfied,Mid Loyalty
1575,18,Male,Skirt,Clothing,25,Minnesota,S,Magenta,Spring,4.2,No,Free Shipping,Yes,32,PayPal,Fortnightly,4,0.0625,0.6326530612244898,0.3475765306122449,Mid Value,0.75,0.6913265306122449,0.553061224489796,1,Satisfied,Mid Loyalty
1576,52,Male,Shirt,Clothing,28,California,M,Turquoise,Spring,3.6,No,Next Day Air,Yes,28,Cash,Fortnightly,4,0.1,0.5510204081632653,0.3255102040816326,Low Value,0.75,0.6505102040816326,0.5204081632653061,1,Unsatisfied,Mid Loyalty
1577,56,Male,Dress,Clothing,75,Michigan,M,White,Spring,3.7,No,2-Day Shipping,Yes,36,PayPal,Monthly,3,0.6875,0.7142857142857143,0.7008928571428572,High Value,0.5,0.6071428571428572,0.48571428571428577,1,Unsatisfied,Mid Loyalty
1578,68,Male,Boots,Footwear,34,Delaware,S,Olive,Spring,4.0,No,Standard,Yes,7,Venmo,Fortnightly,4,0.175,0.12244897959183673,0.14872448979591835,Low Value,0.75,0.4362244897959184,0.3489795918367347,1,Satisfied,Mid Loyalty
1579,62,Male,Pants,Clothing,97,California,S,Maroon,Winter,4.9,No,2-Day Shipping,Yes,2,PayPal,Quarterly,2,0.9625,0.02040816326530612,0.4914540816326531,Mid Value,0.25,0.13520408163265307,0.10816326530612247,1,Satisfied,Low Loyalty
1580,35,Male,Jacket,Outerwear,80,Oklahoma,M,Violet,Summer,3.1,No,Free Shipping,Yes,6,Bank Transfer,Monthly,3,0.75,0.10204081632653061,0.4260204081632653,Mid Value,0.5,0.3010204081632653,0.24081632653061225,1,Unsatisfied,Low Loyalty
1581,65,Male,Sneakers,Footwear,71,North Dakota,L,Cyan,Summer,3.7,No,Standard,Yes,30,Cash,Annually,1,0.6375,0.5918367346938775,0.6146683673469387,Mid Value,0.0,0.29591836734693877,0.23673469387755103,1,Unsatisfied,Low Loyalty
1582,69,Male,Jewelry,Accessories,77,Ohio,L,Teal,Fall,4.2,No,Free Shipping,Yes,46,Cash,Quarterly,2,0.7125,0.9183673469387755,0.8154336734693878,High Value,0.25,0.5841836734693877,0.4673469387755102,1,Satisfied,Mid Loyalty
1583,28,Male,Belt,Accessories,41,Hawaii,L,Red,Spring,2.5,No,Next Day Air,Yes,39,Cash,Monthly,3,0.2625,0.7755102040816326,0.5190051020408163,Mid Value,0.5,0.6377551020408163,0.5102040816326531,1,Unsatisfied,Mid Loyalty
1584,37,Male,Scarf,Accessories,92,Maryland,XL,Yellow,Summer,4.3,No,Next Day Air,Yes,8,Venmo,Annually,1,0.9,0.14285714285714285,0.5214285714285715,Mid Value,0.0,0.07142857142857142,0.05714285714285714,1,Satisfied,Low Loyalty
1585,41,Male,Blouse,Clothing,95,Hawaii,S,Silver,Spring,3.1,No,Store Pickup,Yes,46,Credit Card,Quarterly,2,0.9375,0.9183673469387755,0.9279336734693877,High Value,0.25,0.5841836734693877,0.4673469387755102,1,Unsatisfied,Mid Loyalty
1586,37,Male,Sweater,Clothing,25,Alabama,M,Charcoal,Fall,3.0,No,Next Day Air,Yes,40,Debit Card,Fortnightly,4,0.0625,0.7959183673469388,0.4292091836734694,Mid Value,0.75,0.7729591836734694,0.6183673469387756,1,Unsatisfied,Mid Loyalty
1587,25,Male,Boots,Footwear,77,Oklahoma,M,Purple,Fall,4.0,No,Express,Yes,21,Bank Transfer,Weekly,5,0.7125,0.40816326530612246,0.5603316326530612,Mid Value,1.0,0.7040816326530612,0.563265306122449,1,Satisfied,Mid Loyalty
1588,41,Male,Socks,Clothing,99,Alabama,M,Beige,Summer,3.5,No,Free Shipping,Yes,33,Credit Card,Fortnightly,4,0.9875,0.6530612244897959,0.820280612244898,High Value,0.75,0.7015306122448979,0.5612244897959183,1,Unsatisfied,Mid Loyalty
1589,48,Male,Belt,Accessories,24,Vermont,L,Cyan,Winter,3.2,No,Next Day Air,Yes,3,Venmo,Monthly,3,0.05,0.04081632653061224,0.045408163265306126,Low Value,0.5,0.27040816326530615,0.21632653061224494,1,Unsatisfied,Low Loyalty
1590,42,Male,Sneakers,Footwear,72,Ohio,M,Silver,Summer,2.7,No,Store Pickup,Yes,48,Cash,Weekly,5,0.65,0.9591836734693877,0.8045918367346938,High Value,1.0,0.9795918367346939,0.7836734693877552,1,Unsatisfied,High Loyalty
1591,54,Male,Jeans,Clothing,80,Wisconsin,S,Pink,Winter,3.0,No,Free Shipping,Yes,8,PayPal,Annually,1,0.75,0.14285714285714285,0.4464285714285714,Mid Value,0.0,0.07142857142857142,0.05714285714285714,1,Unsatisfied,Low Loyalty
1592,18,Male,Skirt,Clothing,100,South Dakota,L,Gold,Winter,2.9,No,Next Day Air,Yes,24,PayPal,Annually,1,1.0,0.46938775510204084,0.7346938775510204,High Value,0.0,0.23469387755102042,0.18775510204081636,1,Unsatisfied,Low Loyalty
1593,56,Male,Shoes,Footwear,83,Iowa,M,Cyan,Summer,3.3,No,Free Shipping,Yes,10,Bank Transfer,Quarterly,2,0.7875,0.1836734693877551,0.48558673469387753,Mid Value,0.25,0.21683673469387754,0.17346938775510204,1,Unsatisfied,Low Loyalty
1594,61,Male,Dress,Clothing,95,Maryland,M,Black,Spring,4.9,No,2-Day Shipping,Yes,25,Bank Transfer,Monthly,3,0.9375,0.4897959183673469,0.7136479591836735,High Value,0.5,0.49489795918367346,0.3959183673469388,1,Satisfied,Mid Loyalty
1595,40,Male,Handbag,Accessories,41,Colorado,XL,Charcoal,Summer,3.7,No,Store Pickup,Yes,3,Cash,Fortnightly,4,0.2625,0.04081632653061224,0.15165816326530612,Low Value,0.75,0.39540816326530615,0.3163265306122449,1,Unsatisfied,Low Loyalty
1596,34,Male,Backpack,Accessories,35,Wisconsin,S,Magenta,Spring,3.5,No,Standard,Yes,45,Debit Card,Fortnightly,4,0.1875,0.8979591836734694,0.5427295918367347,Mid Value,0.75,0.8239795918367347,0.6591836734693879,1,Unsatisfied,Mid Loyalty
1597,42,Male,Jewelry,Accessories,30,Mississippi,S,Pink,Fall,4.7,No,Store Pickup,Yes,15,Debit Card,Monthly,3,0.125,0.2857142857142857,0.20535714285714285,Low Value,0.5,0.39285714285714285,0.3142857142857143,1,Satisfied,Low Loyalty
1598,43,Male,Hat,Accessories,21,Mississippi,XL,Maroon,Winter,2.6,No,Store Pickup,Yes,34,Bank Transfer,Quarterly,2,0.0125,0.673469387755102,0.342984693877551,Mid Value,0.25,0.461734693877551,0.3693877551020408,1,Unsatisfied,Mid Loyalty
1599,47,Male,Jewelry,Accessories,85,California,M,Teal,Fall,4.1,No,Express,Yes,21,Venmo,Fortnightly,4,0.8125,0.40816326530612246,0.6103316326530612,Mid Value,0.75,0.5790816326530612,0.463265306122449,1,Satisfied,Mid Loyalty
1600,48,Male,Shirt,Clothing,54,Delaware,M,Orange,Winter,2.8,No,2-Day Shipping,Yes,22,Debit Card,Fortnightly,4,0.425,0.42857142857142855,0.42678571428571427,Mid Value,0.75,0.5892857142857143,0.4714285714285715,1,Unsatisfied,Mid Loyalty
1601,20,Male,Boots,Footwear,26,Montana,S,Yellow,Spring,4.7,No,Next Day Air,Yes,24,PayPal,Weekly,5,0.075,0.46938775510204084,0.2721938775510204,Low Value,1.0,0.7346938775510204,0.5877551020408164,1,Satisfied,Mid Loyalty
1602,65,Male,Shirt,Clothing,59,Indiana,XL,Red,Spring,2.9,No,Store Pickup,Yes,33,Credit Card,Monthly,3,0.4875,0.6530612244897959,0.5702806122448979,Mid Value,0.5,0.5765306122448979,0.46122448979591835,1,Unsatisfied,Mid Loyalty
1603,54,Male,Sunglasses,Accessories,48,West Virginia,S,Charcoal,Winter,2.8,No,Free Shipping,Yes,13,Venmo,Fortnightly,4,0.35,0.24489795918367346,0.2974489795918367,Low Value,0.75,0.49744897959183676,0.39795918367346944,1,Unsatisfied,Mid Loyalty
1604,23,Male,Shorts,Clothing,98,Iowa,L,Black,Summer,4.3,No,Next Day Air,Yes,17,Debit Card,Fortnightly,4,0.975,0.32653061224489793,0.650765306122449,Mid Value,0.75,0.5382653061224489,0.4306122448979592,1,Satisfied,Mid Loyalty
1605,18,Male,Sweater,Clothing,92,Maine,M,White,Summer,4.8,No,2-Day Shipping,Yes,25,Credit Card,Quarterly,2,0.9,0.4897959183673469,0.6948979591836735,High Value,0.25,0.36989795918367346,0.29591836734693877,1,Satisfied,Low Loyalty
1606,70,Male,Belt,Accessories,46,Connecticut,M,Lavender,Winter,3.4,No,Next Day Air,Yes,15,Credit Card,Fortnightly,4,0.325,0.2857142857142857,0.3053571428571429,Low Value,0.75,0.5178571428571428,0.41428571428571426,1,Unsatisfied,Mid Loyalty
1607,55,Male,T-shirt,Clothing,21,Kansas,S,White,Spring,4.3,No,Standard,Yes,4,PayPal,Fortnightly,4,0.0125,0.061224489795918366,0.03686224489795918,Low Value,0.75,0.40561224489795916,0.32448979591836735,1,Satisfied,Low Loyalty
1608,49,Male,Shorts,Clothing,72,Vermont,S,Gray,Fall,2.7,No,Free Shipping,Yes,43,Debit Card,Quarterly,2,0.65,0.8571428571428571,0.7535714285714286,High Value,0.25,0.5535714285714286,0.4428571428571429,1,Unsatisfied,Mid Loyalty
1609,26,Male,Sandals,Footwear,58,Nebraska,XL,Cyan,Fall,4.6,No,Next Day Air,Yes,12,Bank Transfer,Fortnightly,4,0.475,0.22448979591836735,0.3497448979591837,Mid Value,0.75,0.4872448979591837,0.38979591836734695,1,Satisfied,Mid Loyalty
1610,33,Male,Shirt,Clothing,93,Nevada,S,Brown,Fall,4.1,No,Standard,Yes,3,Venmo,Monthly,3,0.9125,0.04081632653061224,0.47665816326530613,Mid Value,0.5,0.27040816326530615,0.21632653061224494,1,Satisfied,Low Loyalty
1611,20,Male,Socks,Clothing,31,Tennessee,L,Purple,Spring,3.4,No,2-Day Shipping,Yes,1,PayPal,Annually,1,0.1375,0.0,0.06875,Low Value,0.0,0.0,0.0,1,Unsatisfied,Low Loyalty
1612,41,Male,Pants,Clothing,26,Arkansas,L,Yellow,Winter,4.5,No,Next Day Air,Yes,6,Debit Card,Monthly,3,0.075,0.10204081632653061,0.08852040816326531,Low Value,0.5,0.3010204081632653,0.24081632653061225,1,Satisfied,Low Loyalty
1613,18,Male,Skirt,Clothing,68,Wisconsin,M,Indigo,Summer,4.4,No,Standard,Yes,26,Venmo,Monthly,3,0.6,0.5102040816326531,0.5551020408163265,Mid Value,0.5,0.5051020408163265,0.4040816326530612,1,Satisfied,Mid Loyalty
1614,26,Male,Jewelry,Accessories,31,Illinois,S,Black,Summer,4.0,No,Next Day Air,Yes,6,Credit Card,Fortnightly,4,0.1375,0.10204081632653061,0.11977040816326531,Low Value,0.75,0.4260204081632653,0.3408163265306123,1,Satisfied,Mid Loyalty
1615,30,Male,T-shirt,Clothing,41,Kansas,S,Gray,Summer,3.4,No,Free Shipping,Yes,22,Cash,Fortnightly,4,0.2625,0.42857142857142855,0.3455357142857143,Mid Value,0.75,0.5892857142857143,0.4714285714285715,1,Unsatisfied,Mid Loyalty
1616,64,Male,Jewelry,Accessories,62,New York,M,Indigo,Fall,3.2,No,Standard,Yes,45,Cash,Fortnightly,4,0.525,0.8979591836734694,0.7114795918367347,High Value,0.75,0.8239795918367347,0.6591836734693879,1,Unsatisfied,Mid Loyalty
1617,26,Male,Hat,Accessories,41,Colorado,M,Green,Spring,3.4,No,Standard,Yes,50,Cash,Quarterly,2,0.2625,1.0,0.63125,Mid Value,0.25,0.625,0.5,1,Unsatisfied,Mid Loyalty
1618,43,Male,Blouse,Clothing,64,Wisconsin,M,Peach,Winter,4.3,No,Standard,Yes,50,Credit Card,Fortnightly,4,0.55,1.0,0.775,High Value,0.75,0.875,0.7000000000000001,1,Satisfied,High Loyalty
1619,63,Male,Sandals,Footwear,72,Michigan,L,Purple,Summer,5.0,No,Standard,Yes,39,Debit Card,Quarterly,2,0.65,0.7755102040816326,0.7127551020408163,High Value,0.25,0.5127551020408163,0.4102040816326531,1,Satisfied,Mid Loyalty
1620,57,Male,Handbag,Accessories,78,Hawaii,L,Beige,Winter,3.5,No,Store Pickup,Yes,50,Venmo,Fortnightly,4,0.725,1.0,0.8625,High Value,0.75,0.875,0.7000000000000001,1,Unsatisfied,High Loyalty
1621,25,Male,Hat,Accessories,47,Virginia,M,Charcoal,Winter,3.1,No,2-Day Shipping,Yes,27,PayPal,Quarterly,2,0.3375,0.5306122448979592,0.4340561224489796,Mid Value,0.25,0.3903061224489796,0.3122448979591837,1,Unsatisfied,Low Loyalty
1622,68,Male,Scarf,Accessories,46,Ohio,L,Gray,Summer,3.9,No,2-Day Shipping,Yes,38,Debit Card,Fortnightly,4,0.325,0.7551020408163265,0.5400510204081632,Mid Value,0.75,0.7525510204081632,0.6020408163265306,1,Satisfied,Mid Loyalty
1623,31,Male,Shorts,Clothing,43,Missouri,S,Brown,Winter,4.0,No,Store Pickup,Yes,37,Bank Transfer,Quarterly,2,0.2875,0.7346938775510204,0.5110969387755102,Mid Value,0.25,0.4923469387755102,0.3938775510204082,1,Satisfied,Mid Loyalty
1624,64,Male,Backpack,Accessories,58,Indiana,M,Cyan,Summer,3.5,No,Next Day Air,Yes,50,Debit Card,Annually,1,0.475,1.0,0.7375,High Value,0.0,0.5,0.4,1,Unsatisfied,Mid Loyalty
1625,38,Male,Sweater,Clothing,32,Florida,M,White,Winter,3.6,No,Free Shipping,Yes,40,PayPal,Quarterly,2,0.15,0.7959183673469388,0.4729591836734694,Mid Value,0.25,0.5229591836734694,0.41836734693877553,1,Unsatisfied,Mid Loyalty
1626,34,Male,Skirt,Clothing,45,Minnesota,L,Beige,Winter,3.0,No,Next Day Air,Yes,3,PayPal,Fortnightly,4,0.3125,0.04081632653061224,0.17665816326530612,Low Value,0.75,0.39540816326530615,0.3163265306122449,1,Unsatisfied,Low Loyalty
1627,32,Male,Sneakers,Footwear,35,Nevada,L,Orange,Summer,2.6,No,Next Day Air,Yes,45,Credit Card,Fortnightly,4,0.1875,0.8979591836734694,0.5427295918367347,Mid Value,0.75,0.8239795918367347,0.6591836734693879,1,Unsatisfied,Mid Loyalty
1628,69,Male,Sunglasses,Accessories,21,Maine,M,Olive,Winter,2.9,No,Next Day Air,Yes,8,Credit Card,Annually,1,0.0125,0.14285714285714285,0.07767857142857143,Low Value,0.0,0.07142857142857142,0.05714285714285714,1,Unsatisfied,Low Loyalty
1629,45,Male,Dress,Clothing,64,Massachusetts,S,Teal,Winter,3.1,No,Next Day Air,Yes,7,Cash,Monthly,3,0.55,0.12244897959183673,0.3362244897959184,Low Value,0.5,0.3112244897959184,0.2489795918367347,1,Unsatisfied,Low Loyalty
1630,35,Male,Blouse,Clothing,88,North Dakota,S,Silver,Spring,3.3,No,Next Day Air,Yes,13,Venmo,Quarterly,2,0.85,0.24489795918367346,0.5474489795918367,Mid Value,0.25,0.24744897959183673,0.1979591836734694,1,Unsatisfied,Low Loyalty
1631,63,Male,Shoes,Footwear,48,New Jersey,M,Gold,Summer,2.9,No,Store Pickup,Yes,29,Venmo,Quarterly,2,0.35,0.5714285714285714,0.4607142857142857,Mid Value,0.25,0.4107142857142857,0.32857142857142857,1,Unsatisfied,Low Loyalty
1632,65,Male,Sweater,Clothing,36,Indiana,L,Violet,Summer,3.9,No,2-Day Shipping,Yes,7,Bank Transfer,Fortnightly,4,0.2,0.12244897959183673,0.16122448979591836,Low Value,0.75,0.4362244897959184,0.3489795918367347,1,Satisfied,Mid Loyalty
1633,35,Male,Gloves,Accessories,28,Oregon,S,White,Summer,4.7,No,2-Day Shipping,Yes,50,Debit Card,Quarterly,2,0.1,1.0,0.55,Mid Value,0.25,0.625,0.5,1,Satisfied,Mid Loyalty
1634,54,Male,Socks,Clothing,80,North Dakota,M,Peach,Spring,4.4,No,2-Day Shipping,Yes,33,Debit Card,Fortnightly,4,0.75,0.6530612244897959,0.7015306122448979,High Value,0.75,0.7015306122448979,0.5612244897959183,1,Satisfied,Mid Loyalty
1635,28,Male,Coat,Outerwear,23,South Carolina,S,Orange,Summer,3.6,No,Store Pickup,Yes,30,Cash,Quarterly,2,0.0375,0.5918367346938775,0.31466836734693876,Low Value,0.25,0.42091836734693877,0.33673469387755106,1,Unsatisfied,Mid Loyalty
1636,68,Male,Sunglasses,Accessories,24,North Carolina,L,Violet,Summer,3.2,No,Standard,Yes,40,Cash,Annually,1,0.05,0.7959183673469388,0.4229591836734694,Mid Value,0.0,0.3979591836734694,0.31836734693877555,1,Unsatisfied,Low Loyalty
1637,58,Male,Boots,Footwear,22,North Dakota,L,Green,Fall,4.0,No,Free Shipping,Yes,49,Cash,Fortnightly,4,0.025,0.9795918367346939,0.5022959183673469,Mid Value,0.75,0.8647959183673469,0.6918367346938776,1,Satisfied,High Loyalty
1638,35,Male,Dress,Clothing,21,Massachusetts,M,Peach,Spring,3.5,No,Next Day Air,Yes,32,Venmo,Fortnightly,4,0.0125,0.6326530612244898,0.3225765306122449,Low Value,0.75,0.6913265306122449,0.553061224489796,1,Unsatisfied,Mid Loyalty
1639,68,Male,Jacket,Outerwear,51,Tennessee,M,Black,Spring,4.6,No,Free Shipping,Yes,18,Venmo,Weekly,5,0.3875,0.3469387755102041,0.36721938775510204,Mid Value,1.0,0.673469387755102,0.5387755102040817,1,Satisfied,Mid Loyalty
1640,41,Male,Gloves,Accessories,65,Missouri,L,Blue,Summer,3.3,No,Free Shipping,Yes,50,PayPal,Annually,1,0.5625,1.0,0.78125,High Value,0.0,0.5,0.4,1,Unsatisfied,Mid Loyalty
1641,65,Male,Scarf,Accessories,51,Tennessee,S,Magenta,Spring,4.0,No,2-Day Shipping,Yes,13,PayPal,Weekly,5,0.3875,0.24489795918367346,0.31619897959183674,Low Value,1.0,0.6224489795918368,0.4979591836734694,1,Satisfied,Mid Loyalty
1642,50,Male,Hoodie,Clothing,32,Colorado,L,Violet,Summer,3.4,No,Free Shipping,Yes,1,Bank Transfer,Quarterly,2,0.15,0.0,0.075,Low Value,0.25,0.125,0.1,1,Unsatisfied,Low Loyalty
1643,18,Male,Coat,Outerwear,70,Mississippi,M,Beige,Spring,4.2,No,Store Pickup,Yes,16,PayPal,Fortnightly,4,0.625,0.30612244897959184,0.4655612244897959,Mid Value,0.75,0.528061224489796,0.4224489795918368,1,Satisfied,Mid Loyalty
1644,38,Male,Scarf,Accessories,77,Ohio,L,Pink,Summer,3.9,No,2-Day Shipping,Yes,6,PayPal,Monthly,3,0.7125,0.10204081632653061,0.4072704081632653,Mid Value,0.5,0.3010204081632653,0.24081632653061225,1,Satisfied,Low Loyalty
1645,68,Male,Coat,Outerwear,90,North Carolina,S,Beige,Summer,3.9,No,Next Day Air,Yes,21,Debit Card,Monthly,3,0.875,0.40816326530612246,0.6415816326530612,Mid Value,0.5,0.45408163265306123,0.363265306122449,1,Satisfied,Mid Loyalty
1646,53,Male,Scarf,Accessories,36,Ohio,L,Green,Summer,2.8,No,Standard,Yes,36,Venmo,Quarterly,2,0.2,0.7142857142857143,0.4571428571428572,Mid Value,0.25,0.48214285714285715,0.38571428571428573,1,Unsatisfied,Mid Loyalty
1647,58,Male,Handbag,Accessories,77,Nebraska,S,Silver,Summer,3.7,No,Standard,Yes,20,Bank Transfer,Quarterly,2,0.7125,0.3877551020408163,0.5501275510204082,Mid Value,0.25,0.31887755102040816,0.25510204081632654,1,Unsatisfied,Low Loyalty
1648,34,Male,Boots,Footwear,78,Hawaii,M,Purple,Summer,4.9,No,Store Pickup,Yes,8,Debit Card,Quarterly,2,0.725,0.14285714285714285,0.43392857142857144,Mid Value,0.25,0.19642857142857142,0.15714285714285714,1,Satisfied,Low Loyalty
1649,36,Male,Pants,Clothing,69,Oklahoma,M,Gray,Summer,2.6,No,Express,Yes,22,Credit Card,Monthly,3,0.6125,0.42857142857142855,0.5205357142857143,Mid Value,0.5,0.4642857142857143,0.37142857142857144,1,Unsatisfied,Mid Loyalty
1650,58,Male,T-shirt,Clothing,63,Wisconsin,M,White,Summer,4.9,No,Free Shipping,Yes,3,Credit Card,Quarterly,2,0.5375,0.04081632653061224,0.28915816326530613,Low Value,0.25,0.14540816326530612,0.1163265306122449,1,Satisfied,Low Loyalty
1651,60,Male,Scarf,Accessories,36,Arkansas,M,Silver,Winter,3.4,No,Next Day Air,Yes,46,Credit Card,Fortnightly,4,0.2,0.9183673469387755,0.5591836734693878,Mid Value,0.75,0.8341836734693877,0.6673469387755102,1,Unsatisfied,High Loyalty
1652,59,Male,Coat,Outerwear,80,Texas,M,Blue,Winter,3.9,No,Standard,Yes,42,Debit Card,Monthly,3,0.75,0.8367346938775511,0.7933673469387755,High Value,0.5,0.6683673469387755,0.5346938775510205,1,Satisfied,Mid Loyalty
1653,65,Male,Sweater,Clothing,35,New Mexico,M,Orange,Summer,4.0,No,Next Day Air,Yes,1,Bank Transfer,Fortnightly,4,0.1875,0.0,0.09375,Low Value,0.75,0.375,0.30000000000000004,1,Satisfied,Low Loyalty
1654,31,Male,Belt,Accessories,93,Colorado,L,Silver,Winter,3.0,No,2-Day Shipping,Yes,29,Debit Card,Fortnightly,4,0.9125,0.5714285714285714,0.7419642857142856,High Value,0.75,0.6607142857142857,0.5285714285714286,1,Unsatisfied,Mid Loyalty
1655,43,Male,Belt,Accessories,25,Indiana,L,Gray,Spring,2.6,No,Store Pickup,Yes,14,Credit Card,Quarterly,2,0.0625,0.2653061224489796,0.1639030612244898,Low Value,0.25,0.25765306122448983,0.20612244897959187,1,Unsatisfied,Low Loyalty
1656,37,Male,Sweater,Clothing,81,Arizona,L,Gold,Spring,3.2,No,Next Day Air,Yes,4,PayPal,Monthly,3,0.7625,0.061224489795918366,0.41186224489795914,Mid Value,0.5,0.28061224489795916,0.22448979591836735,1,Unsatisfied,Low Loyalty
1657,21,Male,Blouse,Clothing,42,Indiana,L,Brown,Spring,2.6,No,2-Day Shipping,Yes,41,PayPal,Quarterly,2,0.275,0.8163265306122449,0.5456632653061224,Mid Value,0.25,0.5331632653061225,0.42653061224489797,1,Unsatisfied,Mid Loyalty
1658,69,Male,Skirt,Clothing,36,Indiana,L,Turquoise,Spring,3.2,No,Store Pickup,Yes,4,Debit Card,Fortnightly,4,0.2,0.061224489795918366,0.1306122448979592,Low Value,0.75,0.40561224489795916,0.32448979591836735,1,Unsatisfied,Low Loyalty
1659,32,Male,Jewelry,Accessories,66,Alaska,S,Pink,Spring,4.1,No,Store Pickup,Yes,47,Cash,Weekly,5,0.575,0.9387755102040817,0.7568877551020408,High Value,1.0,0.9693877551020409,0.7755102040816327,1,Satisfied,High Loyalty
1660,53,Male,Gloves,Accessories,37,Utah,M,Black,Fall,3.9,No,Next Day Air,Yes,44,Venmo,Annually,1,0.2125,0.8775510204081632,0.5450255102040816,Mid Value,0.0,0.4387755102040816,0.3510204081632653,1,Satisfied,Mid Loyalty
1661,59,Male,T-shirt,Clothing,45,Louisiana,L,Yellow,Winter,4.1,No,Standard,Yes,37,Venmo,Monthly,3,0.3125,0.7346938775510204,0.5235969387755102,Mid Value,0.5,0.6173469387755102,0.49387755102040815,1,Satisfied,Mid Loyalty
1662,64,Male,Gloves,Accessories,86,Iowa,S,Beige,Summer,2.7,No,2-Day Shipping,Yes,21,Debit Card,Quarterly,2,0.825,0.40816326530612246,0.6165816326530612,Mid Value,0.25,0.32908163265306123,0.26326530612244897,1,Unsatisfied,Low Loyalty
1663,63,Male,Sunglasses,Accessories,24,New Mexico,M,Olive,Winter,4.6,No,Free Shipping,Yes,46,Debit Card,Fortnightly,4,0.05,0.9183673469387755,0.4841836734693878,Mid Value,0.75,0.8341836734693877,0.6673469387755102,1,Satisfied,High Loyalty
1664,43,Male,Shirt,Clothing,22,Maine,XL,Gold,Summer,3.5,No,Standard,Yes,1,Cash,Fortnightly,4,0.025,0.0,0.0125,Low Value,0.75,0.375,0.30000000000000004,1,Unsatisfied,Low Loyalty
1665,19,Male,Handbag,Accessories,53,Minnesota,M,Purple,Spring,5.0,No,Next Day Air,Yes,35,PayPal,Weekly,5,0.4125,0.6938775510204082,0.5531887755102041,Mid Value,1.0,0.846938775510204,0.6775510204081633,1,Satisfied,High Loyalty
1666,40,Male,Jacket,Outerwear,41,New Mexico,L,Pink,Fall,3.4,No,Next Day Air,Yes,49,Venmo,Monthly,3,0.2625,0.9795918367346939,0.6210459183673469,Mid Value,0.5,0.7397959183673469,0.5918367346938775,1,Unsatisfied,Mid Loyalty
1667,51,Male,Skirt,Clothing,64,Arkansas,M,Blue,Summer,3.1,No,Store Pickup,Yes,47,PayPal,Annually,1,0.55,0.9387755102040817,0.7443877551020408,High Value,0.0,0.46938775510204084,0.3755102040816327,1,Unsatisfied,Mid Loyalty
1668,51,Male,Handbag,Accessories,40,Oklahoma,L,Brown,Winter,3.4,No,2-Day Shipping,Yes,24,Bank Transfer,Quarterly,2,0.25,0.46938775510204084,0.35969387755102045,Mid Value,0.25,0.35969387755102045,0.2877551020408164,1,Unsatisfied,Low Loyalty
1669,66,Male,Blouse,Clothing,33,Utah,L,Charcoal,Summer,4.0,No,Standard,Yes,28,Debit Card,Fortnightly,4,0.1625,0.5510204081632653,0.3567602040816326,Mid Value,0.75,0.6505102040816326,0.5204081632653061,1,Satisfied,Mid Loyalty
1670,42,Male,T-shirt,Clothing,59,Wisconsin,L,Maroon,Winter,2.7,No,Store Pickup,Yes,22,Bank Transfer,Quarterly,2,0.4875,0.42857142857142855,0.45803571428571427,Mid Value,0.25,0.3392857142857143,0.27142857142857146,1,Unsatisfied,Low Loyalty
1671,22,Male,Pants,Clothing,73,Utah,L,Cyan,Fall,3.6,No,Free Shipping,Yes,20,Cash,Weekly,5,0.6625,0.3877551020408163,0.5251275510204081,Mid Value,1.0,0.6938775510204082,0.5551020408163265,1,Unsatisfied,Mid Loyalty
1672,31,Male,Hoodie,Clothing,22,Utah,M,Olive,Winter,4.0,No,Free Shipping,Yes,25,Bank Transfer,Weekly,5,0.025,0.4897959183673469,0.2573979591836735,Low Value,1.0,0.7448979591836735,0.5959183673469388,1,Satisfied,Mid Loyalty
1673,18,Male,Boots,Footwear,73,South Carolina,L,Gold,Fall,3.8,No,Free Shipping,Yes,15,Venmo,Quarterly,2,0.6625,0.2857142857142857,0.47410714285714284,Mid Value,0.25,0.26785714285714285,0.2142857142857143,1,Unsatisfied,Low Loyalty
1674,21,Male,Blouse,Clothing,62,Hawaii,M,Violet,Fall,3.4,No,Next Day Air,Yes,49,Venmo,Fortnightly,4,0.525,0.9795918367346939,0.752295918367347,High Value,0.75,0.8647959183673469,0.6918367346938776,1,Unsatisfied,High Loyalty
1675,35,Male,Coat,Outerwear,56,Alaska,M,Peach,Winter,3.2,No,Free Shipping,Yes,10,Debit Card,Fortnightly,4,0.45,0.1836734693877551,0.3168367346938776,Low Value,0.75,0.46683673469387754,0.3734693877551021,1,Unsatisfied,Mid Loyalty
1676,35,Male,Pants,Clothing,90,Colorado,M,Beige,Spring,4.7,No,Next Day Air,Yes,21,Credit Card,Annually,1,0.875,0.40816326530612246,0.6415816326530612,Mid Value,0.0,0.20408163265306123,0.163265306122449,1,Satisfied,Low Loyalty
1677,27,Male,Sunglasses,Accessories,44,West Virginia,M,Cyan,Winter,3.1,No,Next Day Air,Yes,34,Bank Transfer,Weekly,5,0.3,0.673469387755102,0.486734693877551,Mid Value,1.0,0.8367346938775511,0.6693877551020408,1,Unsatisfied,High Loyalty
1678,65,Male,Jeans,Clothing,35,Oregon,L,Silver,Summer,3.3,No,Next Day Air,No,41,Debit Card,Weekly,5,0.1875,0.8163265306122449,0.5019132653061225,Mid Value,1.0,0.9081632653061225,0.9081632653061225,0,Unsatisfied,High Loyalty
1679,41,Male,Pants,Clothing,71,Ohio,S,Magenta,Summer,4.8,No,2-Day Shipping,No,30,Venmo,Fortnightly,4,0.6375,0.5918367346938775,0.6146683673469387,Mid Value,0.75,0.6709183673469388,0.6709183673469388,0,Satisfied,High Loyalty
1680,60,Male,Dress,Clothing,52,Massachusetts,S,Black,Fall,4.5,No,Next Day Air,No,24,Debit Card,Fortnightly,4,0.4,0.46938775510204084,0.4346938775510204,Mid Value,0.75,0.6096938775510204,0.6096938775510204,0,Satisfied,Mid Loyalty
1681,61,Male,Shoes,Footwear,37,Louisiana,M,Olive,Summer,3.4,No,Store Pickup,No,6,Credit Card,Annually,1,0.2125,0.10204081632653061,0.15727040816326532,Low Value,0.0,0.05102040816326531,0.05102040816326531,0,Unsatisfied,Low Loyalty
1682,24,Male,Sneakers,Footwear,95,Virginia,L,Green,Winter,3.7,No,2-Day Shipping,No,14,Credit Card,Fortnightly,4,0.9375,0.2653061224489796,0.6014030612244898,Mid Value,0.75,0.5076530612244898,0.5076530612244898,0,Unsatisfied,Mid Loyalty
1683,65,Male,Socks,Clothing,97,New York,M,Yellow,Fall,4.9,No,2-Day Shipping,No,37,Credit Card,Fortnightly,4,0.9625,0.7346938775510204,0.8485969387755102,High Value,0.75,0.7423469387755102,0.7423469387755102,0,Satisfied,High Loyalty
1684,23,Male,Coat,Outerwear,57,Arkansas,S,Lavender,Spring,3.5,No,Next Day Air,No,37,Venmo,Quarterly,2,0.4625,0.7346938775510204,0.5985969387755102,Mid Value,0.25,0.4923469387755102,0.4923469387755102,0,Unsatisfied,Mid Loyalty
1685,30,Male,Shirt,Clothing,93,New Mexico,M,Indigo,Spring,4.6,No,Standard,No,28,PayPal,Weekly,5,0.9125,0.5510204081632653,0.7317602040816327,High Value,1.0,0.7755102040816326,0.7755102040816326,0,Satisfied,High Loyalty
1686,33,Male,Blouse,Clothing,48,Minnesota,M,Pink,Winter,4.6,No,Standard,No,43,PayPal,Fortnightly,4,0.35,0.8571428571428571,0.6035714285714285,Mid Value,0.75,0.8035714285714286,0.8035714285714286,0,Satisfied,High Loyalty
1687,22,Male,Gloves,Accessories,75,Illinois,L,Red,Fall,4.2,No,Store Pickup,No,25,Cash,Annually,1,0.6875,0.4897959183673469,0.5886479591836735,Mid Value,0.0,0.24489795918367346,0.24489795918367346,0,Satisfied,Low Loyalty
1688,67,Male,Skirt,Clothing,70,Georgia,S,Magenta,Winter,3.7,No,Free Shipping,No,4,PayPal,Annually,1,0.625,0.061224489795918366,0.34311224489795916,Mid Value,0.0,0.030612244897959183,0.030612244897959183,0,Unsatisfied,Low Loyalty
1689,28,Male,Handbag,Accessories,26,Mississippi,S,Peach,Winter,3.0,No,Next Day Air,No,13,Venmo,Fortnightly,4,0.075,0.24489795918367346,0.15994897959183674,Low Value,0.75,0.49744897959183676,0.49744897959183676,0,Unsatisfied,Mid Loyalty
1690,32,Male,Shirt,Clothing,73,North Carolina,L,Turquoise,Winter,4.6,No,Store Pickup,No,32,Bank Transfer,Monthly,3,0.6625,0.6326530612244898,0.647576530612245,Mid Value,0.5,0.5663265306122449,0.5663265306122449,0,Satisfied,Mid Loyalty
1691,40,Male,Coat,Outerwear,30,Nevada,M,Black,Summer,3.2,No,Free Shipping,No,1,Cash,Annually,1,0.125,0.0,0.0625,Low Value,0.0,0.0,0.0,0,Unsatisfied,Low Loyalty
1692,64,Male,Shoes,Footwear,61,Connecticut,L,Blue,Summer,3.5,No,Next Day Air,No,4,Cash,Annually,1,0.5125,0.061224489795918366,0.28686224489795914,Low Value,0.0,0.030612244897959183,0.030612244897959183,0,Unsatisfied,Low Loyalty
1693,56,Male,Handbag,Accessories,75,Utah,M,Beige,Winter,2.6,No,Standard,No,33,Cash,Fortnightly,4,0.6875,0.6530612244897959,0.6702806122448979,High Value,0.75,0.7015306122448979,0.7015306122448979,0,Unsatisfied,High Loyalty
1694,63,Male,Jacket,Outerwear,88,Tennessee,XL,Olive,Fall,4.9,No,Standard,No,45,Bank Transfer,Fortnightly,4,0.85,0.8979591836734694,0.8739795918367347,High Value,0.75,0.8239795918367347,0.8239795918367347,0,Satisfied,High Loyalty
1695,20,Male,Shirt,Clothing,67,Mississippi,M,Turquoise,Summer,2.7,No,Express,No,20,Debit Card,Fortnightly,4,0.5875,0.3877551020408163,0.48762755102040817,Mid Value,0.75,0.5688775510204082,0.5688775510204082,0,Unsatisfied,Mid Loyalty
1696,54,Male,Hat,Accessories,95,Nebraska,S,Yellow,Fall,4.7,No,2-Day Shipping,No,1,PayPal,Fortnightly,4,0.9375,0.0,0.46875,Mid Value,0.75,0.375,0.375,0,Satisfied,Mid Loyalty
1697,31,Male,Sunglasses,Accessories,69,West Virginia,S,Turquoise,Spring,4.0,No,Free Shipping,No,7,Credit Card,Fortnightly,4,0.6125,0.12244897959183673,0.3674744897959184,Mid Value,0.75,0.4362244897959184,0.4362244897959184,0,Satisfied,Mid Loyalty
1698,36,Male,Shirt,Clothing,87,South Carolina,L,Lavender,Fall,3.5,No,Next Day Air,No,48,Credit Card,Quarterly,2,0.8375,0.9591836734693877,0.8983418367346938,High Value,0.25,0.6045918367346939,0.6045918367346939,0,Unsatisfied,Mid Loyalty
1699,25,Male,Belt,Accessories,41,Iowa,XL,Turquoise,Winter,4.8,No,Standard,No,46,Bank Transfer,Quarterly,2,0.2625,0.9183673469387755,0.5904336734693878,Mid Value,0.25,0.5841836734693877,0.5841836734693877,0,Satisfied,Mid Loyalty
1700,20,Male,Sweater,Clothing,67,North Dakota,L,Teal,Spring,4.0,No,Free Shipping,No,34,Debit Card,Annually,1,0.5875,0.673469387755102,0.630484693877551,Mid Value,0.0,0.336734693877551,0.336734693877551,0,Satisfied,Mid Loyalty
1701,62,Male,Hoodie,Clothing,70,West Virginia,L,Black,Fall,4.1,No,Express,No,36,Bank Transfer,Monthly,3,0.625,0.7142857142857143,0.6696428571428572,High Value,0.5,0.6071428571428572,0.6071428571428572,0,Satisfied,Mid Loyalty
1702,69,Male,Handbag,Accessories,41,Mississippi,XL,Blue,Winter,3.8,No,Next Day Air,No,44,Debit Card,Quarterly,2,0.2625,0.8775510204081632,0.5700255102040817,Mid Value,0.25,0.5637755102040816,0.5637755102040816,0,Unsatisfied,Mid Loyalty
1703,54,Male,Jeans,Clothing,83,Alabama,XL,Yellow,Summer,5.0,No,Express,No,48,Bank Transfer,Weekly,5,0.7875,0.9591836734693877,0.8733418367346939,High Value,1.0,0.9795918367346939,0.9795918367346939,0,Satisfied,High Loyalty
1704,39,Male,Backpack,Accessories,22,California,M,Black,Spring,4.0,No,Next Day Air,No,12,Bank Transfer,Annually,1,0.025,0.22448979591836735,0.12474489795918367,Low Value,0.0,0.11224489795918367,0.11224489795918367,0,Satisfied,Low Loyalty
1705,56,Male,Sneakers,Footwear,20,Idaho,M,Lavender,Summer,3.9,No,Store Pickup,No,19,Cash,Quarterly,2,0.0,0.3673469387755102,0.1836734693877551,Low Value,0.25,0.3086734693877551,0.3086734693877551,0,Satisfied,Low Loyalty
1706,39,Male,Jewelry,Accessories,29,South Dakota,L,Cyan,Summer,3.4,No,2-Day Shipping,No,49,Venmo,Fortnightly,4,0.1125,0.9795918367346939,0.546045918367347,Mid Value,0.75,0.8647959183673469,0.8647959183673469,0,Unsatisfied,High Loyalty
1707,37,Male,Sunglasses,Accessories,87,North Dakota,M,Brown,Spring,3.0,No,Standard,No,25,Venmo,Fortnightly,4,0.8375,0.4897959183673469,0.6636479591836735,Mid Value,0.75,0.6198979591836735,0.6198979591836735,0,Unsatisfied,Mid Loyalty
1708,25,Male,Shorts,Clothing,81,Nevada,L,Maroon,Fall,4.9,No,2-Day Shipping,No,25,Cash,Fortnightly,4,0.7625,0.4897959183673469,0.6261479591836734,Mid Value,0.75,0.6198979591836735,0.6198979591836735,0,Satisfied,Mid Loyalty
1709,35,Male,Boots,Footwear,58,Florida,L,Cyan,Spring,3.2,No,Express,No,1,Credit Card,Quarterly,2,0.475,0.0,0.2375,Low Value,0.25,0.125,0.125,0,Unsatisfied,Low Loyalty
1710,45,Male,Skirt,Clothing,83,Indiana,M,Pink,Winter,3.8,No,Standard,No,19,Bank Transfer,Annually,1,0.7875,0.3673469387755102,0.5774234693877551,Mid Value,0.0,0.1836734693877551,0.1836734693877551,0,Unsatisfied,Low Loyalty
1711,19,Male,Pants,Clothing,59,Arkansas,XL,Orange,Fall,3.8,No,Store Pickup,No,7,Credit Card,Quarterly,2,0.4875,0.12244897959183673,0.30497448979591835,Low Value,0.25,0.18622448979591838,0.18622448979591838,0,Unsatisfied,Low Loyalty
1712,21,Male,T-shirt,Clothing,93,North Carolina,M,Lavender,Spring,4.7,No,Express,No,19,Credit Card,Monthly,3,0.9125,0.3673469387755102,0.6399234693877551,Mid Value,0.5,0.4336734693877551,0.4336734693877551,0,Satisfied,Mid Loyalty
1713,65,Male,T-shirt,Clothing,87,Illinois,S,Beige,Fall,3.8,No,2-Day Shipping,No,9,Cash,Fortnightly,4,0.8375,0.16326530612244897,0.5003826530612245,Mid Value,0.75,0.45663265306122447,0.45663265306122447,0,Unsatisfied,Mid Loyalty
1714,49,Male,Jacket,Outerwear,22,Missouri,M,Pink,Winter,4.6,No,Free Shipping,No,37,PayPal,Quarterly,2,0.025,0.7346938775510204,0.37984693877551023,Mid Value,0.25,0.4923469387755102,0.4923469387755102,0,Satisfied,Mid Loyalty
1715,30,Male,Jeans,Clothing,71,South Dakota,S,Charcoal,Summer,4.4,No,Standard,No,15,Cash,Monthly,3,0.6375,0.2857142857142857,0.4616071428571428,Mid Value,0.5,0.39285714285714285,0.39285714285714285,0,Satisfied,Mid Loyalty
1716,23,Male,Dress,Clothing,69,Idaho,XL,Gray,Spring,3.4,No,2-Day Shipping,No,30,PayPal,Fortnightly,4,0.6125,0.5918367346938775,0.6021683673469388,Mid Value,0.75,0.6709183673469388,0.6709183673469388,0,Unsatisfied,High Loyalty
1717,69,Male,Blouse,Clothing,47,Connecticut,M,Cyan,Winter,4.7,No,Standard,No,30,Cash,Quarterly,2,0.3375,0.5918367346938775,0.4646683673469388,Mid Value,0.25,0.42091836734693877,0.42091836734693877,0,Satisfied,Mid Loyalty
1718,29,Male,Hoodie,Clothing,50,Hawaii,L,Orange,Summer,2.9,No,Express,No,16,Debit Card,Fortnightly,4,0.375,0.30612244897959184,0.3405612244897959,Mid Value,0.75,0.528061224489796,0.528061224489796,0,Unsatisfied,Mid Loyalty
1719,54,Male,T-shirt,Clothing,96,Maryland,L,Pink,Winter,3.4,No,2-Day Shipping,No,14,PayPal,Quarterly,2,0.95,0.2653061224489796,0.6076530612244898,Mid Value,0.25,0.25765306122448983,0.25765306122448983,0,Unsatisfied,Low Loyalty
1720,45,Male,Sweater,Clothing,39,Maryland,M,White,Winter,3.2,No,Free Shipping,No,8,Venmo,Quarterly,2,0.2375,0.14285714285714285,0.19017857142857142,Low Value,0.25,0.19642857142857142,0.19642857142857142,0,Unsatisfied,Low Loyalty
1721,25,Male,Shorts,Clothing,84,Massachusetts,S,Beige,Winter,2.8,No,Express,No,40,Debit Card,Fortnightly,4,0.8,0.7959183673469388,0.7979591836734694,High Value,0.75,0.7729591836734694,0.7729591836734694,0,Unsatisfied,High Loyalty
1722,34,Male,Jewelry,Accessories,28,Delaware,S,Magenta,Spring,4.3,No,Free Shipping,No,24,Credit Card,Monthly,3,0.1,0.46938775510204084,0.28469387755102044,Low Value,0.5,0.48469387755102045,0.48469387755102045,0,Satisfied,Mid Loyalty
1723,46,Male,T-shirt,Clothing,51,Massachusetts,L,Violet,Summer,3.3,No,Standard,No,14,Cash,Fortnightly,4,0.3875,0.2653061224489796,0.3264030612244898,Low Value,0.75,0.5076530612244898,0.5076530612244898,0,Unsatisfied,Mid Loyalty
1724,70,Male,Scarf,Accessories,20,New York,XL,Gold,Spring,3.3,No,Standard,No,39,PayPal,Annually,1,0.0,0.7755102040816326,0.3877551020408163,Mid Value,0.0,0.3877551020408163,0.3877551020408163,0,Unsatisfied,Mid Loyalty
1725,42,Male,Shoes,Footwear,72,Delaware,S,Teal,Winter,3.3,No,Free Shipping,No,21,PayPal,Weekly,5,0.65,0.40816326530612246,0.5290816326530612,Mid Value,1.0,0.7040816326530612,0.7040816326530612,0,Unsatisfied,High Loyalty
1726,45,Male,Sunglasses,Accessories,33,Massachusetts,M,Indigo,Spring,3.0,No,Next Day Air,No,32,Venmo,Quarterly,2,0.1625,0.6326530612244898,0.3975765306122449,Mid Value,0.25,0.4413265306122449,0.4413265306122449,0,Unsatisfied,Mid Loyalty
1727,57,Male,Coat,Outerwear,28,Indiana,S,Olive,Summer,2.8,No,Express,No,45,Debit Card,Weekly,5,0.1,0.8979591836734694,0.4989795918367347,Mid Value,1.0,0.9489795918367347,0.9489795918367347,0,Unsatisfied,High Loyalty
1728,49,Male,Blouse,Clothing,53,Virginia,S,Violet,Spring,4.0,No,Express,No,19,PayPal,Monthly,3,0.4125,0.3673469387755102,0.38992346938775513,Mid Value,0.5,0.4336734693877551,0.4336734693877551,0,Satisfied,Mid Loyalty
1729,23,Male,Jeans,Clothing,48,Wyoming,L,Black,Fall,4.3,No,Express,No,1,Debit Card,Quarterly,2,0.35,0.0,0.175,Low Value,0.25,0.125,0.125,0,Satisfied,Low Loyalty
1730,47,Male,Shorts,Clothing,21,Illinois,M,Brown,Winter,3.8,No,Store Pickup,No,12,Venmo,Fortnightly,4,0.0125,0.22448979591836735,0.11849489795918368,Low Value,0.75,0.4872448979591837,0.4872448979591837,0,Unsatisfied,Mid Loyalty
1731,23,Male,Shirt,Clothing,22,Alabama,S,Silver,Fall,4.2,No,Free Shipping,No,26,Credit Card,Weekly,5,0.025,0.5102040816326531,0.26760204081632655,Low Value,1.0,0.7551020408163265,0.7551020408163265,0,Satisfied,High Loyalty
1732,21,Male,Backpack,Accessories,87,Idaho,M,Gray,Fall,3.1,No,Next Day Air,No,12,Cash,Monthly,3,0.8375,0.22448979591836735,0.5309948979591836,Mid Value,0.5,0.3622448979591837,0.3622448979591837,0,Unsatisfied,Mid Loyalty
1733,45,Male,Belt,Accessories,50,Rhode Island,S,Charcoal,Winter,2.6,No,Free Shipping,No,36,Cash,Quarterly,2,0.375,0.7142857142857143,0.5446428571428572,Mid Value,0.25,0.48214285714285715,0.48214285714285715,0,Unsatisfied,Mid Loyalty
1734,67,Male,Blouse,Clothing,85,New York,L,Black,Summer,3.4,No,Express,No,22,Credit Card,Annually,1,0.8125,0.42857142857142855,0.6205357142857143,Mid Value,0.0,0.21428571428571427,0.21428571428571427,0,Unsatisfied,Low Loyalty
1735,31,Male,Jeans,Clothing,98,Missouri,L,Brown,Spring,3.1,No,Next Day Air,No,16,PayPal,Quarterly,2,0.975,0.30612244897959184,0.6405612244897959,Mid Value,0.25,0.2780612244897959,0.2780612244897959,0,Unsatisfied,Low Loyalty
1736,58,Male,Dress,Clothing,34,Texas,M,Purple,Winter,3.6,No,Express,No,31,Venmo,Annually,1,0.175,0.6122448979591837,0.39362244897959187,Mid Value,0.0,0.30612244897959184,0.30612244897959184,0,Unsatisfied,Low Loyalty
1737,57,Male,Shorts,Clothing,61,Tennessee,M,Purple,Summer,2.6,No,2-Day Shipping,No,43,Cash,Quarterly,2,0.5125,0.8571428571428571,0.6848214285714285,High Value,0.25,0.5535714285714286,0.5535714285714286,0,Unsatisfied,Mid Loyalty
1738,42,Male,Jewelry,Accessories,98,Ohio,L,Gray,Summer,4.2,No,Store Pickup,No,50,Venmo,Fortnightly,4,0.975,1.0,0.9875,High Value,0.75,0.875,0.875,0,Satisfied,High Loyalty
1739,60,Male,Handbag,Accessories,61,Tennessee,M,Green,Spring,2.9,No,2-Day Shipping,No,37,Credit Card,Weekly,5,0.5125,0.7346938775510204,0.6235969387755103,Mid Value,1.0,0.8673469387755102,0.8673469387755102,0,Unsatisfied,High Loyalty
1740,21,Male,Jewelry,Accessories,98,Minnesota,L,Silver,Winter,4.2,No,Express,No,23,Cash,Weekly,5,0.975,0.4489795918367347,0.7119897959183673,High Value,1.0,0.7244897959183674,0.7244897959183674,0,Satisfied,High Loyalty
1741,69,Male,Pants,Clothing,21,Wisconsin,L,Charcoal,Fall,3.3,No,Next Day Air,No,10,Bank Transfer,Quarterly,2,0.0125,0.1836734693877551,0.09808673469387756,Low Value,0.25,0.21683673469387754,0.21683673469387754,0,Unsatisfied,Low Loyalty
1742,41,Male,Pants,Clothing,51,Delaware,XL,Teal,Winter,3.6,No,Next Day Air,No,20,Bank Transfer,Monthly,3,0.3875,0.3877551020408163,0.38762755102040813,Mid Value,0.5,0.44387755102040816,0.44387755102040816,0,Unsatisfied,Mid Loyalty
1743,51,Male,Sandals,Footwear,80,Kansas,XL,White,Spring,4.3,No,Express,No,18,Venmo,Quarterly,2,0.75,0.3469387755102041,0.548469387755102,Mid Value,0.25,0.298469387755102,0.298469387755102,0,Satisfied,Low Loyalty
1744,23,Male,Skirt,Clothing,72,Missouri,XL,Brown,Winter,3.3,No,Standard,No,3,Bank Transfer,Weekly,5,0.65,0.04081632653061224,0.34540816326530616,Mid Value,1.0,0.5204081632653061,0.5204081632653061,0,Unsatisfied,Mid Loyalty
1745,57,Male,Sunglasses,Accessories,63,Michigan,L,Teal,Winter,3.0,No,Standard,No,23,PayPal,Weekly,5,0.5375,0.4489795918367347,0.4932397959183673,Mid Value,1.0,0.7244897959183674,0.7244897959183674,0,Unsatisfied,High Loyalty
1746,40,Male,Skirt,Clothing,27,West Virginia,L,Red,Winter,3.6,No,Store Pickup,No,27,Cash,Weekly,5,0.0875,0.5306122448979592,0.3090561224489796,Low Value,1.0,0.7653061224489797,0.7653061224489797,0,Unsatisfied,High Loyalty
1747,65,Male,Handbag,Accessories,44,Alabama,L,Brown,Summer,3.1,No,Store Pickup,No,44,Bank Transfer,Fortnightly,4,0.3,0.8775510204081632,0.5887755102040816,Mid Value,0.75,0.8137755102040816,0.8137755102040816,0,Unsatisfied,High Loyalty
1748,61,Male,Coat,Outerwear,23,New Hampshire,M,Yellow,Winter,2.9,No,Express,No,41,Venmo,Quarterly,2,0.0375,0.8163265306122449,0.42691326530612245,Mid Value,0.25,0.5331632653061225,0.5331632653061225,0,Unsatisfied,Mid Loyalty
1749,34,Male,Skirt,Clothing,93,Montana,L,Teal,Winter,3.9,No,2-Day Shipping,No,41,Bank Transfer,Annually,1,0.9125,0.8163265306122449,0.8644132653061225,High Value,0.0,0.40816326530612246,0.40816326530612246,0,Satisfied,Mid Loyalty
1750,43,Male,Hoodie,Clothing,70,Wyoming,L,Pink,Fall,3.2,No,2-Day Shipping,No,36,Debit Card,Quarterly,2,0.625,0.7142857142857143,0.6696428571428572,High Value,0.25,0.48214285714285715,0.48214285714285715,0,Unsatisfied,Mid Loyalty
1751,31,Male,Sunglasses,Accessories,85,Missouri,M,White,Fall,3.1,No,Express,No,38,Venmo,Quarterly,2,0.8125,0.7551020408163265,0.7838010204081632,High Value,0.25,0.5025510204081632,0.5025510204081632,0,Unsatisfied,Mid Loyalty
1752,57,Male,Sweater,Clothing,40,Ohio,M,Silver,Winter,3.2,No,2-Day Shipping,No,34,Cash,Annually,1,0.25,0.673469387755102,0.461734693877551,Mid Value,0.0,0.336734693877551,0.336734693877551,0,Unsatisfied,Mid Loyalty
1753,34,Male,Boots,Footwear,29,South Dakota,L,Blue,Winter,3.3,No,Store Pickup,No,14,Venmo,Quarterly,2,0.1125,0.2653061224489796,0.1889030612244898,Low Value,0.25,0.25765306122448983,0.25765306122448983,0,Unsatisfied,Low Loyalty
1754,25,Male,Skirt,Clothing,27,Colorado,L,Black,Fall,4.8,No,Next Day Air,No,23,Credit Card,Fortnightly,4,0.0875,0.4489795918367347,0.26823979591836733,Low Value,0.75,0.5994897959183674,0.5994897959183674,0,Satisfied,Mid Loyalty
1755,66,Male,Dress,Clothing,93,Massachusetts,S,Beige,Fall,3.8,No,2-Day Shipping,No,18,Credit Card,Fortnightly,4,0.9125,0.3469387755102041,0.6297193877551021,Mid Value,0.75,0.548469387755102,0.548469387755102,0,Unsatisfied,Mid Loyalty
1756,56,Male,Belt,Accessories,20,Delaware,XL,Charcoal,Spring,4.6,No,Next Day Air,No,45,Cash,Monthly,3,0.0,0.8979591836734694,0.4489795918367347,Mid Value,0.5,0.6989795918367347,0.6989795918367347,0,Satisfied,High Loyalty
1757,49,Male,Jewelry,Accessories,55,New Hampshire,S,Cyan,Fall,2.8,No,Free Shipping,No,14,Bank Transfer,Weekly,5,0.4375,0.2653061224489796,0.35140306122448983,Mid Value,1.0,0.6326530612244898,0.6326530612244898,0,Unsatisfied,Mid Loyalty
1758,19,Male,Dress,Clothing,94,Michigan,L,Yellow,Fall,3.6,No,Standard,No,48,Debit Card,Annually,1,0.925,0.9591836734693877,0.9420918367346939,High Value,0.0,0.47959183673469385,0.47959183673469385,0,Unsatisfied,Mid Loyalty
1759,27,Male,Hat,Accessories,56,Pennsylvania,M,Silver,Winter,4.3,No,Free Shipping,No,17,Venmo,Fortnightly,4,0.45,0.32653061224489793,0.38826530612244897,Mid Value,0.75,0.5382653061224489,0.5382653061224489,0,Satisfied,Mid Loyalty
1760,68,Male,Sweater,Clothing,58,Louisiana,L,Green,Spring,4.0,No,Next Day Air,No,1,PayPal,Weekly,5,0.475,0.0,0.2375,Low Value,1.0,0.5,0.5,0,Satisfied,Mid Loyalty
1761,20,Male,Skirt,Clothing,44,Minnesota,XL,Peach,Spring,3.5,No,Standard,No,39,PayPal,Weekly,5,0.3,0.7755102040816326,0.5377551020408163,Mid Value,1.0,0.8877551020408163,0.8877551020408163,0,Unsatisfied,High Loyalty
1762,21,Male,Hoodie,Clothing,95,Hawaii,S,Green,Fall,4.9,No,2-Day Shipping,No,24,Cash,Weekly,5,0.9375,0.46938775510204084,0.7034438775510204,High Value,1.0,0.7346938775510204,0.7346938775510204,0,Satisfied,High Loyalty
1763,36,Male,Sandals,Footwear,42,Idaho,M,Brown,Summer,3.1,No,Express,No,41,Bank Transfer,Fortnightly,4,0.275,0.8163265306122449,0.5456632653061224,Mid Value,0.75,0.7831632653061225,0.7831632653061225,0,Unsatisfied,High Loyalty
1764,37,Male,Jewelry,Accessories,93,Vermont,M,Lavender,Winter,3.9,No,Store Pickup,No,28,PayPal,Annually,1,0.9125,0.5510204081632653,0.7317602040816327,High Value,0.0,0.2755102040816326,0.2755102040816326,0,Satisfied,Low Loyalty
1765,61,Male,Dress,Clothing,56,Delaware,M,Charcoal,Summer,3.0,No,Store Pickup,No,34,Venmo,Quarterly,2,0.45,0.673469387755102,0.561734693877551,Mid Value,0.25,0.461734693877551,0.461734693877551,0,Unsatisfied,Mid Loyalty
1766,68,Male,Hoodie,Clothing,88,New Mexico,M,Orange,Spring,4.1,No,2-Day Shipping,No,41,Venmo,Quarterly,2,0.85,0.8163265306122449,0.8331632653061225,High Value,0.25,0.5331632653061225,0.5331632653061225,0,Satisfied,Mid Loyalty
1767,60,Male,Sweater,Clothing,54,Alaska,S,Cyan,Winter,4.3,No,2-Day Shipping,No,27,Cash,Fortnightly,4,0.425,0.5306122448979592,0.4778061224489796,Mid Value,0.75,0.6403061224489797,0.6403061224489797,0,Satisfied,Mid Loyalty
1768,69,Male,Jewelry,Accessories,89,Minnesota,L,Lavender,Fall,3.8,No,2-Day Shipping,No,46,Debit Card,Fortnightly,4,0.8625,0.9183673469387755,0.8904336734693878,High Value,0.75,0.8341836734693877,0.8341836734693877,0,Unsatisfied,High Loyalty
1769,25,Male,Sandals,Footwear,45,Nebraska,M,Indigo,Summer,3.9,No,2-Day Shipping,No,2,PayPal,Quarterly,2,0.3125,0.02040816326530612,0.16645408163265307,Low Value,0.25,0.13520408163265307,0.13520408163265307,0,Satisfied,Low Loyalty
1770,32,Male,Socks,Clothing,75,Alaska,L,Brown,Winter,4.3,No,Free Shipping,No,45,Cash,Monthly,3,0.6875,0.8979591836734694,0.7927295918367347,High Value,0.5,0.6989795918367347,0.6989795918367347,0,Satisfied,High Loyalty
1771,53,Male,Backpack,Accessories,22,Michigan,M,Pink,Fall,4.3,No,Express,No,34,Bank Transfer,Weekly,5,0.025,0.673469387755102,0.349234693877551,Mid Value,1.0,0.8367346938775511,0.8367346938775511,0,Satisfied,High Loyalty
1772,46,Male,Shirt,Clothing,82,Indiana,XL,Turquoise,Fall,4.7,No,Store Pickup,No,9,Credit Card,Annually,1,0.775,0.16326530612244897,0.4691326530612245,Mid Value,0.0,0.08163265306122448,0.08163265306122448,0,Satisfied,Low Loyalty
1773,58,Male,Shoes,Footwear,34,Hawaii,M,Gold,Summer,3.1,No,2-Day Shipping,No,1,Bank Transfer,Annually,1,0.175,0.0,0.0875,Low Value,0.0,0.0,0.0,0,Unsatisfied,Low Loyalty
1774,21,Male,Coat,Outerwear,92,West Virginia,M,Blue,Summer,2.7,No,Free Shipping,No,17,PayPal,Annually,1,0.9,0.32653061224489793,0.613265306122449,Mid Value,0.0,0.16326530612244897,0.16326530612244897,0,Unsatisfied,Low Loyalty
1775,46,Male,Sweater,Clothing,78,New York,M,Lavender,Spring,3.7,No,Express,No,6,PayPal,Weekly,5,0.725,0.10204081632653061,0.4135204081632653,Mid Value,1.0,0.5510204081632653,0.5510204081632653,0,Unsatisfied,Mid Loyalty
1776,18,Male,Jacket,Outerwear,47,Iowa,M,Violet,Spring,3.3,No,2-Day Shipping,No,12,Cash,Fortnightly,4,0.3375,0.22448979591836735,0.2809948979591837,Low Value,0.75,0.4872448979591837,0.4872448979591837,0,Unsatisfied,Mid Loyalty
1777,56,Male,Jacket,Outerwear,64,Arizona,L,Cyan,Summer,3.4,No,Free Shipping,No,10,Venmo,Quarterly,2,0.55,0.1836734693877551,0.36683673469387756,Mid Value,0.25,0.21683673469387754,0.21683673469387754,0,Unsatisfied,Low Loyalty
1778,18,Male,Sneakers,Footwear,44,Minnesota,L,Purple,Winter,4.7,No,Free Shipping,No,4,Cash,Fortnightly,4,0.3,0.061224489795918366,0.18061224489795918,Low Value,0.75,0.40561224489795916,0.40561224489795916,0,Satisfied,Mid Loyalty
1779,49,Male,Belt,Accessories,94,Texas,M,Red,Winter,4.9,No,Store Pickup,No,8,Debit Card,Fortnightly,4,0.925,0.14285714285714285,0.5339285714285714,Mid Value,0.75,0.4464285714285714,0.4464285714285714,0,Satisfied,Mid Loyalty
1780,29,Male,Scarf,Accessories,62,Virginia,M,Charcoal,Winter,4.3,No,Free Shipping,No,41,Venmo,Weekly,5,0.525,0.8163265306122449,0.6706632653061224,High Value,1.0,0.9081632653061225,0.9081632653061225,0,Satisfied,High Loyalty
1781,67,Male,Jewelry,Accessories,81,North Dakota,S,Gray,Summer,4.2,No,Next Day Air,No,49,Credit Card,Weekly,5,0.7625,0.9795918367346939,0.8710459183673469,High Value,1.0,0.9897959183673469,0.9897959183673469,0,Satisfied,High Loyalty
1782,31,Male,T-shirt,Clothing,33,Iowa,M,Pink,Fall,3.7,No,Express,No,49,Bank Transfer,Quarterly,2,0.1625,0.9795918367346939,0.571045918367347,Mid Value,0.25,0.6147959183673469,0.6147959183673469,0,Unsatisfied,Mid Loyalty
1783,52,Male,Pants,Clothing,88,Utah,M,Lavender,Fall,2.7,No,Next Day Air,No,40,Bank Transfer,Fortnightly,4,0.85,0.7959183673469388,0.8229591836734693,High Value,0.75,0.7729591836734694,0.7729591836734694,0,Unsatisfied,High Loyalty
1784,42,Male,Handbag,Accessories,49,Ohio,L,Lavender,Winter,3.3,No,Free Shipping,No,30,Credit Card,Monthly,3,0.3625,0.5918367346938775,0.4771683673469388,Mid Value,0.5,0.5459183673469388,0.5459183673469388,0,Unsatisfied,Mid Loyalty
1785,32,Male,Backpack,Accessories,31,Louisiana,L,Yellow,Summer,4.8,No,Standard,No,4,Debit Card,Quarterly,2,0.1375,0.061224489795918366,0.0993622448979592,Low Value,0.25,0.1556122448979592,0.1556122448979592,0,Satisfied,Low Loyalty
1786,47,Male,Gloves,Accessories,29,Iowa,S,Peach,Fall,4.1,No,Next Day Air,No,22,Venmo,Monthly,3,0.1125,0.42857142857142855,0.27053571428571427,Low Value,0.5,0.4642857142857143,0.4642857142857143,0,Satisfied,Mid Loyalty
1787,45,Male,Jacket,Outerwear,34,Maryland,M,Brown,Spring,4.6,No,2-Day Shipping,No,22,Venmo,Monthly,3,0.175,0.42857142857142855,0.30178571428571427,Low Value,0.5,0.4642857142857143,0.4642857142857143,0,Satisfied,Mid Loyalty
1788,20,Male,Sweater,Clothing,38,Montana,L,Gold,Fall,4.9,No,2-Day Shipping,No,10,Bank Transfer,Quarterly,2,0.225,0.1836734693877551,0.20433673469387756,Low Value,0.25,0.21683673469387754,0.21683673469387754,0,Satisfied,Low Loyalty
1789,66,Male,Blouse,Clothing,41,Illinois,L,Pink,Summer,3.1,No,Store Pickup,No,23,Cash,Fortnightly,4,0.2625,0.4489795918367347,0.35573979591836735,Mid Value,0.75,0.5994897959183674,0.5994897959183674,0,Unsatisfied,Mid Loyalty
1790,52,Male,Blouse,Clothing,34,Arizona,L,Peach,Spring,3.0,No,2-Day Shipping,No,43,Debit Card,Quarterly,2,0.175,0.8571428571428571,0.5160714285714285,Mid Value,0.25,0.5535714285714286,0.5535714285714286,0,Unsatisfied,Mid Loyalty
1791,50,Male,Gloves,Accessories,26,North Carolina,S,Violet,Summer,3.7,No,Store Pickup,No,31,PayPal,Fortnightly,4,0.075,0.6122448979591837,0.3436224489795918,Mid Value,0.75,0.6811224489795918,0.6811224489795918,0,Unsatisfied,High Loyalty
1792,62,Male,Jeans,Clothing,98,Montana,S,Purple,Winter,4.0,No,Store Pickup,No,38,Cash,Annually,1,0.975,0.7551020408163265,0.8650510204081632,High Value,0.0,0.37755102040816324,0.37755102040816324,0,Satisfied,Mid Loyalty
1793,38,Male,Sneakers,Footwear,59,Iowa,M,Peach,Fall,3.0,No,Express,No,22,Debit Card,Quarterly,2,0.4875,0.42857142857142855,0.45803571428571427,Mid Value,0.25,0.3392857142857143,0.3392857142857143,0,Unsatisfied,Mid Loyalty
1794,65,Male,Hat,Accessories,92,Iowa,S,White,Fall,3.8,No,Store Pickup,No,45,Cash,Quarterly,2,0.9,0.8979591836734694,0.8989795918367347,High Value,0.25,0.5739795918367347,0.5739795918367347,0,Unsatisfied,Mid Loyalty
1795,60,Male,Backpack,Accessories,40,Ohio,L,Indigo,Spring,3.7,No,Express,No,21,Debit Card,Fortnightly,4,0.25,0.40816326530612246,0.32908163265306123,Low Value,0.75,0.5790816326530612,0.5790816326530612,0,Unsatisfied,Mid Loyalty
1796,68,Male,Jeans,Clothing,20,Wisconsin,S,Violet,Fall,4.0,No,2-Day Shipping,No,9,Debit Card,Fortnightly,4,0.0,0.16326530612244897,0.08163265306122448,Low Value,0.75,0.45663265306122447,0.45663265306122447,0,Satisfied,Mid Loyalty
1797,62,Male,Skirt,Clothing,35,South Carolina,S,Brown,Spring,3.1,No,Store Pickup,No,34,Venmo,Weekly,5,0.1875,0.673469387755102,0.430484693877551,Mid Value,1.0,0.8367346938775511,0.8367346938775511,0,Unsatisfied,High Loyalty
1798,62,Male,Belt,Accessories,35,Oregon,L,Maroon,Spring,3.9,No,2-Day Shipping,No,26,Venmo,Weekly,5,0.1875,0.5102040816326531,0.34885204081632654,Mid Value,1.0,0.7551020408163265,0.7551020408163265,0,Satisfied,High Loyalty
1799,40,Male,Dress,Clothing,82,North Dakota,L,Magenta,Winter,3.7,No,Express,No,1,Cash,Weekly,5,0.775,0.0,0.3875,Mid Value,1.0,0.5,0.5,0,Unsatisfied,Mid Loyalty
1800,32,Male,Hoodie,Clothing,48,California,M,Charcoal,Fall,3.9,No,Express,No,47,Venmo,Weekly,5,0.35,0.9387755102040817,0.6443877551020408,Mid Value,1.0,0.9693877551020409,0.9693877551020409,0,Satisfied,High Loyalty
1801,22,Male,Coat,Outerwear,58,Mississippi,XL,Indigo,Winter,2.7,No,Express,No,30,Credit Card,Weekly,5,0.475,0.5918367346938775,0.5334183673469388,Mid Value,1.0,0.7959183673469388,0.7959183673469388,0,Unsatisfied,High Loyalty
1802,33,Male,Sweater,Clothing,57,New Jersey,M,Turquoise,Spring,3.9,No,Express,No,48,Debit Card,Fortnightly,4,0.4625,0.9591836734693877,0.7108418367346938,High Value,0.75,0.8545918367346939,0.8545918367346939,0,Satisfied,High Loyalty
1803,57,Male,Shorts,Clothing,96,Rhode Island,L,Turquoise,Winter,2.6,No,Store Pickup,No,31,Venmo,Fortnightly,4,0.95,0.6122448979591837,0.7811224489795918,High Value,0.75,0.6811224489795918,0.6811224489795918,0,Unsatisfied,High Loyalty
1804,60,Male,Sneakers,Footwear,97,New Hampshire,S,Gray,Summer,3.5,No,Free Shipping,No,33,Venmo,Fortnightly,4,0.9625,0.6530612244897959,0.8077806122448979,High Value,0.75,0.7015306122448979,0.7015306122448979,0,Unsatisfied,High Loyalty
1805,30,Male,Sweater,Clothing,42,Louisiana,L,Peach,Winter,4.4,No,Next Day Air,No,39,Credit Card,Weekly,5,0.275,0.7755102040816326,0.5252551020408163,Mid Value,1.0,0.8877551020408163,0.8877551020408163,0,Satisfied,High Loyalty
1806,41,Male,T-shirt,Clothing,62,Arizona,L,Gold,Spring,4.9,No,Store Pickup,No,46,Debit Card,Weekly,5,0.525,0.9183673469387755,0.7216836734693878,High Value,1.0,0.9591836734693877,0.9591836734693877,0,Satisfied,High Loyalty
1807,58,Male,Handbag,Accessories,67,Rhode Island,M,Green,Fall,3.9,No,Standard,No,24,Venmo,Annually,1,0.5875,0.46938775510204084,0.5284438775510204,Mid Value,0.0,0.23469387755102042,0.23469387755102042,0,Satisfied,Low Loyalty
1808,34,Male,Sneakers,Footwear,46,Vermont,L,Gold,Summer,3.5,No,Standard,No,37,Venmo,Fortnightly,4,0.325,0.7346938775510204,0.5298469387755103,Mid Value,0.75,0.7423469387755102,0.7423469387755102,0,Unsatisfied,High Loyalty
1809,67,Male,Jacket,Outerwear,71,Tennessee,M,Lavender,Spring,4.3,No,Next Day Air,No,7,Debit Card,Monthly,3,0.6375,0.12244897959183673,0.37997448979591836,Mid Value,0.5,0.3112244897959184,0.3112244897959184,0,Satisfied,Low Loyalty
1810,58,Male,Backpack,Accessories,99,Alaska,S,Blue,Fall,3.4,No,Free Shipping,No,6,Debit Card,Fortnightly,4,0.9875,0.10204081632653061,0.5447704081632654,Mid Value,0.75,0.4260204081632653,0.4260204081632653,0,Unsatisfied,Mid Loyalty
1811,41,Male,Jeans,Clothing,28,Maryland,M,Magenta,Fall,2.7,No,Standard,No,16,Cash,Fortnightly,4,0.1,0.30612244897959184,0.2030612244897959,Low Value,0.75,0.528061224489796,0.528061224489796,0,Unsatisfied,Mid Loyalty
1812,42,Male,Belt,Accessories,77,Wisconsin,L,Blue,Summer,3.6,No,Standard,No,33,Bank Transfer,Annually,1,0.7125,0.6530612244897959,0.6827806122448979,High Value,0.0,0.32653061224489793,0.32653061224489793,0,Unsatisfied,Low Loyalty
1813,50,Male,Boots,Footwear,63,Nevada,S,Blue,Summer,4.9,No,Express,No,18,PayPal,Fortnightly,4,0.5375,0.3469387755102041,0.44221938775510206,Mid Value,0.75,0.548469387755102,0.548469387755102,0,Satisfied,Mid Loyalty
1814,40,Male,Shorts,Clothing,62,Illinois,M,Olive,Spring,3.5,No,Free Shipping,No,24,PayPal,Weekly,5,0.525,0.46938775510204084,0.4971938775510204,Mid Value,1.0,0.7346938775510204,0.7346938775510204,0,Unsatisfied,High Loyalty
1815,32,Male,Jeans,Clothing,92,Montana,M,White,Summer,3.8,No,Free Shipping,No,24,Cash,Quarterly,2,0.9,0.46938775510204084,0.6846938775510204,High Value,0.25,0.35969387755102045,0.35969387755102045,0,Unsatisfied,Mid Loyalty
1816,51,Male,Shoes,Footwear,72,New Mexico,L,White,Winter,4.5,No,2-Day Shipping,No,48,Credit Card,Quarterly,2,0.65,0.9591836734693877,0.8045918367346938,High Value,0.25,0.6045918367346939,0.6045918367346939,0,Satisfied,Mid Loyalty
1817,26,Male,Hat,Accessories,79,Virginia,M,Purple,Summer,4.0,No,Express,No,4,Cash,Weekly,5,0.7375,0.061224489795918366,0.3993622448979592,Mid Value,1.0,0.5306122448979592,0.5306122448979592,0,Satisfied,Mid Loyalty
1818,32,Male,T-shirt,Clothing,27,Delaware,M,White,Summer,4.7,No,Free Shipping,No,20,Cash,Weekly,5,0.0875,0.3877551020408163,0.23762755102040817,Low Value,1.0,0.6938775510204082,0.6938775510204082,0,Satisfied,High Loyalty
1819,58,Male,Sunglasses,Accessories,39,North Carolina,M,White,Fall,3.8,No,Express,No,47,Debit Card,Quarterly,2,0.2375,0.9387755102040817,0.5881377551020408,Mid Value,0.25,0.5943877551020409,0.5943877551020409,0,Unsatisfied,Mid Loyalty
1820,51,Male,Socks,Clothing,86,Nevada,S,Peach,Spring,4.5,No,Next Day Air,No,50,Cash,Quarterly,2,0.825,1.0,0.9125,High Value,0.25,0.625,0.625,0,Satisfied,Mid Loyalty
1821,19,Male,Shirt,Clothing,94,Washington,XL,Gold,Fall,5.0,No,Express,No,31,PayPal,Monthly,3,0.925,0.6122448979591837,0.7686224489795919,High Value,0.5,0.5561224489795918,0.5561224489795918,0,Satisfied,Mid Loyalty
1822,57,Male,Shorts,Clothing,53,Maine,M,Teal,Spring,2.8,No,Express,No,29,PayPal,Quarterly,2,0.4125,0.5714285714285714,0.4919642857142857,Mid Value,0.25,0.4107142857142857,0.4107142857142857,0,Unsatisfied,Mid Loyalty
1823,66,Male,Shirt,Clothing,85,Connecticut,S,Cyan,Summer,4.4,No,Standard,No,4,Cash,Annually,1,0.8125,0.061224489795918366,0.43686224489795916,Mid Value,0.0,0.030612244897959183,0.030612244897959183,0,Satisfied,Low Loyalty
1824,62,Male,Socks,Clothing,50,Louisiana,L,Pink,Fall,4.7,No,Free Shipping,No,40,Bank Transfer,Fortnightly,4,0.375,0.7959183673469388,0.5854591836734694,Mid Value,0.75,0.7729591836734694,0.7729591836734694,0,Satisfied,High Loyalty
1825,58,Male,Pants,Clothing,47,Illinois,XL,Magenta,Winter,3.8,No,Express,No,31,Cash,Monthly,3,0.3375,0.6122448979591837,0.47487244897959185,Mid Value,0.5,0.5561224489795918,0.5561224489795918,0,Unsatisfied,Mid Loyalty
1826,23,Male,Boots,Footwear,75,South Dakota,M,Pink,Winter,4.9,No,Next Day Air,No,41,Credit Card,Weekly,5,0.6875,0.8163265306122449,0.7519132653061225,High Value,1.0,0.9081632653061225,0.9081632653061225,0,Satisfied,High Loyalty
1827,45,Male,T-shirt,Clothing,60,Indiana,M,Turquoise,Winter,4.2,No,Express,No,44,Debit Card,Annually,1,0.5,0.8775510204081632,0.6887755102040816,High Value,0.0,0.4387755102040816,0.4387755102040816,0,Satisfied,Mid Loyalty
1828,20,Male,T-shirt,Clothing,36,Vermont,S,Pink,Spring,4.9,No,2-Day Shipping,No,31,Bank Transfer,Weekly,5,0.2,0.6122448979591837,0.4061224489795918,Mid Value,1.0,0.8061224489795918,0.8061224489795918,0,Satisfied,High Loyalty
1829,33,Male,Coat,Outerwear,80,New Hampshire,L,Gray,Spring,3.9,No,Express,No,45,Cash,Quarterly,2,0.75,0.8979591836734694,0.8239795918367347,High Value,0.25,0.5739795918367347,0.5739795918367347,0,Satisfied,Mid Loyalty
1830,30,Male,Hat,Accessories,96,Oregon,M,White,Spring,4.9,No,2-Day Shipping,No,50,Credit Card,Quarterly,2,0.95,1.0,0.975,High Value,0.25,0.625,0.625,0,Satisfied,Mid Loyalty
1831,50,Male,Sunglasses,Accessories,80,Kansas,M,Blue,Winter,4.8,No,Express,No,7,Venmo,Annually,1,0.75,0.12244897959183673,0.4362244897959184,Mid Value,0.0,0.061224489795918366,0.061224489795918366,0,Satisfied,Low Loyalty
1832,62,Male,Blouse,Clothing,71,Maine,M,Cyan,Summer,3.3,No,Free Shipping,No,5,Bank Transfer,Quarterly,2,0.6375,0.08163265306122448,0.3595663265306122,Mid Value,0.25,0.16581632653061223,0.16581632653061223,0,Unsatisfied,Low Loyalty
1833,69,Male,Jewelry,Accessories,29,Louisiana,M,Blue,Fall,4.6,No,Free Shipping,No,48,Cash,Monthly,3,0.1125,0.9591836734693877,0.5358418367346939,Mid Value,0.5,0.7295918367346939,0.7295918367346939,0,Satisfied,High Loyalty
1834,34,Male,Jewelry,Accessories,53,Louisiana,M,Yellow,Spring,4.5,No,2-Day Shipping,No,19,PayPal,Fortnightly,4,0.4125,0.3673469387755102,0.38992346938775513,Mid Value,0.75,0.5586734693877551,0.5586734693877551,0,Satisfied,Mid Loyalty
1835,49,Male,Skirt,Clothing,35,Indiana,M,Charcoal,Summer,4.1,No,2-Day Shipping,No,39,Venmo,Fortnightly,4,0.1875,0.7755102040816326,0.4815051020408163,Mid Value,0.75,0.7627551020408163,0.7627551020408163,0,Satisfied,High Loyalty
1836,65,Male,Scarf,Accessories,75,Kentucky,M,Lavender,Fall,3.2,No,2-Day Shipping,No,45,Credit Card,Quarterly,2,0.6875,0.8979591836734694,0.7927295918367347,High Value,0.25,0.5739795918367347,0.5739795918367347,0,Unsatisfied,Mid Loyalty
1837,66,Male,Pants,Clothing,52,South Carolina,M,Teal,Fall,4.2,No,2-Day Shipping,No,35,Credit Card,Monthly,3,0.4,0.6938775510204082,0.5469387755102041,Mid Value,0.5,0.596938775510204,0.596938775510204,0,Satisfied,Mid Loyalty
1838,41,Male,Hat,Accessories,77,Montana,M,Beige,Winter,4.8,No,Free Shipping,No,8,Venmo,Monthly,3,0.7125,0.14285714285714285,0.42767857142857146,Mid Value,0.5,0.3214285714285714,0.3214285714285714,0,Satisfied,Low Loyalty
1839,37,Male,Gloves,Accessories,24,Vermont,L,Blue,Fall,4.1,No,Next Day Air,No,11,Credit Card,Quarterly,2,0.05,0.20408163265306123,0.1270408163265306,Low Value,0.25,0.22704081632653061,0.22704081632653061,0,Satisfied,Low Loyalty
1840,32,Male,Shirt,Clothing,78,Mississippi,XL,Purple,Winter,3.7,No,Store Pickup,No,32,Cash,Annually,1,0.725,0.6326530612244898,0.678826530612245,High Value,0.0,0.3163265306122449,0.3163265306122449,0,Unsatisfied,Low Loyalty
1841,42,Male,Sandals,Footwear,98,Wyoming,M,Gold,Winter,2.6,No,Store Pickup,No,46,Bank Transfer,Quarterly,2,0.975,0.9183673469387755,0.9466836734693878,High Value,0.25,0.5841836734693877,0.5841836734693877,0,Unsatisfied,Mid Loyalty
1842,31,Male,Socks,Clothing,57,Vermont,L,Blue,Winter,3.0,No,Standard,No,7,PayPal,Quarterly,2,0.4625,0.12244897959183673,0.2924744897959184,Low Value,0.25,0.18622448979591838,0.18622448979591838,0,Unsatisfied,Low Loyalty
1843,61,Male,Handbag,Accessories,78,Alabama,M,Black,Summer,4.4,No,Express,No,1,Debit Card,Annually,1,0.725,0.0,0.3625,Mid Value,0.0,0.0,0.0,0,Satisfied,Low Loyalty
1844,36,Male,Jacket,Outerwear,76,Kentucky,M,Charcoal,Fall,4.7,No,Next Day Air,No,32,Credit Card,Monthly,3,0.7,0.6326530612244898,0.6663265306122449,Mid Value,0.5,0.5663265306122449,0.5663265306122449,0,Satisfied,Mid Loyalty
1845,60,Male,Shorts,Clothing,26,South Dakota,M,Purple,Spring,2.7,No,2-Day Shipping,No,31,Credit Card,Annually,1,0.075,0.6122448979591837,0.3436224489795918,Mid Value,0.0,0.30612244897959184,0.30612244897959184,0,Unsatisfied,Low Loyalty
1846,51,Male,Sandals,Footwear,78,Delaware,M,Orange,Winter,2.8,No,2-Day Shipping,No,39,Bank Transfer,Quarterly,2,0.725,0.7755102040816326,0.7502551020408164,High Value,0.25,0.5127551020408163,0.5127551020408163,0,Unsatisfied,Mid Loyalty
1847,68,Male,Scarf,Accessories,53,Wisconsin,M,Yellow,Summer,2.9,No,Standard,No,9,Venmo,Quarterly,2,0.4125,0.16326530612244897,0.28788265306122446,Low Value,0.25,0.20663265306122447,0.20663265306122447,0,Unsatisfied,Low Loyalty
1848,46,Male,Sandals,Footwear,100,Arizona,XL,Cyan,Summer,4.4,No,Free Shipping,No,49,Credit Card,Weekly,5,1.0,0.9795918367346939,0.9897959183673469,High Value,1.0,0.9897959183673469,0.9897959183673469,0,Satisfied,High Loyalty
1849,19,Male,Jeans,Clothing,73,Maine,XL,Yellow,Winter,2.7,No,Express,No,34,Cash,Quarterly,2,0.6625,0.673469387755102,0.667984693877551,Mid Value,0.25,0.461734693877551,0.461734693877551,0,Unsatisfied,Mid Loyalty
1850,30,Male,Skirt,Clothing,40,New Mexico,M,Maroon,Winter,4.5,No,Store Pickup,No,35,Bank Transfer,Monthly,3,0.25,0.6938775510204082,0.4719387755102041,Mid Value,0.5,0.596938775510204,0.596938775510204,0,Satisfied,Mid Loyalty
1851,51,Male,Gloves,Accessories,76,Wyoming,S,Black,Winter,2.8,No,Store Pickup,No,50,Debit Card,Weekly,5,0.7,1.0,0.85,High Value,1.0,1.0,1.0,0,Unsatisfied,High Loyalty
1852,28,Male,Skirt,Clothing,80,Delaware,S,Lavender,Fall,3.1,No,Free Shipping,No,4,Bank Transfer,Fortnightly,4,0.75,0.061224489795918366,0.40561224489795916,Mid Value,0.75,0.40561224489795916,0.40561224489795916,0,Unsatisfied,Mid Loyalty
1853,41,Male,Sweater,Clothing,80,Pennsylvania,XL,Violet,Winter,3.8,No,Store Pickup,No,32,Cash,Weekly,5,0.75,0.6326530612244898,0.6913265306122449,High Value,1.0,0.8163265306122449,0.8163265306122449,0,Unsatisfied,High Loyalty
1854,29,Male,Blouse,Clothing,67,North Dakota,XL,Olive,Spring,2.9,No,Express,No,11,PayPal,Fortnightly,4,0.5875,0.20408163265306123,0.3957908163265306,Mid Value,0.75,0.4770408163265306,0.4770408163265306,0,Unsatisfied,Mid Loyalty
1855,25,Male,Sweater,Clothing,61,Kentucky,M,Teal,Spring,3.8,No,Express,No,49,Credit Card,Annually,1,0.5125,0.9795918367346939,0.7460459183673469,High Value,0.0,0.4897959183673469,0.4897959183673469,0,Unsatisfied,Mid Loyalty
1856,60,Male,Shirt,Clothing,76,Rhode Island,XL,Teal,Spring,4.7,No,Standard,No,9,Cash,Annually,1,0.7,0.16326530612244897,0.43163265306122445,Mid Value,0.0,0.08163265306122448,0.08163265306122448,0,Satisfied,Low Loyalty
1857,63,Male,Jewelry,Accessories,55,Arizona,XL,Beige,Summer,3.2,No,Free Shipping,No,30,PayPal,Fortnightly,4,0.4375,0.5918367346938775,0.5146683673469388,Mid Value,0.75,0.6709183673469388,0.6709183673469388,0,Unsatisfied,High Loyalty
1858,51,Male,T-shirt,Clothing,85,Colorado,L,Maroon,Summer,4.0,No,Next Day Air,No,33,Cash,Monthly,3,0.8125,0.6530612244897959,0.7327806122448979,High Value,0.5,0.5765306122448979,0.5765306122448979,0,Satisfied,Mid Loyalty
1859,22,Male,Scarf,Accessories,69,Maine,S,Peach,Spring,4.9,No,2-Day Shipping,No,8,Debit Card,Annually,1,0.6125,0.14285714285714285,0.3776785714285714,Mid Value,0.0,0.07142857142857142,0.07142857142857142,0,Satisfied,Low Loyalty
1860,54,Male,Belt,Accessories,26,New Jersey,L,Beige,Summer,3.7,No,Store Pickup,No,29,Debit Card,Fortnightly,4,0.075,0.5714285714285714,0.3232142857142857,Low Value,0.75,0.6607142857142857,0.6607142857142857,0,Unsatisfied,Mid Loyalty
1861,18,Male,T-shirt,Clothing,64,Kansas,M,Silver,Summer,4.8,No,Next Day Air,No,4,Credit Card,Monthly,3,0.55,0.061224489795918366,0.3056122448979592,Low Value,0.5,0.28061224489795916,0.28061224489795916,0,Satisfied,Low Loyalty
1862,29,Male,Sneakers,Footwear,60,South Dakota,S,Peach,Fall,3.6,No,Standard,No,19,Debit Card,Monthly,3,0.5,0.3673469387755102,0.4336734693877551,Mid Value,0.5,0.4336734693877551,0.4336734693877551,0,Unsatisfied,Mid Loyalty
1863,59,Male,Gloves,Accessories,36,New Hampshire,M,Turquoise,Winter,4.6,No,Express,No,10,PayPal,Fortnightly,4,0.2,0.1836734693877551,0.19183673469387758,Low Value,0.75,0.46683673469387754,0.46683673469387754,0,Satisfied,Mid Loyalty
1864,25,Male,Sandals,Footwear,21,Connecticut,L,Orange,Spring,4.3,No,2-Day Shipping,No,39,Debit Card,Monthly,3,0.0125,0.7755102040816326,0.3940051020408163,Mid Value,0.5,0.6377551020408163,0.6377551020408163,0,Satisfied,Mid Loyalty
1865,19,Male,Backpack,Accessories,72,Wyoming,S,Cyan,Fall,3.2,No,2-Day Shipping,No,21,Venmo,Quarterly,2,0.65,0.40816326530612246,0.5290816326530612,Mid Value,0.25,0.32908163265306123,0.32908163265306123,0,Unsatisfied,Low Loyalty
1866,56,Male,Pants,Clothing,62,Missouri,S,Silver,Summer,3.8,No,Store Pickup,No,12,Bank Transfer,Monthly,3,0.525,0.22448979591836735,0.3747448979591837,Mid Value,0.5,0.3622448979591837,0.3622448979591837,0,Unsatisfied,Mid Loyalty
1867,31,Male,T-shirt,Clothing,44,Alaska,XL,Gold,Winter,4.2,No,Standard,No,9,Credit Card,Fortnightly,4,0.3,0.16326530612244897,0.2316326530612245,Low Value,0.75,0.45663265306122447,0.45663265306122447,0,Satisfied,Mid Loyalty
1868,45,Male,Skirt,Clothing,52,Delaware,M,Brown,Fall,3.4,No,2-Day Shipping,No,20,Venmo,Quarterly,2,0.4,0.3877551020408163,0.39387755102040817,Mid Value,0.25,0.31887755102040816,0.31887755102040816,0,Unsatisfied,Low Loyalty
1869,23,Male,Gloves,Accessories,58,Indiana,M,Silver,Spring,4.7,No,Next Day Air,No,44,Cash,Fortnightly,4,0.475,0.8775510204081632,0.6762755102040816,High Value,0.75,0.8137755102040816,0.8137755102040816,0,Satisfied,High Loyalty
1870,18,Male,Blouse,Clothing,77,West Virginia,S,Beige,Spring,3.9,No,2-Day Shipping,No,16,Debit Card,Quarterly,2,0.7125,0.30612244897959184,0.5093112244897959,Mid Value,0.25,0.2780612244897959,0.2780612244897959,0,Satisfied,Low Loyalty
1871,43,Male,Blouse,Clothing,99,Wyoming,L,Violet,Spring,4.3,No,Store Pickup,No,27,Debit Card,Fortnightly,4,0.9875,0.5306122448979592,0.7590561224489796,High Value,0.75,0.6403061224489797,0.6403061224489797,0,Satisfied,Mid Loyalty
1872,56,Male,Jeans,Clothing,96,Illinois,XL,Violet,Fall,2.7,No,Standard,No,14,Cash,Quarterly,2,0.95,0.2653061224489796,0.6076530612244898,Mid Value,0.25,0.25765306122448983,0.25765306122448983,0,Unsatisfied,Low Loyalty
1873,43,Male,T-shirt,Clothing,64,Alaska,M,Lavender,Summer,4.6,No,Standard,No,24,Credit Card,Monthly,3,0.55,0.46938775510204084,0.5096938775510205,Mid Value,0.5,0.48469387755102045,0.48469387755102045,0,Satisfied,Mid Loyalty
1874,64,Male,Sweater,Clothing,44,Wisconsin,XL,Red,Fall,2.9,No,Express,No,49,Bank Transfer,Weekly,5,0.3,0.9795918367346939,0.639795918367347,Mid Value,1.0,0.9897959183673469,0.9897959183673469,0,Unsatisfied,High Loyalty
1875,67,Male,Pants,Clothing,33,Indiana,L,Purple,Fall,3.6,No,Free Shipping,No,14,Cash,Weekly,5,0.1625,0.2653061224489796,0.21390306122448982,Low Value,1.0,0.6326530612244898,0.6326530612244898,0,Unsatisfied,Mid Loyalty
1876,63,Male,Boots,Footwear,71,Tennessee,M,Brown,Winter,3.9,No,Next Day Air,No,6,Credit Card,Quarterly,2,0.6375,0.10204081632653061,0.3697704081632653,Mid Value,0.25,0.1760204081632653,0.1760204081632653,0,Satisfied,Low Loyalty
1877,54,Male,Skirt,Clothing,36,Illinois,M,Gray,Fall,2.6,No,Standard,No,20,Venmo,Quarterly,2,0.2,0.3877551020408163,0.29387755102040813,Low Value,0.25,0.31887755102040816,0.31887755102040816,0,Unsatisfied,Low Loyalty
1878,69,Male,Gloves,Accessories,62,Pennsylvania,L,Pink,Fall,3.6,No,Express,No,3,Credit Card,Annually,1,0.525,0.04081632653061224,0.28290816326530616,Low Value,0.0,0.02040816326530612,0.02040816326530612,0,Unsatisfied,Low Loyalty
1879,34,Male,Socks,Clothing,29,Oklahoma,L,Magenta,Summer,3.4,No,Store Pickup,No,5,Credit Card,Monthly,3,0.1125,0.08163265306122448,0.09706632653061224,Low Value,0.5,0.29081632653061223,0.29081632653061223,0,Unsatisfied,Low Loyalty
1880,56,Male,T-shirt,Clothing,33,Tennessee,L,Charcoal,Spring,3.5,No,Express,No,46,Cash,Fortnightly,4,0.1625,0.9183673469387755,0.5404336734693878,Mid Value,0.75,0.8341836734693877,0.8341836734693877,0,Unsatisfied,High Loyalty
1881,34,Male,Blouse,Clothing,33,New Jersey,L,Yellow,Fall,3.1,No,2-Day Shipping,No,8,Debit Card,Monthly,3,0.1625,0.14285714285714285,0.15267857142857144,Low Value,0.5,0.3214285714285714,0.3214285714285714,0,Unsatisfied,Low Loyalty
1882,58,Male,Blouse,Clothing,41,New Jersey,M,Red,Winter,4.3,No,Standard,No,13,Cash,Fortnightly,4,0.2625,0.24489795918367346,0.25369897959183674,Low Value,0.75,0.49744897959183676,0.49744897959183676,0,Satisfied,Mid Loyalty
1883,44,Male,Scarf,Accessories,54,Tennessee,L,Blue,Winter,5.0,No,Store Pickup,No,25,Bank Transfer,Quarterly,2,0.425,0.4897959183673469,0.45739795918367343,Mid Value,0.25,0.36989795918367346,0.36989795918367346,0,Satisfied,Mid Loyalty
1884,25,Male,Backpack,Accessories,58,Georgia,M,Cyan,Spring,4.9,No,Store Pickup,No,39,Debit Card,Fortnightly,4,0.475,0.7755102040816326,0.6252551020408164,Mid Value,0.75,0.7627551020408163,0.7627551020408163,0,Satisfied,High Loyalty
1885,27,Male,Shorts,Clothing,30,Arizona,S,Pink,Summer,4.3,No,Next Day Air,No,15,Bank Transfer,Fortnightly,4,0.125,0.2857142857142857,0.20535714285714285,Low Value,0.75,0.5178571428571428,0.5178571428571428,0,Satisfied,Mid Loyalty
1886,26,Male,Jewelry,Accessories,53,Nevada,S,Maroon,Winter,4.4,No,Standard,No,35,Cash,Monthly,3,0.4125,0.6938775510204082,0.5531887755102041,Mid Value,0.5,0.596938775510204,0.596938775510204,0,Satisfied,Mid Loyalty
1887,18,Male,Gloves,Accessories,91,Arkansas,L,Beige,Spring,4.4,No,Next Day Air,No,46,Cash,Fortnightly,4,0.8875,0.9183673469387755,0.9029336734693878,High Value,0.75,0.8341836734693877,0.8341836734693877,0,Satisfied,High Loyalty
1888,64,Male,Hoodie,Clothing,44,North Dakota,XL,Gold,Fall,3.5,No,Express,No,3,PayPal,Monthly,3,0.3,0.04081632653061224,0.1704081632653061,Low Value,0.5,0.27040816326530615,0.27040816326530615,0,Unsatisfied,Low Loyalty
1889,62,Male,Hoodie,Clothing,89,South Dakota,XL,Turquoise,Winter,3.4,No,Free Shipping,No,48,Credit Card,Weekly,5,0.8625,0.9591836734693877,0.9108418367346939,High Value,1.0,0.9795918367346939,0.9795918367346939,0,Unsatisfied,High Loyalty
1890,59,Male,Skirt,Clothing,57,North Carolina,L,Peach,Spring,2.5,No,Next Day Air,No,27,Bank Transfer,Weekly,5,0.4625,0.5306122448979592,0.4965561224489796,Mid Value,1.0,0.7653061224489797,0.7653061224489797,0,Unsatisfied,High Loyalty
1891,36,Male,Sunglasses,Accessories,57,Hawaii,M,Lavender,Spring,3.4,No,Store Pickup,No,5,Credit Card,Weekly,5,0.4625,0.08163265306122448,0.27206632653061225,Low Value,1.0,0.5408163265306123,0.5408163265306123,0,Unsatisfied,Mid Loyalty
1892,69,Male,Jewelry,Accessories,74,New Hampshire,M,Gray,Summer,2.6,No,Next Day Air,No,48,Debit Card,Quarterly,2,0.675,0.9591836734693877,0.8170918367346939,High Value,0.25,0.6045918367346939,0.6045918367346939,0,Unsatisfied,Mid Loyalty
1893,39,Male,Jacket,Outerwear,30,California,M,Blue,Fall,4.6,No,2-Day Shipping,No,12,Venmo,Weekly,5,0.125,0.22448979591836735,0.1747448979591837,Low Value,1.0,0.6122448979591837,0.6122448979591837,0,Satisfied,Mid Loyalty
1894,28,Male,Dress,Clothing,20,Delaware,L,Red,Summer,3.7,No,Express,No,10,PayPal,Fortnightly,4,0.0,0.1836734693877551,0.09183673469387756,Low Value,0.75,0.46683673469387754,0.46683673469387754,0,Unsatisfied,Mid Loyalty
1895,42,Male,Hoodie,Clothing,90,Arizona,M,Purple,Fall,2.5,No,Free Shipping,No,48,Debit Card,Fortnightly,4,0.875,0.9591836734693877,0.9170918367346939,High Value,0.75,0.8545918367346939,0.8545918367346939,0,Unsatisfied,High Loyalty
1896,31,Male,Jeans,Clothing,61,Washington,L,Indigo,Fall,4.5,No,Express,No,3,Debit Card,Monthly,3,0.5125,0.04081632653061224,0.2766581632653061,Low Value,0.5,0.27040816326530615,0.27040816326530615,0,Satisfied,Low Loyalty
1897,57,Male,Sandals,Footwear,51,Nevada,M,Gold,Fall,2.9,No,Standard,No,19,Venmo,Monthly,3,0.3875,0.3673469387755102,0.3774234693877551,Mid Value,0.5,0.4336734693877551,0.4336734693877551,0,Unsatisfied,Mid Loyalty
1898,53,Male,Sunglasses,Accessories,97,Alaska,L,Teal,Winter,2.9,No,Free Shipping,No,11,Debit Card,Fortnightly,4,0.9625,0.20408163265306123,0.5832908163265307,Mid Value,0.75,0.4770408163265306,0.4770408163265306,0,Unsatisfied,Mid Loyalty
1899,59,Male,Pants,Clothing,97,Texas,L,Magenta,Fall,3.5,No,Next Day Air,No,25,Venmo,Monthly,3,0.9625,0.4897959183673469,0.7261479591836735,High Value,0.5,0.49489795918367346,0.49489795918367346,0,Unsatisfied,Mid Loyalty
1900,32,Male,Shorts,Clothing,40,New York,L,Maroon,Winter,4.2,No,Store Pickup,No,42,PayPal,Weekly,5,0.25,0.8367346938775511,0.5433673469387755,Mid Value,1.0,0.9183673469387755,0.9183673469387755,0,Satisfied,High Loyalty
1901,65,Male,Jewelry,Accessories,85,Iowa,S,Blue,Summer,3.3,No,Free Shipping,No,34,Cash,Quarterly,2,0.8125,0.673469387755102,0.7429846938775511,High Value,0.25,0.461734693877551,0.461734693877551,0,Unsatisfied,Mid Loyalty
1902,56,Male,Socks,Clothing,76,Arizona,S,Beige,Winter,3.9,No,Store Pickup,No,50,Cash,Quarterly,2,0.7,1.0,0.85,High Value,0.25,0.625,0.625,0,Satisfied,Mid Loyalty
1903,31,Male,Sandals,Footwear,22,New Mexico,S,Olive,Spring,5.0,No,Store Pickup,No,21,Venmo,Monthly,3,0.025,0.40816326530612246,0.21658163265306124,Low Value,0.5,0.45408163265306123,0.45408163265306123,0,Satisfied,Mid Loyalty
1904,59,Male,Pants,Clothing,63,North Carolina,M,Gold,Summer,3.3,No,Standard,No,37,Bank Transfer,Weekly,5,0.5375,0.7346938775510204,0.6360969387755102,Mid Value,1.0,0.8673469387755102,0.8673469387755102,0,Unsatisfied,High Loyalty
1905,22,Male,T-shirt,Clothing,71,Nevada,S,Silver,Spring,4.2,No,Free Shipping,No,46,Cash,Monthly,3,0.6375,0.9183673469387755,0.7779336734693878,High Value,0.5,0.7091836734693877,0.7091836734693877,0,Satisfied,High Loyalty
1906,47,Male,Boots,Footwear,35,Idaho,M,Teal,Summer,4.9,No,2-Day Shipping,No,14,Bank Transfer,Fortnightly,4,0.1875,0.2653061224489796,0.2264030612244898,Low Value,0.75,0.5076530612244898,0.5076530612244898,0,Satisfied,Mid Loyalty
1907,23,Male,Backpack,Accessories,30,Vermont,M,Green,Spring,4.6,No,2-Day Shipping,No,24,PayPal,Fortnightly,4,0.125,0.46938775510204084,0.29719387755102045,Low Value,0.75,0.6096938775510204,0.6096938775510204,0,Satisfied,Mid Loyalty
1908,69,Male,Skirt,Clothing,74,New Mexico,L,Orange,Fall,4.8,No,Store Pickup,No,36,Credit Card,Quarterly,2,0.675,0.7142857142857143,0.6946428571428571,High Value,0.25,0.48214285714285715,0.48214285714285715,0,Satisfied,Mid Loyalty
1909,18,Male,Scarf,Accessories,71,Georgia,XL,Charcoal,Winter,2.7,No,Next Day Air,No,19,Debit Card,Fortnightly,4,0.6375,0.3673469387755102,0.5024234693877551,Mid Value,0.75,0.5586734693877551,0.5586734693877551,0,Unsatisfied,Mid Loyalty
1910,50,Male,Sweater,Clothing,84,Kentucky,S,Black,Spring,4.3,No,Store Pickup,No,12,Credit Card,Monthly,3,0.8,0.22448979591836735,0.5122448979591837,Mid Value,0.5,0.3622448979591837,0.3622448979591837,0,Satisfied,Mid Loyalty
1911,29,Male,Sandals,Footwear,38,New York,S,Yellow,Fall,3.8,No,Express,No,13,Debit Card,Quarterly,2,0.225,0.24489795918367346,0.23494897959183675,Low Value,0.25,0.24744897959183673,0.24744897959183673,0,Unsatisfied,Low Loyalty
1912,65,Male,Jewelry,Accessories,81,Arizona,M,Gray,Spring,4.9,No,Express,No,32,Debit Card,Fortnightly,4,0.7625,0.6326530612244898,0.6975765306122449,High Value,0.75,0.6913265306122449,0.6913265306122449,0,Satisfied,High Loyalty
1913,29,Male,Sweater,Clothing,56,Colorado,S,Charcoal,Winter,3.4,No,2-Day Shipping,No,5,Credit Card,Fortnightly,4,0.45,0.08163265306122448,0.26581632653061227,Low Value,0.75,0.41581632653061223,0.41581632653061223,0,Unsatisfied,Mid Loyalty
1914,49,Male,Skirt,Clothing,48,Kentucky,M,Peach,Winter,3.6,No,Express,No,29,Cash,Annually,1,0.35,0.5714285714285714,0.4607142857142857,Mid Value,0.0,0.2857142857142857,0.2857142857142857,0,Unsatisfied,Low Loyalty
1915,28,Male,Shorts,Clothing,97,Alaska,L,Green,Fall,3.4,No,Standard,No,40,Credit Card,Fortnightly,4,0.9625,0.7959183673469388,0.8792091836734695,High Value,0.75,0.7729591836734694,0.7729591836734694,0,Unsatisfied,High Loyalty
1916,51,Male,Backpack,Accessories,74,Alabama,M,Magenta,Fall,4.7,No,2-Day Shipping,No,44,Cash,Weekly,5,0.675,0.8775510204081632,0.7762755102040817,High Value,1.0,0.9387755102040816,0.9387755102040816,0,Satisfied,High Loyalty
1917,26,Male,Hoodie,Clothing,50,Connecticut,S,Beige,Winter,3.0,No,Next Day Air,No,3,Debit Card,Fortnightly,4,0.375,0.04081632653061224,0.20790816326530612,Low Value,0.75,0.39540816326530615,0.39540816326530615,0,Unsatisfied,Mid Loyalty
1918,38,Male,Skirt,Clothing,71,Hawaii,L,Black,Winter,3.4,No,Free Shipping,No,35,PayPal,Fortnightly,4,0.6375,0.6938775510204082,0.6656887755102041,Mid Value,0.75,0.721938775510204,0.721938775510204,0,Unsatisfied,High Loyalty
1919,35,Male,Skirt,Clothing,33,Idaho,S,Purple,Summer,4.6,No,Standard,No,33,Debit Card,Monthly,3,0.1625,0.6530612244897959,0.4077806122448979,Mid Value,0.5,0.5765306122448979,0.5765306122448979,0,Satisfied,Mid Loyalty
1920,34,Male,Backpack,Accessories,56,Virginia,M,Olive,Summer,3.1,No,Express,No,20,PayPal,Fortnightly,4,0.45,0.3877551020408163,0.41887755102040813,Mid Value,0.75,0.5688775510204082,0.5688775510204082,0,Unsatisfied,Mid Loyalty
1921,51,Male,Blouse,Clothing,84,Connecticut,M,Purple,Spring,2.8,No,Standard,No,40,Cash,Quarterly,2,0.8,0.7959183673469388,0.7979591836734694,High Value,0.25,0.5229591836734694,0.5229591836734694,0,Unsatisfied,Mid Loyalty
1922,47,Male,Shirt,Clothing,36,Michigan,M,Green,Fall,3.5,No,Store Pickup,No,13,Venmo,Annually,1,0.2,0.24489795918367346,0.22244897959183674,Low Value,0.0,0.12244897959183673,0.12244897959183673,0,Unsatisfied,Low Loyalty
1923,18,Male,Gloves,Accessories,63,Kentucky,S,Peach,Summer,4.6,No,Standard,No,9,PayPal,Monthly,3,0.5375,0.16326530612244897,0.35038265306122446,Mid Value,0.5,0.33163265306122447,0.33163265306122447,0,Satisfied,Low Loyalty
1924,64,Male,Sandals,Footwear,36,Nebraska,XL,Blue,Summer,4.3,No,Standard,No,7,Cash,Annually,1,0.2,0.12244897959183673,0.16122448979591836,Low Value,0.0,0.061224489795918366,0.061224489795918366,0,Satisfied,Low Loyalty
1925,30,Male,Jacket,Outerwear,63,Michigan,M,Gray,Fall,4.8,No,Free Shipping,No,42,PayPal,Quarterly,2,0.5375,0.8367346938775511,0.6871173469387755,High Value,0.25,0.5433673469387755,0.5433673469387755,0,Satisfied,Mid Loyalty
1926,59,Male,Sneakers,Footwear,32,Utah,L,Black,Winter,2.9,No,Express,No,44,Credit Card,Fortnightly,4,0.15,0.8775510204081632,0.5137755102040816,Mid Value,0.75,0.8137755102040816,0.8137755102040816,0,Unsatisfied,High Loyalty
1927,66,Male,Backpack,Accessories,93,New Mexico,M,Silver,Spring,3.0,No,Express,No,6,PayPal,Annually,1,0.9125,0.10204081632653061,0.5072704081632653,Mid Value,0.0,0.05102040816326531,0.05102040816326531,0,Unsatisfied,Low Loyalty
1928,40,Male,Pants,Clothing,29,Florida,M,Pink,Summer,2.9,No,Standard,No,8,Cash,Quarterly,2,0.1125,0.14285714285714285,0.12767857142857142,Low Value,0.25,0.19642857142857142,0.19642857142857142,0,Unsatisfied,Low Loyalty
1929,25,Male,Sunglasses,Accessories,92,Mississippi,S,Lavender,Summer,3.7,No,Standard,No,10,PayPal,Weekly,5,0.9,0.1836734693877551,0.5418367346938776,Mid Value,1.0,0.5918367346938775,0.5918367346938775,0,Unsatisfied,Mid Loyalty
1930,59,Male,Jeans,Clothing,33,Hawaii,L,Brown,Fall,4.7,No,Standard,No,46,Venmo,Quarterly,2,0.1625,0.9183673469387755,0.5404336734693878,Mid Value,0.25,0.5841836734693877,0.5841836734693877,0,Satisfied,Mid Loyalty
1931,66,Male,Pants,Clothing,52,North Carolina,L,Turquoise,Spring,3.5,No,Store Pickup,No,26,Cash,Weekly,5,0.4,0.5102040816326531,0.45510204081632655,Mid Value,1.0,0.7551020408163265,0.7551020408163265,0,Unsatisfied,High Loyalty
1932,54,Male,Jewelry,Accessories,42,Illinois,S,Olive,Spring,2.7,No,Store Pickup,No,6,Debit Card,Quarterly,2,0.275,0.10204081632653061,0.18852040816326532,Low Value,0.25,0.1760204081632653,0.1760204081632653,0,Unsatisfied,Low Loyalty
1933,42,Male,Hoodie,Clothing,36,Maryland,M,White,Spring,5.0,No,Free Shipping,No,47,Credit Card,Quarterly,2,0.2,0.9387755102040817,0.5693877551020409,Mid Value,0.25,0.5943877551020409,0.5943877551020409,0,Satisfied,Mid Loyalty
1934,48,Male,Sandals,Footwear,67,Montana,L,Violet,Summer,4.1,No,Next Day Air,No,28,Venmo,Annually,1,0.5875,0.5510204081632653,0.5692602040816326,Mid Value,0.0,0.2755102040816326,0.2755102040816326,0,Satisfied,Low Loyalty
1935,34,Male,Jacket,Outerwear,43,Michigan,L,Gold,Winter,2.7,No,Free Shipping,No,23,Bank Transfer,Annually,1,0.2875,0.4489795918367347,0.3682397959183673,Mid Value,0.0,0.22448979591836735,0.22448979591836735,0,Unsatisfied,Low Loyalty
1936,19,Male,Blouse,Clothing,68,North Carolina,XL,Violet,Spring,4.8,No,Free Shipping,No,45,Cash,Fortnightly,4,0.6,0.8979591836734694,0.7489795918367347,High Value,0.75,0.8239795918367347,0.8239795918367347,0,Satisfied,High Loyalty
1937,70,Male,Jewelry,Accessories,60,Minnesota,S,Teal,Summer,4.3,No,2-Day Shipping,No,44,PayPal,Quarterly,2,0.5,0.8775510204081632,0.6887755102040816,High Value,0.25,0.5637755102040816,0.5637755102040816,0,Satisfied,Mid Loyalty
1938,43,Male,Socks,Clothing,53,Delaware,M,Olive,Summer,4.5,No,2-Day Shipping,No,11,Bank Transfer,Monthly,3,0.4125,0.20408163265306123,0.3082908163265306,Low Value,0.5,0.3520408163265306,0.3520408163265306,0,Satisfied,Mid Loyalty
1939,46,Male,Jeans,Clothing,23,Kentucky,L,Blue,Spring,3.8,No,Standard,No,39,Debit Card,Fortnightly,4,0.0375,0.7755102040816326,0.4065051020408163,Mid Value,0.75,0.7627551020408163,0.7627551020408163,0,Unsatisfied,High Loyalty
1940,66,Male,Gloves,Accessories,57,Ohio,L,Magenta,Winter,3.7,No,Store Pickup,No,20,PayPal,Quarterly,2,0.4625,0.3877551020408163,0.42512755102040817,Mid Value,0.25,0.31887755102040816,0.31887755102040816,0,Unsatisfied,Low Loyalty
1941,50,Male,Hat,Accessories,89,Alaska,L,Gray,Fall,3.9,No,2-Day Shipping,No,48,PayPal,Fortnightly,4,0.8625,0.9591836734693877,0.9108418367346939,High Value,0.75,0.8545918367346939,0.8545918367346939,0,Satisfied,High Loyalty
1942,55,Male,Shoes,Footwear,99,Vermont,XL,Peach,Winter,3.3,No,Standard,No,46,Credit Card,Quarterly,2,0.9875,0.9183673469387755,0.9529336734693878,High Value,0.25,0.5841836734693877,0.5841836734693877,0,Unsatisfied,Mid Loyalty
1943,63,Male,Pants,Clothing,28,Alabama,M,Cyan,Fall,3.4,No,Express,No,22,PayPal,Monthly,3,0.1,0.42857142857142855,0.2642857142857143,Low Value,0.5,0.4642857142857143,0.4642857142857143,0,Unsatisfied,Mid Loyalty
1944,32,Male,Socks,Clothing,53,Wisconsin,L,Violet,Summer,3.8,No,Next Day Air,No,45,Cash,Annually,1,0.4125,0.8979591836734694,0.6552295918367347,Mid Value,0.0,0.4489795918367347,0.4489795918367347,0,Unsatisfied,Mid Loyalty
1945,30,Male,Hoodie,Clothing,45,Arkansas,M,Gold,Winter,2.7,No,Free Shipping,No,49,Cash,Quarterly,2,0.3125,0.9795918367346939,0.6460459183673469,Mid Value,0.25,0.6147959183673469,0.6147959183673469,0,Unsatisfied,Mid Loyalty
1946,35,Male,Hoodie,Clothing,38,Georgia,M,Gold,Winter,2.9,No,2-Day Shipping,No,9,Credit Card,Quarterly,2,0.225,0.16326530612244897,0.19413265306122449,Low Value,0.25,0.20663265306122447,0.20663265306122447,0,Unsatisfied,Low Loyalty
1947,59,Male,Pants,Clothing,49,Louisiana,M,White,Summer,4.5,No,Standard,No,41,Credit Card,Quarterly,2,0.3625,0.8163265306122449,0.5894132653061225,Mid Value,0.25,0.5331632653061225,0.5331632653061225,0,Satisfied,Mid Loyalty
1948,59,Male,Shirt,Clothing,32,New York,M,Gray,Summer,2.6,No,Store Pickup,No,2,PayPal,Monthly,3,0.15,0.02040816326530612,0.08520408163265306,Low Value,0.5,0.2602040816326531,0.2602040816326531,0,Unsatisfied,Low Loyalty
1949,54,Male,T-shirt,Clothing,37,Connecticut,L,Brown,Winter,3.1,No,Next Day Air,No,39,PayPal,Fortnightly,4,0.2125,0.7755102040816326,0.4940051020408163,Mid Value,0.75,0.7627551020408163,0.7627551020408163,0,Unsatisfied,High Loyalty
1950,63,Male,Dress,Clothing,80,Nebraska,L,Gray,Winter,4.7,No,Store Pickup,No,12,PayPal,Quarterly,2,0.75,0.22448979591836735,0.4872448979591837,Mid Value,0.25,0.2372448979591837,0.2372448979591837,0,Satisfied,Low Loyalty
1951,43,Male,Backpack,Accessories,78,Arkansas,L,Blue,Summer,4.6,No,Free Shipping,No,26,PayPal,Quarterly,2,0.725,0.5102040816326531,0.6176020408163265,Mid Value,0.25,0.38010204081632654,0.38010204081632654,0,Satisfied,Mid Loyalty
1952,33,Male,Gloves,Accessories,53,Connecticut,L,Gold,Summer,2.7,No,Next Day Air,No,32,Bank Transfer,Fortnightly,4,0.4125,0.6326530612244898,0.522576530612245,Mid Value,0.75,0.6913265306122449,0.6913265306122449,0,Unsatisfied,High Loyalty
1953,57,Male,Shoes,Footwear,82,Maryland,L,Yellow,Summer,4.6,No,2-Day Shipping,No,50,Cash,Fortnightly,4,0.775,1.0,0.8875,High Value,0.75,0.875,0.875,0,Satisfied,High Loyalty
1954,25,Male,Skirt,Clothing,33,Colorado,XL,Green,Spring,4.8,No,Standard,No,3,PayPal,Fortnightly,4,0.1625,0.04081632653061224,0.10165816326530612,Low Value,0.75,0.39540816326530615,0.39540816326530615,0,Satisfied,Mid Loyalty
1955,26,Male,Gloves,Accessories,77,Colorado,M,Pink,Winter,4.2,No,Free Shipping,No,3,Venmo,Quarterly,2,0.7125,0.04081632653061224,0.37665816326530616,Mid Value,0.25,0.14540816326530612,0.14540816326530612,0,Satisfied,Low Loyalty
1956,50,Male,Hoodie,Clothing,56,Maine,M,Pink,Winter,4.9,No,Express,No,37,Cash,Monthly,3,0.45,0.7346938775510204,0.5923469387755103,Mid Value,0.5,0.6173469387755102,0.6173469387755102,0,Satisfied,Mid Loyalty
1957,70,Male,Socks,Clothing,37,Oklahoma,M,Pink,Winter,4.9,No,Express,No,20,Credit Card,Fortnightly,4,0.2125,0.3877551020408163,0.30012755102040817,Low Value,0.75,0.5688775510204082,0.5688775510204082,0,Satisfied,Mid Loyalty
1958,68,Male,Gloves,Accessories,54,South Carolina,M,Cyan,Spring,4.5,No,Store Pickup,No,26,Cash,Fortnightly,4,0.425,0.5102040816326531,0.4676020408163265,Mid Value,0.75,0.6301020408163265,0.6301020408163265,0,Satisfied,Mid Loyalty
1959,39,Male,Shorts,Clothing,67,Nevada,M,Gray,Winter,2.7,No,Store Pickup,No,47,Cash,Quarterly,2,0.5875,0.9387755102040817,0.7631377551020408,High Value,0.25,0.5943877551020409,0.5943877551020409,0,Unsatisfied,Mid Loyalty
1960,46,Male,Shoes,Footwear,90,Colorado,M,White,Fall,3.1,No,Store Pickup,No,7,Credit Card,Quarterly,2,0.875,0.12244897959183673,0.4987244897959184,Mid Value,0.25,0.18622448979591838,0.18622448979591838,0,Unsatisfied,Low Loyalty
1961,57,Male,Jeans,Clothing,72,Massachusetts,L,Red,Summer,3.3,No,2-Day Shipping,No,40,Credit Card,Annually,1,0.65,0.7959183673469388,0.7229591836734695,High Value,0.0,0.3979591836734694,0.3979591836734694,0,Unsatisfied,Mid Loyalty
1962,47,Male,Boots,Footwear,59,Nevada,L,Black,Summer,2.6,No,Free Shipping,No,45,Debit Card,Quarterly,2,0.4875,0.8979591836734694,0.6927295918367347,High Value,0.25,0.5739795918367347,0.5739795918367347,0,Unsatisfied,Mid Loyalty
1963,40,Male,Hat,Accessories,45,Iowa,M,Silver,Fall,4.4,No,Standard,No,20,PayPal,Fortnightly,4,0.3125,0.3877551020408163,0.35012755102040816,Mid Value,0.75,0.5688775510204082,0.5688775510204082,0,Satisfied,Mid Loyalty
1964,52,Male,Shorts,Clothing,30,Michigan,L,Pink,Spring,3.9,No,Standard,No,11,Credit Card,Weekly,5,0.125,0.20408163265306123,0.16454081632653061,Low Value,1.0,0.6020408163265306,0.6020408163265306,0,Satisfied,Mid Loyalty
1965,40,Male,Pants,Clothing,51,West Virginia,S,Cyan,Summer,4.6,No,Express,No,50,Debit Card,Monthly,3,0.3875,1.0,0.69375,High Value,0.5,0.75,0.75,0,Satisfied,High Loyalty
1966,67,Male,Sweater,Clothing,90,Indiana,M,White,Fall,4.9,No,Express,No,25,Debit Card,Quarterly,2,0.875,0.4897959183673469,0.6823979591836735,High Value,0.25,0.36989795918367346,0.36989795918367346,0,Satisfied,Mid Loyalty
1967,67,Male,Jacket,Outerwear,95,Indiana,XL,Purple,Winter,3.7,No,Express,No,5,Credit Card,Fortnightly,4,0.9375,0.08163265306122448,0.5095663265306123,Mid Value,0.75,0.41581632653061223,0.41581632653061223,0,Unsatisfied,Mid Loyalty
1968,37,Male,Dress,Clothing,81,Georgia,L,Yellow,Fall,3.7,No,Standard,No,4,Venmo,Annually,1,0.7625,0.061224489795918366,0.41186224489795914,Mid Value,0.0,0.030612244897959183,0.030612244897959183,0,Unsatisfied,Low Loyalty
1969,67,Male,Shirt,Clothing,70,Minnesota,S,Blue,Spring,4.2,No,Standard,No,25,Credit Card,Weekly,5,0.625,0.4897959183673469,0.5573979591836735,Mid Value,1.0,0.7448979591836735,0.7448979591836735,0,Satisfied,High Loyalty
1970,64,Male,Dress,Clothing,32,Louisiana,S,Cyan,Winter,3.5,No,Next Day Air,No,11,Bank Transfer,Fortnightly,4,0.15,0.20408163265306123,0.17704081632653063,Low Value,0.75,0.4770408163265306,0.4770408163265306,0,Unsatisfied,Mid Loyalty
1971,28,Male,Belt,Accessories,94,Maryland,M,Indigo,Spring,2.9,No,Next Day Air,No,4,Credit Card,Fortnightly,4,0.925,0.061224489795918366,0.4931122448979592,Mid Value,0.75,0.40561224489795916,0.40561224489795916,0,Unsatisfied,Mid Loyalty
1972,54,Male,Hat,Accessories,29,Pennsylvania,XL,Indigo,Spring,3.4,No,Next Day Air,No,1,Venmo,Monthly,3,0.1125,0.0,0.05625,Low Value,0.5,0.25,0.25,0,Unsatisfied,Low Loyalty
1973,54,Male,Backpack,Accessories,31,Louisiana,M,Silver,Summer,3.3,No,Express,No,48,PayPal,Quarterly,2,0.1375,0.9591836734693877,0.5483418367346938,Mid Value,0.25,0.6045918367346939,0.6045918367346939,0,Unsatisfied,Mid Loyalty
1974,24,Male,Skirt,Clothing,20,Maryland,XL,Red,Fall,4.5,No,Standard,No,9,Venmo,Quarterly,2,0.0,0.16326530612244897,0.08163265306122448,Low Value,0.25,0.20663265306122447,0.20663265306122447,0,Satisfied,Low Loyalty
1975,27,Male,Gloves,Accessories,44,Tennessee,M,Peach,Winter,4.6,No,2-Day Shipping,No,2,PayPal,Fortnightly,4,0.3,0.02040816326530612,0.16020408163265307,Low Value,0.75,0.3852040816326531,0.3852040816326531,0,Satisfied,Mid Loyalty
1976,53,Male,Jacket,Outerwear,77,Illinois,L,Turquoise,Fall,2.9,No,Express,No,4,Cash,Quarterly,2,0.7125,0.061224489795918366,0.3868622448979592,Mid Value,0.25,0.1556122448979592,0.1556122448979592,0,Unsatisfied,Low Loyalty
1977,32,Male,Handbag,Accessories,51,Wyoming,M,Pink,Spring,3.2,No,Next Day Air,No,43,PayPal,Fortnightly,4,0.3875,0.8571428571428571,0.6223214285714286,Mid Value,0.75,0.8035714285714286,0.8035714285714286,0,Unsatisfied,High Loyalty
1978,24,Male,Sandals,Footwear,49,Florida,M,Teal,Summer,2.6,No,Free Shipping,No,32,Bank Transfer,Annually,1,0.3625,0.6326530612244898,0.49757653061224494,Mid Value,0.0,0.3163265306122449,0.3163265306122449,0,Unsatisfied,Low Loyalty
1979,45,Male,Sunglasses,Accessories,78,Massachusetts,L,Magenta,Spring,3.8,No,Store Pickup,No,1,Cash,Quarterly,2,0.725,0.0,0.3625,Mid Value,0.25,0.125,0.125,0,Unsatisfied,Low Loyalty
1980,49,Male,Jeans,Clothing,98,Tennessee,L,Blue,Spring,2.8,No,Store Pickup,No,38,Debit Card,Fortnightly,4,0.975,0.7551020408163265,0.8650510204081632,High Value,0.75,0.7525510204081632,0.7525510204081632,0,Unsatisfied,High Loyalty
1981,51,Male,Sandals,Footwear,94,Iowa,M,Green,Winter,4.4,No,Store Pickup,No,25,PayPal,Fortnightly,4,0.925,0.4897959183673469,0.7073979591836734,High Value,0.75,0.6198979591836735,0.6198979591836735,0,Satisfied,Mid Loyalty
1982,69,Male,Shoes,Footwear,91,Michigan,L,Violet,Summer,4.7,No,Express,No,42,PayPal,Quarterly,2,0.8875,0.8367346938775511,0.8621173469387755,High Value,0.25,0.5433673469387755,0.5433673469387755,0,Satisfied,Mid Loyalty
1983,41,Male,Sunglasses,Accessories,77,Kansas,M,Turquoise,Summer,2.7,No,2-Day Shipping,No,32,PayPal,Monthly,3,0.7125,0.6326530612244898,0.6725765306122449,High Value,0.5,0.5663265306122449,0.5663265306122449,0,Unsatisfied,Mid Loyalty
1984,59,Male,Scarf,Accessories,97,Georgia,M,Pink,Summer,2.6,No,Next Day Air,No,21,Debit Card,Quarterly,2,0.9625,0.40816326530612246,0.6853316326530612,High Value,0.25,0.32908163265306123,0.32908163265306123,0,Unsatisfied,Low Loyalty
1985,26,Male,Skirt,Clothing,58,West Virginia,M,Black,Summer,3.4,No,2-Day Shipping,No,26,PayPal,Fortnightly,4,0.475,0.5102040816326531,0.4926020408163265,Mid Value,0.75,0.6301020408163265,0.6301020408163265,0,Unsatisfied,Mid Loyalty
1986,23,Male,Gloves,Accessories,97,Tennessee,M,Gold,Spring,3.9,No,2-Day Shipping,No,6,Credit Card,Fortnightly,4,0.9625,0.10204081632653061,0.5322704081632653,Mid Value,0.75,0.4260204081632653,0.4260204081632653,0,Satisfied,Mid Loyalty
1987,62,Male,Coat,Outerwear,48,Arkansas,L,Green,Summer,3.4,No,2-Day Shipping,No,14,Venmo,Quarterly,2,0.35,0.2653061224489796,0.30765306122448977,Low Value,0.25,0.25765306122448983,0.25765306122448983,0,Unsatisfied,Low Loyalty
1988,69,Male,Belt,Accessories,23,Vermont,XL,White,Summer,3.4,No,Express,No,4,Cash,Quarterly,2,0.0375,0.061224489795918366,0.04936224489795918,Low Value,0.25,0.1556122448979592,0.1556122448979592,0,Unsatisfied,Low Loyalty
1989,46,Male,Pants,Clothing,79,Virginia,M,Gold,Winter,3.9,No,Free Shipping,No,26,Bank Transfer,Weekly,5,0.7375,0.5102040816326531,0.6238520408163266,Mid Value,1.0,0.7551020408163265,0.7551020408163265,0,Satisfied,High Loyalty
1990,35,Male,Jewelry,Accessories,42,Maryland,S,Charcoal,Spring,4.0,No,Express,No,39,PayPal,Fortnightly,4,0.275,0.7755102040816326,0.5252551020408163,Mid Value,0.75,0.7627551020408163,0.7627551020408163,0,Satisfied,High Loyalty
1991,32,Male,Backpack,Accessories,95,Connecticut,L,White,Spring,3.4,No,2-Day Shipping,No,15,PayPal,Annually,1,0.9375,0.2857142857142857,0.6116071428571428,Mid Value,0.0,0.14285714285714285,0.14285714285714285,0,Unsatisfied,Low Loyalty
1992,46,Male,Sneakers,Footwear,29,Missouri,M,Brown,Summer,3.7,No,Next Day Air,No,1,Venmo,Quarterly,2,0.1125,0.0,0.05625,Low Value,0.25,0.125,0.125,0,Unsatisfied,Low Loyalty
1993,33,Male,Hoodie,Clothing,98,New Jersey,L,Gold,Winter,4.9,No,2-Day Shipping,No,28,Venmo,Monthly,3,0.975,0.5510204081632653,0.7630102040816327,High Value,0.5,0.5255102040816326,0.5255102040816326,0,Satisfied,Mid Loyalty
1994,32,Male,Blouse,Clothing,96,Arkansas,S,Purple,Spring,5.0,No,Express,No,17,Cash,Weekly,5,0.95,0.32653061224489793,0.6382653061224489,Mid Value,1.0,0.6632653061224489,0.6632653061224489,0,Satisfied,Mid Loyalty
1995,33,Male,Sunglasses,Accessories,66,Nevada,M,Brown,Fall,2.9,No,Next Day Air,No,24,Credit Card,Weekly,5,0.575,0.46938775510204084,0.5221938775510204,Mid Value,1.0,0.7346938775510204,0.7346938775510204,0,Unsatisfied,High Loyalty
1996,67,Male,Boots,Footwear,80,Missouri,S,Teal,Spring,3.0,No,Standard,No,29,Debit Card,Quarterly,2,0.75,0.5714285714285714,0.6607142857142857,Mid Value,0.25,0.4107142857142857,0.4107142857142857,0,Unsatisfied,Mid Loyalty
1997,67,Male,Sneakers,Footwear,27,South Dakota,L,Indigo,Summer,3.3,No,Next Day Air,No,18,Cash,Quarterly,2,0.0875,0.3469387755102041,0.21721938775510202,Low Value,0.25,0.298469387755102,0.298469387755102,0,Unsatisfied,Low Loyalty
1998,42,Male,Backpack,Accessories,25,Connecticut,M,Purple,Fall,4.7,No,Express,No,10,Debit Card,Fortnightly,4,0.0625,0.1836734693877551,0.12308673469387756,Low Value,0.75,0.46683673469387754,0.46683673469387754,0,Satisfied,Mid Loyalty
1999,20,Male,Pants,Clothing,45,Vermont,M,Orange,Fall,3.4,No,2-Day Shipping,No,19,Cash,Quarterly,2,0.3125,0.3673469387755102,0.3399234693877551,Mid Value,0.25,0.3086734693877551,0.3086734693877551,0,Unsatisfied,Low Loyalty
2000,39,Male,Socks,Clothing,89,Tennessee,L,Indigo,Winter,4.6,No,2-Day Shipping,No,26,Debit Card,Monthly,3,0.8625,0.5102040816326531,0.6863520408163266,High Value,0.5,0.5051020408163265,0.5051020408163265,0,Satisfied,Mid Loyalty
2001,26,Male,Belt,Accessories,27,California,M,Lavender,Winter,3.6,No,2-Day Shipping,No,25,Cash,Fortnightly,4,0.0875,0.4897959183673469,0.2886479591836735,Low Value,0.75,0.6198979591836735,0.6198979591836735,0,Unsatisfied,Mid Loyalty
2002,51,Male,Sunglasses,Accessories,90,Wyoming,S,Purple,Winter,2.6,No,Free Shipping,No,2,Debit Card,Fortnightly,4,0.875,0.02040816326530612,0.4477040816326531,Mid Value,0.75,0.3852040816326531,0.3852040816326531,0,Unsatisfied,Mid Loyalty
2003,31,Male,Shirt,Clothing,65,New York,M,Red,Summer,2.7,No,Express,No,19,PayPal,Quarterly,2,0.5625,0.3673469387755102,0.4649234693877551,Mid Value,0.25,0.3086734693877551,0.3086734693877551,0,Unsatisfied,Low Loyalty
2004,68,Male,Sneakers,Footwear,72,Maine,S,Blue,Spring,3.1,No,Express,No,32,Cash,Quarterly,2,0.65,0.6326530612244898,0.6413265306122449,Mid Value,0.25,0.4413265306122449,0.4413265306122449,0,Unsatisfied,Mid Loyalty
2005,44,Male,Shoes,Footwear,70,Georgia,L,Blue,Fall,3.2,No,2-Day Shipping,No,13,Cash,Fortnightly,4,0.625,0.24489795918367346,0.43494897959183676,Mid Value,0.75,0.49744897959183676,0.49744897959183676,0,Unsatisfied,Mid Loyalty
2006,18,Male,Sandals,Footwear,82,Tennessee,M,Cyan,Winter,3.4,No,Store Pickup,No,30,PayPal,Fortnightly,4,0.775,0.5918367346938775,0.6834183673469387,High Value,0.75,0.6709183673469388,0.6709183673469388,0,Unsatisfied,High Loyalty
2007,58,Male,Scarf,Accessories,97,New Mexico,S,Pink,Fall,4.4,No,Express,No,2,Credit Card,Annually,1,0.9625,0.02040816326530612,0.4914540816326531,Mid Value,0.0,0.01020408163265306,0.01020408163265306,0,Satisfied,Low Loyalty
2008,26,Male,Shirt,Clothing,25,Virginia,M,Silver,Summer,3.2,No,2-Day Shipping,No,8,PayPal,Quarterly,2,0.0625,0.14285714285714285,0.10267857142857142,Low Value,0.25,0.19642857142857142,0.19642857142857142,0,Unsatisfied,Low Loyalty
2009,57,Male,Skirt,Clothing,48,Florida,M,Gray,Spring,2.5,No,Free Shipping,No,27,PayPal,Quarterly,2,0.35,0.5306122448979592,0.4403061224489796,Mid Value,0.25,0.3903061224489796,0.3903061224489796,0,Unsatisfied,Mid Loyalty
2010,37,Male,Boots,Footwear,99,Alabama,M,Indigo,Summer,3.8,No,Next Day Air,No,26,Venmo,Fortnightly,4,0.9875,0.5102040816326531,0.7488520408163266,High Value,0.75,0.6301020408163265,0.6301020408163265,0,Unsatisfied,Mid Loyalty
2011,24,Male,Sweater,Clothing,21,Texas,M,Maroon,Summer,4.4,No,2-Day Shipping,No,3,Debit Card,Fortnightly,4,0.0125,0.04081632653061224,0.026658163265306123,Low Value,0.75,0.39540816326530615,0.39540816326530615,0,Satisfied,Mid Loyalty
2012,57,Male,Sandals,Footwear,94,West Virginia,M,Beige,Spring,3.7,No,Express,No,4,Bank Transfer,Monthly,3,0.925,0.061224489795918366,0.4931122448979592,Mid Value,0.5,0.28061224489795916,0.28061224489795916,0,Unsatisfied,Low Loyalty
2013,48,Male,Jeans,Clothing,53,Nevada,L,Green,Fall,3.2,No,Store Pickup,No,5,Cash,Fortnightly,4,0.4125,0.08163265306122448,0.24706632653061222,Low Value,0.75,0.41581632653061223,0.41581632653061223,0,Unsatisfied,Mid Loyalty
2014,39,Male,Backpack,Accessories,70,Virginia,M,Peach,Winter,4.9,No,Standard,No,25,Debit Card,Quarterly,2,0.625,0.4897959183673469,0.5573979591836735,Mid Value,0.25,0.36989795918367346,0.36989795918367346,0,Satisfied,Mid Loyalty
2015,51,Male,Skirt,Clothing,26,Wisconsin,L,Black,Summer,3.9,No,Standard,No,47,PayPal,Fortnightly,4,0.075,0.9387755102040817,0.5068877551020409,Mid Value,0.75,0.8443877551020409,0.8443877551020409,0,Satisfied,High Loyalty
2016,57,Male,Belt,Accessories,82,Virginia,S,Pink,Summer,4.5,No,Next Day Air,No,8,Credit Card,Fortnightly,4,0.775,0.14285714285714285,0.45892857142857146,Mid Value,0.75,0.4464285714285714,0.4464285714285714,0,Satisfied,Mid Loyalty
2017,53,Male,Shoes,Footwear,47,Maine,S,Violet,Winter,3.4,No,Standard,No,20,Debit Card,Fortnightly,4,0.3375,0.3877551020408163,0.36262755102040817,Mid Value,0.75,0.5688775510204082,0.5688775510204082,0,Unsatisfied,Mid Loyalty
2018,70,Male,Socks,Clothing,32,Massachusetts,S,Green,Winter,4.1,No,Next Day Air,No,42,Bank Transfer,Quarterly,2,0.15,0.8367346938775511,0.49336734693877554,Mid Value,0.25,0.5433673469387755,0.5433673469387755,0,Satisfied,Mid Loyalty
2019,60,Male,Backpack,Accessories,97,Arkansas,S,Gold,Fall,4.5,No,Store Pickup,No,20,Bank Transfer,Weekly,5,0.9625,0.3877551020408163,0.6751275510204082,High Value,1.0,0.6938775510204082,0.6938775510204082,0,Satisfied,High Loyalty
2020,31,Male,Shirt,Clothing,68,Idaho,S,Red,Winter,4.7,No,Store Pickup,No,23,Cash,Fortnightly,4,0.6,0.4489795918367347,0.5244897959183673,Mid Value,0.75,0.5994897959183674,0.5994897959183674,0,Satisfied,Mid Loyalty
2021,41,Male,Sweater,Clothing,23,Pennsylvania,M,Beige,Winter,4.8,No,Next Day Air,No,26,Cash,Quarterly,2,0.0375,0.5102040816326531,0.2738520408163265,Low Value,0.25,0.38010204081632654,0.38010204081632654,0,Satisfied,Mid Loyalty
2022,62,Male,Handbag,Accessories,33,Maine,M,Green,Winter,4.4,No,Standard,No,48,Venmo,Quarterly,2,0.1625,0.9591836734693877,0.5608418367346939,Mid Value,0.25,0.6045918367346939,0.6045918367346939,0,Satisfied,Mid Loyalty
2023,59,Male,Jewelry,Accessories,38,Alabama,S,Black,Winter,4.0,No,Store Pickup,No,16,Cash,Fortnightly,4,0.225,0.30612244897959184,0.2655612244897959,Low Value,0.75,0.528061224489796,0.528061224489796,0,Satisfied,Mid Loyalty
2024,46,Male,Socks,Clothing,68,Idaho,S,Teal,Winter,4.1,No,Store Pickup,No,28,Cash,Fortnightly,4,0.6,0.5510204081632653,0.5755102040816327,Mid Value,0.75,0.6505102040816326,0.6505102040816326,0,Satisfied,Mid Loyalty
2025,62,Male,Socks,Clothing,23,Arkansas,L,Silver,Fall,3.7,No,Express,No,39,PayPal,Weekly,5,0.0375,0.7755102040816326,0.4065051020408163,Mid Value,1.0,0.8877551020408163,0.8877551020408163,0,Unsatisfied,High Loyalty
2026,42,Male,Shirt,Clothing,29,Delaware,M,Turquoise,Summer,3.0,No,Express,No,43,Debit Card,Fortnightly,4,0.1125,0.8571428571428571,0.48482142857142857,Mid Value,0.75,0.8035714285714286,0.8035714285714286,0,Unsatisfied,High Loyalty
2027,37,Male,Scarf,Accessories,35,Maine,M,Orange,Winter,3.6,No,Express,No,45,Bank Transfer,Quarterly,2,0.1875,0.8979591836734694,0.5427295918367347,Mid Value,0.25,0.5739795918367347,0.5739795918367347,0,Unsatisfied,Mid Loyalty
2028,50,Male,Shoes,Footwear,73,Nebraska,S,Gold,Fall,4.8,No,Standard,No,50,Credit Card,Quarterly,2,0.6625,1.0,0.83125,High Value,0.25,0.625,0.625,0,Satisfied,Mid Loyalty
2029,29,Male,Shoes,Footwear,84,Ohio,XL,Purple,Fall,3.7,No,2-Day Shipping,No,10,Venmo,Fortnightly,4,0.8,0.1836734693877551,0.49183673469387756,Mid Value,0.75,0.46683673469387754,0.46683673469387754,0,Unsatisfied,Mid Loyalty
2030,25,Male,Scarf,Accessories,23,Montana,M,Pink,Spring,4.6,No,Next Day Air,No,40,PayPal,Quarterly,2,0.0375,0.7959183673469388,0.4167091836734694,Mid Value,0.25,0.5229591836734694,0.5229591836734694,0,Satisfied,Mid Loyalty
2031,66,Male,Sunglasses,Accessories,67,New Mexico,S,Green,Summer,2.8,No,Standard,No,38,Credit Card,Monthly,3,0.5875,0.7551020408163265,0.6713010204081633,High Value,0.5,0.6275510204081632,0.6275510204081632,0,Unsatisfied,Mid Loyalty
2032,21,Male,Socks,Clothing,51,North Carolina,L,Charcoal,Spring,4.0,No,Standard,No,2,Credit Card,Monthly,3,0.3875,0.02040816326530612,0.20395408163265308,Low Value,0.5,0.2602040816326531,0.2602040816326531,0,Satisfied,Low Loyalty
2033,46,Male,Blouse,Clothing,36,South Carolina,M,Maroon,Winter,4.2,No,Next Day Air,No,13,Cash,Annually,1,0.2,0.24489795918367346,0.22244897959183674,Low Value,0.0,0.12244897959183673,0.12244897959183673,0,Satisfied,Low Loyalty
2034,57,Male,Jeans,Clothing,55,Illinois,L,Olive,Summer,3.6,No,Express,No,33,Venmo,Annually,1,0.4375,0.6530612244897959,0.5452806122448979,Mid Value,0.0,0.32653061224489793,0.32653061224489793,0,Unsatisfied,Low Loyalty
2035,61,Male,Shorts,Clothing,30,Alabama,M,Peach,Spring,2.9,No,Store Pickup,No,27,PayPal,Monthly,3,0.125,0.5306122448979592,0.3278061224489796,Low Value,0.5,0.5153061224489797,0.5153061224489797,0,Unsatisfied,Mid Loyalty
2036,53,Male,T-shirt,Clothing,70,Oklahoma,S,Yellow,Summer,4.1,No,Express,No,43,Bank Transfer,Weekly,5,0.625,0.8571428571428571,0.7410714285714286,High Value,1.0,0.9285714285714286,0.9285714285714286,0,Satisfied,High Loyalty
2037,37,Male,Blouse,Clothing,63,Minnesota,S,Lavender,Winter,3.1,No,Next Day Air,No,46,Cash,Weekly,5,0.5375,0.9183673469387755,0.7279336734693878,High Value,1.0,0.9591836734693877,0.9591836734693877,0,Unsatisfied,High Loyalty
2038,39,Male,Belt,Accessories,87,Illinois,S,Green,Summer,4.3,No,Express,No,7,Venmo,Fortnightly,4,0.8375,0.12244897959183673,0.4799744897959184,Mid Value,0.75,0.4362244897959184,0.4362244897959184,0,Satisfied,Mid Loyalty
2039,53,Male,Blouse,Clothing,70,Arkansas,L,Orange,Spring,4.4,No,Next Day Air,No,35,Credit Card,Fortnightly,4,0.625,0.6938775510204082,0.659438775510204,Mid Value,0.75,0.721938775510204,0.721938775510204,0,Satisfied,High Loyalty
2040,35,Male,T-shirt,Clothing,51,Minnesota,M,Olive,Spring,3.1,No,Next Day Air,No,31,Debit Card,Fortnightly,4,0.3875,0.6122448979591837,0.4998724489795918,Mid Value,0.75,0.6811224489795918,0.6811224489795918,0,Unsatisfied,High Loyalty
2041,69,Male,Jewelry,Accessories,25,South Carolina,XL,Gray,Spring,2.9,No,Free Shipping,No,42,Venmo,Quarterly,2,0.0625,0.8367346938775511,0.44961734693877553,Mid Value,0.25,0.5433673469387755,0.5433673469387755,0,Unsatisfied,Mid Loyalty
2042,66,Male,Jacket,Outerwear,32,New York,S,Lavender,Winter,3.2,No,Next Day Air,No,14,PayPal,Fortnightly,4,0.15,0.2653061224489796,0.2076530612244898,Low Value,0.75,0.5076530612244898,0.5076530612244898,0,Unsatisfied,Mid Loyalty
2043,19,Male,Shoes,Footwear,52,Alabama,M,Red,Spring,4.0,No,2-Day Shipping,No,35,Venmo,Monthly,3,0.4,0.6938775510204082,0.5469387755102041,Mid Value,0.5,0.596938775510204,0.596938775510204,0,Satisfied,Mid Loyalty
2044,47,Male,Gloves,Accessories,33,New York,M,Charcoal,Summer,2.7,No,Standard,No,49,PayPal,Weekly,5,0.1625,0.9795918367346939,0.571045918367347,Mid Value,1.0,0.9897959183673469,0.9897959183673469,0,Unsatisfied,High Loyalty
2045,49,Male,Jeans,Clothing,68,Missouri,L,Orange,Spring,3.0,No,Free Shipping,No,17,PayPal,Fortnightly,4,0.6,0.32653061224489793,0.463265306122449,Mid Value,0.75,0.5382653061224489,0.5382653061224489,0,Unsatisfied,Mid Loyalty
2046,31,Male,Jewelry,Accessories,20,Georgia,M,Red,Fall,4.4,No,Express,No,26,PayPal,Quarterly,2,0.0,0.5102040816326531,0.25510204081632654,Low Value,0.25,0.38010204081632654,0.38010204081632654,0,Satisfied,Mid Loyalty
2047,39,Male,Pants,Clothing,32,Oklahoma,M,Maroon,Winter,2.8,No,Free Shipping,No,30,Cash,Quarterly,2,0.15,0.5918367346938775,0.3709183673469388,Mid Value,0.25,0.42091836734693877,0.42091836734693877,0,Unsatisfied,Mid Loyalty
2048,58,Male,Jewelry,Accessories,82,Connecticut,M,Silver,Summer,3.1,No,Store Pickup,No,32,Cash,Annually,1,0.775,0.6326530612244898,0.7038265306122449,High Value,0.0,0.3163265306122449,0.3163265306122449,0,Unsatisfied,Low Loyalty
2049,45,Male,Sneakers,Footwear,64,Michigan,XL,Pink,Winter,3.9,No,Express,No,35,Bank Transfer,Quarterly,2,0.55,0.6938775510204082,0.6219387755102042,Mid Value,0.25,0.4719387755102041,0.4719387755102041,0,Satisfied,Mid Loyalty
2050,68,Male,Boots,Footwear,24,Rhode Island,L,Blue,Fall,2.7,No,Standard,No,15,Venmo,Annually,1,0.05,0.2857142857142857,0.16785714285714284,Low Value,0.0,0.14285714285714285,0.14285714285714285,0,Unsatisfied,Low Loyalty
2051,35,Male,Hat,Accessories,96,Mississippi,M,Teal,Summer,3.4,No,Store Pickup,No,10,Debit Card,Annually,1,0.95,0.1836734693877551,0.5668367346938775,Mid Value,0.0,0.09183673469387756,0.09183673469387756,0,Unsatisfied,Low Loyalty
2052,65,Male,T-shirt,Clothing,94,Massachusetts,L,Black,Spring,3.8,No,Free Shipping,No,14,Credit Card,Monthly,3,0.925,0.2653061224489796,0.5951530612244899,Mid Value,0.5,0.38265306122448983,0.38265306122448983,0,Unsatisfied,Mid Loyalty
2053,45,Male,Backpack,Accessories,48,New Hampshire,M,Gray,Winter,3.7,No,2-Day Shipping,No,30,Bank Transfer,Annually,1,0.35,0.5918367346938775,0.47091836734693876,Mid Value,0.0,0.29591836734693877,0.29591836734693877,0,Unsatisfied,Low Loyalty
2054,19,Male,Sunglasses,Accessories,60,Wyoming,S,Purple,Spring,4.5,No,2-Day Shipping,No,16,Credit Card,Fortnightly,4,0.5,0.30612244897959184,0.4030612244897959,Mid Value,0.75,0.528061224489796,0.528061224489796,0,Satisfied,Mid Loyalty
2055,65,Male,Sweater,Clothing,56,New Jersey,XL,Gold,Spring,2.9,No,Express,No,14,PayPal,Annually,1,0.45,0.2653061224489796,0.3576530612244898,Mid Value,0.0,0.1326530612244898,0.1326530612244898,0,Unsatisfied,Low Loyalty
2056,28,Male,Handbag,Accessories,33,Texas,M,Silver,Fall,3.4,No,2-Day Shipping,No,28,Bank Transfer,Weekly,5,0.1625,0.5510204081632653,0.3567602040816326,Mid Value,1.0,0.7755102040816326,0.7755102040816326,0,Unsatisfied,High Loyalty
2057,55,Male,Backpack,Accessories,46,Minnesota,L,Blue,Spring,4.4,No,2-Day Shipping,No,29,PayPal,Monthly,3,0.325,0.5714285714285714,0.4482142857142857,Mid Value,0.5,0.5357142857142857,0.5357142857142857,0,Satisfied,Mid Loyalty
2058,66,Male,Socks,Clothing,37,South Dakota,L,Yellow,Spring,4.2,No,Standard,No,5,PayPal,Quarterly,2,0.2125,0.08163265306122448,0.14706632653061225,Low Value,0.25,0.16581632653061223,0.16581632653061223,0,Satisfied,Low Loyalty
2059,29,Male,Shirt,Clothing,98,Washington,M,Brown,Winter,3.3,No,Store Pickup,No,17,Bank Transfer,Quarterly,2,0.975,0.32653061224489793,0.650765306122449,Mid Value,0.25,0.28826530612244894,0.28826530612244894,0,Unsatisfied,Low Loyalty
2060,56,Male,Shorts,Clothing,50,California,XL,Beige,Spring,3.7,No,Express,No,50,PayPal,Weekly,5,0.375,1.0,0.6875,High Value,1.0,1.0,1.0,0,Unsatisfied,High Loyalty
2061,21,Male,Belt,Accessories,63,Wisconsin,M,Blue,Fall,3.2,No,Next Day Air,No,23,Bank Transfer,Quarterly,2,0.5375,0.4489795918367347,0.4932397959183673,Mid Value,0.25,0.3494897959183674,0.3494897959183674,0,Unsatisfied,Mid Loyalty
2062,32,Male,Sweater,Clothing,70,Michigan,S,Magenta,Summer,2.6,No,Store Pickup,No,22,Debit Card,Annually,1,0.625,0.42857142857142855,0.5267857142857143,Mid Value,0.0,0.21428571428571427,0.21428571428571427,0,Unsatisfied,Low Loyalty
2063,54,Male,Coat,Outerwear,63,South Carolina,L,Silver,Fall,2.8,No,Standard,No,15,Cash,Quarterly,2,0.5375,0.2857142857142857,0.41160714285714284,Mid Value,0.25,0.26785714285714285,0.26785714285714285,0,Unsatisfied,Low Loyalty
2064,61,Male,Shorts,Clothing,86,Indiana,M,Cyan,Fall,2.9,No,Standard,No,32,Cash,Monthly,3,0.825,0.6326530612244898,0.7288265306122449,High Value,0.5,0.5663265306122449,0.5663265306122449,0,Unsatisfied,Mid Loyalty
2065,31,Male,Shoes,Footwear,99,Arkansas,M,Green,Summer,4.0,No,2-Day Shipping,No,5,Bank Transfer,Monthly,3,0.9875,0.08163265306122448,0.5345663265306123,Mid Value,0.5,0.29081632653061223,0.29081632653061223,0,Satisfied,Low Loyalty
2066,27,Male,Sneakers,Footwear,40,Oregon,M,Blue,Spring,2.9,No,Free Shipping,No,6,Bank Transfer,Fortnightly,4,0.25,0.10204081632653061,0.1760204081632653,Low Value,0.75,0.4260204081632653,0.4260204081632653,0,Unsatisfied,Mid Loyalty
2067,64,Male,Sneakers,Footwear,92,Illinois,M,Olive,Fall,4.7,No,Store Pickup,No,44,Debit Card,Fortnightly,4,0.9,0.8775510204081632,0.8887755102040816,High Value,0.75,0.8137755102040816,0.8137755102040816,0,Satisfied,High Loyalty
2068,60,Male,Pants,Clothing,21,Maryland,XL,Beige,Fall,3.1,No,2-Day Shipping,No,23,Cash,Fortnightly,4,0.0125,0.4489795918367347,0.23073979591836735,Low Value,0.75,0.5994897959183674,0.5994897959183674,0,Unsatisfied,Mid Loyalty
2069,70,Male,Jewelry,Accessories,81,Vermont,XL,Black,Summer,3.9,No,Store Pickup,No,44,Venmo,Monthly,3,0.7625,0.8775510204081632,0.8200255102040817,High Value,0.5,0.6887755102040816,0.6887755102040816,0,Satisfied,High Loyalty
2070,36,Male,T-shirt,Clothing,82,Texas,M,Indigo,Fall,3.4,No,Free Shipping,No,3,Debit Card,Quarterly,2,0.775,0.04081632653061224,0.40790816326530616,Mid Value,0.25,0.14540816326530612,0.14540816326530612,0,Unsatisfied,Low Loyalty
2071,56,Male,Jewelry,Accessories,88,Nebraska,XL,Red,Spring,3.1,No,Express,No,14,Cash,Monthly,3,0.85,0.2653061224489796,0.5576530612244898,Mid Value,0.5,0.38265306122448983,0.38265306122448983,0,Unsatisfied,Mid Loyalty
2072,69,Male,Jacket,Outerwear,100,South Carolina,S,Yellow,Fall,4.8,No,Store Pickup,No,37,PayPal,Quarterly,2,1.0,0.7346938775510204,0.8673469387755102,High Value,0.25,0.4923469387755102,0.4923469387755102,0,Satisfied,Mid Loyalty
2073,39,Male,Backpack,Accessories,66,Massachusetts,M,Beige,Winter,3.9,No,Next Day Air,No,22,Bank Transfer,Weekly,5,0.575,0.42857142857142855,0.5017857142857143,Mid Value,1.0,0.7142857142857143,0.7142857142857143,0,Satisfied,High Loyalty
2074,38,Male,Belt,Accessories,25,Texas,S,Green,Winter,3.5,No,Next Day Air,No,2,PayPal,Quarterly,2,0.0625,0.02040816326530612,0.04145408163265306,Low Value,0.25,0.13520408163265307,0.13520408163265307,0,Unsatisfied,Low Loyalty
2075,36,Male,Scarf,Accessories,53,Florida,M,White,Summer,3.1,No,Free Shipping,No,44,Debit Card,Fortnightly,4,0.4125,0.8775510204081632,0.6450255102040816,Mid Value,0.75,0.8137755102040816,0.8137755102040816,0,Unsatisfied,High Loyalty
2076,46,Male,Sweater,Clothing,28,South Carolina,S,Turquoise,Fall,4.7,No,Express,No,49,Debit Card,Monthly,3,0.1,0.9795918367346939,0.539795918367347,Mid Value,0.5,0.7397959183673469,0.7397959183673469,0,Satisfied,High Loyalty
2077,59,Male,Gloves,Accessories,23,Florida,S,Indigo,Fall,4.6,No,Free Shipping,No,22,Debit Card,Fortnightly,4,0.0375,0.42857142857142855,0.23303571428571426,Low Value,0.75,0.5892857142857143,0.5892857142857143,0,Satisfied,Mid Loyalty
2078,64,Male,Scarf,Accessories,34,Nebraska,L,Orange,Fall,3.3,No,Free Shipping,No,26,Bank Transfer,Annually,1,0.175,0.5102040816326531,0.3426020408163265,Mid Value,0.0,0.25510204081632654,0.25510204081632654,0,Unsatisfied,Low Loyalty
2079,49,Male,Dress,Clothing,42,Hawaii,M,Blue,Spring,3.2,No,Next Day Air,No,40,Debit Card,Weekly,5,0.275,0.7959183673469388,0.5354591836734695,Mid Value,1.0,0.8979591836734694,0.8979591836734694,0,Unsatisfied,High Loyalty
2080,32,Male,Jeans,Clothing,24,Montana,L,Violet,Summer,3.1,No,Next Day Air,No,16,PayPal,Quarterly,2,0.05,0.30612244897959184,0.17806122448979592,Low Value,0.25,0.2780612244897959,0.2780612244897959,0,Unsatisfied,Low Loyalty
2081,29,Male,Sunglasses,Accessories,47,South Dakota,S,Gray,Fall,3.5,No,Free Shipping,No,17,Debit Card,Fortnightly,4,0.3375,0.32653061224489793,0.332015306122449,Low Value,0.75,0.5382653061224489,0.5382653061224489,0,Unsatisfied,Mid Loyalty
2082,24,Male,Coat,Outerwear,78,Alabama,S,Cyan,Spring,4.3,No,Standard,No,48,Bank Transfer,Fortnightly,4,0.725,0.9591836734693877,0.8420918367346939,High Value,0.75,0.8545918367346939,0.8545918367346939,0,Satisfied,High Loyalty
2083,41,Male,Jeans,Clothing,89,Arkansas,M,Yellow,Summer,2.9,No,Free Shipping,No,28,Venmo,Quarterly,2,0.8625,0.5510204081632653,0.7067602040816326,High Value,0.25,0.4005102040816326,0.4005102040816326,0,Unsatisfied,Mid Loyalty
2084,41,Male,Scarf,Accessories,59,Mississippi,L,Orange,Fall,2.7,No,Store Pickup,No,26,Credit Card,Fortnightly,4,0.4875,0.5102040816326531,0.4988520408163265,Mid Value,0.75,0.6301020408163265,0.6301020408163265,0,Unsatisfied,Mid Loyalty
2085,32,Male,Blouse,Clothing,94,Vermont,S,Brown,Summer,4.0,No,Standard,No,43,Bank Transfer,Quarterly,2,0.925,0.8571428571428571,0.8910714285714285,High Value,0.25,0.5535714285714286,0.5535714285714286,0,Satisfied,Mid Loyalty
2086,69,Male,Jeans,Clothing,49,New York,M,Teal,Fall,4.6,No,Free Shipping,No,38,Debit Card,Weekly,5,0.3625,0.7551020408163265,0.5588010204081633,Mid Value,1.0,0.8775510204081632,0.8775510204081632,0,Satisfied,High Loyalty
2087,65,Male,Dress,Clothing,89,North Dakota,L,Beige,Summer,4.7,No,2-Day Shipping,No,36,Cash,Quarterly,2,0.8625,0.7142857142857143,0.7883928571428571,High Value,0.25,0.48214285714285715,0.48214285714285715,0,Satisfied,Mid Loyalty
2088,54,Male,Hat,Accessories,91,Wisconsin,M,Blue,Summer,4.7,No,Standard,No,1,Credit Card,Weekly,5,0.8875,0.0,0.44375,Mid Value,1.0,0.5,0.5,0,Satisfied,Mid Loyalty
2089,39,Male,Sandals,Footwear,89,California,L,Orange,Spring,4.0,No,Standard,No,49,Debit Card,Annually,1,0.8625,0.9795918367346939,0.921045918367347,High Value,0.0,0.4897959183673469,0.4897959183673469,0,Satisfied,Mid Loyalty
2090,37,Male,Jacket,Outerwear,57,Maryland,L,Gold,Spring,3.6,No,Free Shipping,No,41,Credit Card,Quarterly,2,0.4625,0.8163265306122449,0.6394132653061224,Mid Value,0.25,0.5331632653061225,0.5331632653061225,0,Unsatisfied,Mid Loyalty
2091,51,Male,Socks,Clothing,71,Massachusetts,S,Teal,Winter,3.4,No,Free Shipping,No,21,Debit Card,Monthly,3,0.6375,0.40816326530612246,0.5228316326530612,Mid Value,0.5,0.45408163265306123,0.45408163265306123,0,Unsatisfied,Mid Loyalty
2092,26,Male,Jeans,Clothing,97,Washington,XL,Beige,Fall,3.0,No,Next Day Air,No,24,Bank Transfer,Quarterly,2,0.9625,0.46938775510204084,0.7159438775510204,High Value,0.25,0.35969387755102045,0.35969387755102045,0,Unsatisfied,Mid Loyalty
2093,42,Male,Sandals,Footwear,45,Minnesota,M,Silver,Fall,2.6,No,Next Day Air,No,27,Bank Transfer,Weekly,5,0.3125,0.5306122448979592,0.4215561224489796,Mid Value,1.0,0.7653061224489797,0.7653061224489797,0,Unsatisfied,High Loyalty
2094,21,Male,Dress,Clothing,91,Washington,M,Maroon,Spring,4.2,No,Store Pickup,No,4,Debit Card,Annually,1,0.8875,0.061224489795918366,0.47436224489795914,Mid Value,0.0,0.030612244897959183,0.030612244897959183,0,Satisfied,Low Loyalty
2095,53,Male,Socks,Clothing,25,South Carolina,M,Indigo,Spring,3.4,No,Standard,No,19,Venmo,Annually,1,0.0625,0.3673469387755102,0.2149234693877551,Low Value,0.0,0.1836734693877551,0.1836734693877551,0,Unsatisfied,Low Loyalty
2096,36,Male,Hoodie,Clothing,63,New Mexico,M,Gray,Fall,4.0,No,Store Pickup,No,1,Bank Transfer,Fortnightly,4,0.5375,0.0,0.26875,Low Value,0.75,0.375,0.375,0,Satisfied,Mid Loyalty
2097,21,Male,Dress,Clothing,52,North Carolina,L,Blue,Summer,4.7,No,Free Shipping,No,27,Debit Card,Annually,1,0.4,0.5306122448979592,0.4653061224489796,Mid Value,0.0,0.2653061224489796,0.2653061224489796,0,Satisfied,Low Loyalty
2098,33,Male,Sneakers,Footwear,43,Iowa,S,Cyan,Winter,3.9,No,Next Day Air,No,5,Credit Card,Weekly,5,0.2875,0.08163265306122448,0.18456632653061222,Low Value,1.0,0.5408163265306123,0.5408163265306123,0,Satisfied,Mid Loyalty
2099,49,Male,T-shirt,Clothing,28,Louisiana,M,White,Summer,3.3,No,2-Day Shipping,No,20,Venmo,Quarterly,2,0.1,0.3877551020408163,0.24387755102040815,Low Value,0.25,0.31887755102040816,0.31887755102040816,0,Unsatisfied,Low Loyalty
2100,31,Male,T-shirt,Clothing,78,Oklahoma,L,Green,Summer,2.9,No,Express,No,50,PayPal,Annually,1,0.725,1.0,0.8625,High Value,0.0,0.5,0.5,0,Unsatisfied,Mid Loyalty
2101,68,Male,Sweater,Clothing,31,Michigan,M,Silver,Spring,4.4,No,Free Shipping,No,36,Cash,Fortnightly,4,0.1375,0.7142857142857143,0.4258928571428572,Mid Value,0.75,0.7321428571428572,0.7321428571428572,0,Satisfied,High Loyalty
2102,49,Male,Shirt,Clothing,23,Oregon,M,Blue,Winter,3.6,No,Next Day Air,No,12,Bank Transfer,Fortnightly,4,0.0375,0.22448979591836735,0.13099489795918368,Low Value,0.75,0.4872448979591837,0.4872448979591837,0,Unsatisfied,Mid Loyalty
2103,23,Male,Hat,Accessories,25,Idaho,M,Brown,Spring,4.5,No,Store Pickup,No,23,Cash,Monthly,3,0.0625,0.4489795918367347,0.2557397959183674,Low Value,0.5,0.4744897959183674,0.4744897959183674,0,Satisfied,Mid Loyalty
2104,30,Male,Pants,Clothing,86,Indiana,S,Red,Summer,3.7,No,Store Pickup,No,21,Venmo,Weekly,5,0.825,0.40816326530612246,0.6165816326530612,Mid Value,1.0,0.7040816326530612,0.7040816326530612,0,Unsatisfied,High Loyalty
2105,53,Male,Shoes,Footwear,88,New Mexico,M,Gold,Spring,2.8,No,Free Shipping,No,47,Venmo,Weekly,5,0.85,0.9387755102040817,0.8943877551020408,High Value,1.0,0.9693877551020409,0.9693877551020409,0,Unsatisfied,High Loyalty
2106,65,Male,Gloves,Accessories,35,South Carolina,M,Silver,Spring,4.5,No,Free Shipping,No,38,Venmo,Fortnightly,4,0.1875,0.7551020408163265,0.47130102040816324,Mid Value,0.75,0.7525510204081632,0.7525510204081632,0,Satisfied,High Loyalty
2107,60,Male,Jewelry,Accessories,34,Vermont,M,Gray,Fall,4.4,No,Standard,No,40,Credit Card,Quarterly,2,0.175,0.7959183673469388,0.4854591836734694,Mid Value,0.25,0.5229591836734694,0.5229591836734694,0,Satisfied,Mid Loyalty
2108,46,Male,Pants,Clothing,75,Delaware,M,Black,Winter,3.3,No,Standard,No,35,PayPal,Quarterly,2,0.6875,0.6938775510204082,0.690688775510204,High Value,0.25,0.4719387755102041,0.4719387755102041,0,Unsatisfied,Mid Loyalty
2109,54,Male,Hoodie,Clothing,46,North Dakota,XL,Beige,Winter,4.2,No,Express,No,4,Credit Card,Quarterly,2,0.325,0.061224489795918366,0.1931122448979592,Low Value,0.25,0.1556122448979592,0.1556122448979592,0,Satisfied,Low Loyalty
2110,59,Male,Jewelry,Accessories,31,California,L,Peach,Fall,2.7,No,Free Shipping,No,28,Venmo,Quarterly,2,0.1375,0.5510204081632653,0.3442602040816326,Mid Value,0.25,0.4005102040816326,0.4005102040816326,0,Unsatisfied,Mid Loyalty
2111,52,Male,Socks,Clothing,93,Montana,L,Cyan,Spring,3.9,No,Store Pickup,No,36,Debit Card,Quarterly,2,0.9125,0.7142857142857143,0.8133928571428571,High Value,0.25,0.48214285714285715,0.48214285714285715,0,Satisfied,Mid Loyalty
2112,41,Male,Sunglasses,Accessories,85,Missouri,XL,Pink,Spring,2.6,No,Free Shipping,No,15,Bank Transfer,Annually,1,0.8125,0.2857142857142857,0.5491071428571428,Mid Value,0.0,0.14285714285714285,0.14285714285714285,0,Unsatisfied,Low Loyalty
2113,43,Male,Belt,Accessories,68,Tennessee,M,Lavender,Fall,4.5,No,2-Day Shipping,No,7,Cash,Fortnightly,4,0.6,0.12244897959183673,0.36122448979591837,Mid Value,0.75,0.4362244897959184,0.4362244897959184,0,Satisfied,Mid Loyalty
2114,63,Male,Dress,Clothing,40,Virginia,M,Brown,Spring,2.7,No,Store Pickup,No,29,PayPal,Quarterly,2,0.25,0.5714285714285714,0.4107142857142857,Mid Value,0.25,0.4107142857142857,0.4107142857142857,0,Unsatisfied,Mid Loyalty
2115,37,Male,Shirt,Clothing,51,Vermont,M,Magenta,Winter,2.9,No,Standard,No,12,Debit Card,Annually,1,0.3875,0.22448979591836735,0.30599489795918366,Low Value,0.0,0.11224489795918367,0.11224489795918367,0,Unsatisfied,Low Loyalty
2116,44,Male,Scarf,Accessories,85,Rhode Island,M,Violet,Winter,3.4,No,Store Pickup,No,16,Bank Transfer,Fortnightly,4,0.8125,0.30612244897959184,0.559311224489796,Mid Value,0.75,0.528061224489796,0.528061224489796,0,Unsatisfied,Mid Loyalty
2117,67,Male,Jacket,Outerwear,23,Kansas,M,Teal,Summer,2.9,No,Express,No,50,Debit Card,Fortnightly,4,0.0375,1.0,0.51875,Mid Value,0.75,0.875,0.875,0,Unsatisfied,High Loyalty
2118,27,Male,Dress,Clothing,28,Colorado,L,Brown,Summer,3.8,No,Free Shipping,No,11,Debit Card,Annually,1,0.1,0.20408163265306123,0.1520408163265306,Low Value,0.0,0.10204081632653061,0.10204081632653061,0,Unsatisfied,Low Loyalty
2119,60,Male,Socks,Clothing,44,Georgia,M,Olive,Fall,4.2,No,2-Day Shipping,No,28,Debit Card,Quarterly,2,0.3,0.5510204081632653,0.42551020408163265,Mid Value,0.25,0.4005102040816326,0.4005102040816326,0,Satisfied,Mid Loyalty
2120,58,Male,Jewelry,Accessories,57,Nebraska,M,Indigo,Spring,3.5,No,Store Pickup,No,36,Venmo,Fortnightly,4,0.4625,0.7142857142857143,0.5883928571428572,Mid Value,0.75,0.7321428571428572,0.7321428571428572,0,Unsatisfied,High Loyalty
2121,53,Male,Scarf,Accessories,98,Missouri,S,Red,Fall,3.1,No,Next Day Air,No,38,PayPal,Quarterly,2,0.975,0.7551020408163265,0.8650510204081632,High Value,0.25,0.5025510204081632,0.5025510204081632,0,Unsatisfied,Mid Loyalty
2122,43,Male,Backpack,Accessories,68,Alaska,M,Olive,Winter,3.5,No,2-Day Shipping,No,32,Bank Transfer,Monthly,3,0.6,0.6326530612244898,0.616326530612245,Mid Value,0.5,0.5663265306122449,0.5663265306122449,0,Unsatisfied,Mid Loyalty
2123,32,Male,Jacket,Outerwear,36,Virginia,L,Teal,Fall,4.0,No,Express,No,42,Debit Card,Weekly,5,0.2,0.8367346938775511,0.5183673469387755,Mid Value,1.0,0.9183673469387755,0.9183673469387755,0,Satisfied,High Loyalty
2124,54,Male,Coat,Outerwear,71,Nebraska,L,Cyan,Spring,3.7,No,Express,No,22,Debit Card,Fortnightly,4,0.6375,0.42857142857142855,0.5330357142857143,Mid Value,0.75,0.5892857142857143,0.5892857142857143,0,Unsatisfied,Mid Loyalty
2125,47,Male,Skirt,Clothing,60,Rhode Island,M,Teal,Fall,4.2,No,Next Day Air,No,22,Venmo,Quarterly,2,0.5,0.42857142857142855,0.4642857142857143,Mid Value,0.25,0.3392857142857143,0.3392857142857143,0,Satisfied,Mid Loyalty
2126,57,Male,Coat,Outerwear,87,New Hampshire,M,Beige,Fall,4.8,No,Store Pickup,No,31,PayPal,Quarterly,2,0.8375,0.6122448979591837,0.7248724489795919,High Value,0.25,0.43112244897959184,0.43112244897959184,0,Satisfied,Mid Loyalty
2127,63,Male,Shoes,Footwear,38,Alabama,XL,Magenta,Winter,4.1,No,Express,No,28,Credit Card,Monthly,3,0.225,0.5510204081632653,0.3880102040816326,Mid Value,0.5,0.5255102040816326,0.5255102040816326,0,Satisfied,Mid Loyalty
2128,70,Male,Boots,Footwear,45,North Carolina,M,Indigo,Spring,4.5,No,2-Day Shipping,No,40,Debit Card,Weekly,5,0.3125,0.7959183673469388,0.5542091836734694,Mid Value,1.0,0.8979591836734694,0.8979591836734694,0,Satisfied,High Loyalty
2129,62,Male,Coat,Outerwear,47,New Mexico,L,Cyan,Fall,2.7,No,2-Day Shipping,No,21,PayPal,Weekly,5,0.3375,0.40816326530612246,0.37283163265306124,Mid Value,1.0,0.7040816326530612,0.7040816326530612,0,Unsatisfied,High Loyalty
2130,40,Male,Skirt,Clothing,57,Minnesota,L,Orange,Fall,2.8,No,Store Pickup,No,12,PayPal,Quarterly,2,0.4625,0.22448979591836735,0.3434948979591837,Mid Value,0.25,0.2372448979591837,0.2372448979591837,0,Unsatisfied,Low Loyalty
2131,25,Male,Backpack,Accessories,68,Arizona,L,Violet,Summer,3.7,No,Free Shipping,No,33,Credit Card,Annually,1,0.6,0.6530612244897959,0.6265306122448979,Mid Value,0.0,0.32653061224489793,0.32653061224489793,0,Unsatisfied,Low Loyalty
2132,19,Male,Shorts,Clothing,52,Montana,M,Red,Fall,3.6,No,Express,No,9,Bank Transfer,Fortnightly,4,0.4,0.16326530612244897,0.2816326530612245,Low Value,0.75,0.45663265306122447,0.45663265306122447,0,Unsatisfied,Mid Loyalty
2133,25,Male,Skirt,Clothing,87,Vermont,M,Magenta,Fall,4.7,No,2-Day Shipping,No,15,Debit Card,Weekly,5,0.8375,0.2857142857142857,0.5616071428571429,Mid Value,1.0,0.6428571428571428,0.6428571428571428,0,Satisfied,Mid Loyalty
2134,21,Male,Hat,Accessories,34,Maine,M,Olive,Summer,3.8,No,Standard,No,13,Bank Transfer,Annually,1,0.175,0.24489795918367346,0.20994897959183673,Low Value,0.0,0.12244897959183673,0.12244897959183673,0,Unsatisfied,Low Loyalty
2135,55,Male,Sandals,Footwear,41,Virginia,XL,Maroon,Winter,2.9,No,Standard,No,35,Credit Card,Fortnightly,4,0.2625,0.6938775510204082,0.4781887755102041,Mid Value,0.75,0.721938775510204,0.721938775510204,0,Unsatisfied,High Loyalty
2136,34,Male,Sunglasses,Accessories,94,California,S,Yellow,Winter,4.6,No,Next Day Air,No,1,Debit Card,Quarterly,2,0.925,0.0,0.4625,Mid Value,0.25,0.125,0.125,0,Satisfied,Low Loyalty
2137,47,Male,Sunglasses,Accessories,93,New York,M,Red,Summer,2.8,No,Standard,No,25,Bank Transfer,Fortnightly,4,0.9125,0.4897959183673469,0.7011479591836735,High Value,0.75,0.6198979591836735,0.6198979591836735,0,Unsatisfied,Mid Loyalty
2138,27,Male,Socks,Clothing,51,Indiana,XL,Purple,Winter,4.6,No,2-Day Shipping,No,20,Credit Card,Quarterly,2,0.3875,0.3877551020408163,0.38762755102040813,Mid Value,0.25,0.31887755102040816,0.31887755102040816,0,Satisfied,Low Loyalty
2139,67,Male,Sweater,Clothing,42,Mississippi,M,Teal,Fall,2.8,No,Next Day Air,No,36,Venmo,Quarterly,2,0.275,0.7142857142857143,0.49464285714285716,Mid Value,0.25,0.48214285714285715,0.48214285714285715,0,Unsatisfied,Mid Loyalty
2140,40,Male,Boots,Footwear,95,New York,M,Red,Winter,3.0,No,Free Shipping,No,33,Cash,Weekly,5,0.9375,0.6530612244897959,0.7952806122448979,High Value,1.0,0.8265306122448979,0.8265306122448979,0,Unsatisfied,High Loyalty
2141,53,Male,Handbag,Accessories,90,New Mexico,M,Brown,Fall,3.7,No,Standard,No,36,Cash,Fortnightly,4,0.875,0.7142857142857143,0.7946428571428572,High Value,0.75,0.7321428571428572,0.7321428571428572,0,Unsatisfied,High Loyalty
2142,24,Male,Dress,Clothing,98,Kentucky,M,Peach,Winter,4.1,No,2-Day Shipping,No,32,PayPal,Annually,1,0.975,0.6326530612244898,0.803826530612245,High Value,0.0,0.3163265306122449,0.3163265306122449,0,Satisfied,Low Loyalty
2143,47,Male,Hat,Accessories,39,North Dakota,M,Maroon,Winter,4.3,No,Next Day Air,No,21,Venmo,Quarterly,2,0.2375,0.40816326530612246,0.32283163265306125,Low Value,0.25,0.32908163265306123,0.32908163265306123,0,Satisfied,Low Loyalty
2144,53,Male,Sandals,Footwear,66,Arkansas,L,Red,Fall,3.8,No,Next Day Air,No,48,Venmo,Fortnightly,4,0.575,0.9591836734693877,0.7670918367346938,High Value,0.75,0.8545918367346939,0.8545918367346939,0,Unsatisfied,High Loyalty
2145,47,Male,Shoes,Footwear,23,Maryland,L,Orange,Winter,3.7,No,Free Shipping,No,25,PayPal,Quarterly,2,0.0375,0.4897959183673469,0.26364795918367345,Low Value,0.25,0.36989795918367346,0.36989795918367346,0,Unsatisfied,Mid Loyalty
2146,38,Male,Skirt,Clothing,73,Connecticut,S,White,Winter,4.8,No,Standard,No,32,PayPal,Annually,1,0.6625,0.6326530612244898,0.647576530612245,Mid Value,0.0,0.3163265306122449,0.3163265306122449,0,Satisfied,Low Loyalty
2147,48,Male,Sunglasses,Accessories,23,Utah,XL,White,Summer,4.6,No,Standard,No,45,PayPal,Quarterly,2,0.0375,0.8979591836734694,0.4677295918367347,Mid Value,0.25,0.5739795918367347,0.5739795918367347,0,Satisfied,Mid Loyalty
2148,47,Male,Skirt,Clothing,43,Missouri,S,Charcoal,Fall,4.8,No,Standard,No,4,Cash,Fortnightly,4,0.2875,0.061224489795918366,0.17436224489795918,Low Value,0.75,0.40561224489795916,0.40561224489795916,0,Satisfied,Mid Loyalty
2149,19,Male,T-shirt,Clothing,45,Nebraska,XL,Turquoise,Winter,4.6,No,2-Day Shipping,No,19,PayPal,Fortnightly,4,0.3125,0.3673469387755102,0.3399234693877551,Mid Value,0.75,0.5586734693877551,0.5586734693877551,0,Satisfied,Mid Loyalty
2150,38,Male,Sandals,Footwear,21,Hawaii,L,Orange,Winter,4.0,No,Standard,No,1,Bank Transfer,Weekly,5,0.0125,0.0,0.00625,Low Value,1.0,0.5,0.5,0,Satisfied,Mid Loyalty
2151,57,Male,Shirt,Clothing,40,Illinois,M,Orange,Spring,2.6,No,2-Day Shipping,No,12,Cash,Weekly,5,0.25,0.22448979591836735,0.2372448979591837,Low Value,1.0,0.6122448979591837,0.6122448979591837,0,Unsatisfied,Mid Loyalty
2152,70,Male,Jeans,Clothing,58,Vermont,L,Brown,Fall,2.6,No,2-Day Shipping,No,18,Venmo,Monthly,3,0.475,0.3469387755102041,0.41096938775510206,Mid Value,0.5,0.423469387755102,0.423469387755102,0,Unsatisfied,Mid Loyalty
2153,38,Male,Shorts,Clothing,48,New Jersey,L,Magenta,Summer,4.5,No,Next Day Air,No,43,Bank Transfer,Fortnightly,4,0.35,0.8571428571428571,0.6035714285714285,Mid Value,0.75,0.8035714285714286,0.8035714285714286,0,Satisfied,High Loyalty
2154,35,Male,Shirt,Clothing,94,Kentucky,M,Violet,Fall,4.2,No,Free Shipping,No,31,PayPal,Annually,1,0.925,0.6122448979591837,0.7686224489795919,High Value,0.0,0.30612244897959184,0.30612244897959184,0,Satisfied,Low Loyalty
2155,46,Male,Scarf,Accessories,74,Wyoming,M,Violet,Spring,3.4,No,Store Pickup,No,33,Cash,Quarterly,2,0.675,0.6530612244897959,0.664030612244898,Mid Value,0.25,0.45153061224489793,0.45153061224489793,0,Unsatisfied,Mid Loyalty
2156,32,Male,Handbag,Accessories,51,Hawaii,L,Yellow,Fall,3.7,No,Store Pickup,No,46,PayPal,Monthly,3,0.3875,0.9183673469387755,0.6529336734693878,Mid Value,0.5,0.7091836734693877,0.7091836734693877,0,Unsatisfied,High Loyalty
2157,38,Male,Skirt,Clothing,83,Missouri,M,Maroon,Winter,3.6,No,Next Day Air,No,41,Debit Card,Fortnightly,4,0.7875,0.8163265306122449,0.8019132653061225,High Value,0.75,0.7831632653061225,0.7831632653061225,0,Unsatisfied,High Loyalty
2158,41,Male,Handbag,Accessories,68,Mississippi,L,Turquoise,Winter,4.0,No,Next Day Air,No,41,Venmo,Fortnightly,4,0.6,0.8163265306122449,0.7081632653061225,High Value,0.75,0.7831632653061225,0.7831632653061225,0,Satisfied,High Loyalty
2159,19,Male,Gloves,Accessories,84,Massachusetts,XL,Olive,Spring,4.6,No,Standard,No,9,Bank Transfer,Fortnightly,4,0.8,0.16326530612244897,0.4816326530612245,Mid Value,0.75,0.45663265306122447,0.45663265306122447,0,Satisfied,Mid Loyalty
2160,18,Male,Shirt,Clothing,58,Louisiana,M,Peach,Fall,3.0,No,Free Shipping,No,34,Cash,Annually,1,0.475,0.673469387755102,0.574234693877551,Mid Value,0.0,0.336734693877551,0.336734693877551,0,Unsatisfied,Mid Loyalty
2161,45,Male,Blouse,Clothing,92,West Virginia,L,Charcoal,Winter,3.3,No,Express,No,21,PayPal,Annually,1,0.9,0.40816326530612246,0.6540816326530612,Mid Value,0.0,0.20408163265306123,0.20408163265306123,0,Unsatisfied,Low Loyalty
2162,23,Male,Dress,Clothing,69,Washington,S,Peach,Summer,3.8,No,Express,No,5,Debit Card,Fortnightly,4,0.6125,0.08163265306122448,0.34706632653061226,Mid Value,0.75,0.41581632653061223,0.41581632653061223,0,Unsatisfied,Mid Loyalty
2163,60,Male,Shorts,Clothing,48,Oregon,S,Black,Summer,2.7,No,Free Shipping,No,32,PayPal,Weekly,5,0.35,0.6326530612244898,0.4913265306122449,Mid Value,1.0,0.8163265306122449,0.8163265306122449,0,Unsatisfied,High Loyalty
2164,52,Male,Shoes,Footwear,60,New York,L,Gray,Spring,4.5,No,Express,No,44,Bank Transfer,Monthly,3,0.5,0.8775510204081632,0.6887755102040816,High Value,0.5,0.6887755102040816,0.6887755102040816,0,Satisfied,High Loyalty
2165,42,Male,Sandals,Footwear,20,Iowa,S,Olive,Winter,4.8,No,Next Day Air,No,46,PayPal,Fortnightly,4,0.0,0.9183673469387755,0.45918367346938777,Mid Value,0.75,0.8341836734693877,0.8341836734693877,0,Satisfied,High Loyalty
2166,29,Male,Pants,Clothing,55,Idaho,M,Turquoise,Summer,4.2,No,Express,No,42,Credit Card,Quarterly,2,0.4375,0.8367346938775511,0.6371173469387755,Mid Value,0.25,0.5433673469387755,0.5433673469387755,0,Satisfied,Mid Loyalty
2167,31,Male,Jacket,Outerwear,88,New Jersey,S,Purple,Spring,3.5,No,Express,No,50,Credit Card,Fortnightly,4,0.85,1.0,0.925,High Value,0.75,0.875,0.875,0,Unsatisfied,High Loyalty
2168,30,Male,Skirt,Clothing,48,Ohio,L,Green,Winter,4.9,No,Standard,No,33,Venmo,Fortnightly,4,0.35,0.6530612244897959,0.5015306122448979,Mid Value,0.75,0.7015306122448979,0.7015306122448979,0,Satisfied,High Loyalty
2169,23,Male,Handbag,Accessories,74,Connecticut,M,Beige,Spring,4.1,No,Next Day Air,No,32,Cash,Quarterly,2,0.675,0.6326530612244898,0.6538265306122449,Mid Value,0.25,0.4413265306122449,0.4413265306122449,0,Satisfied,Mid Loyalty
2170,31,Male,Coat,Outerwear,42,Florida,M,Brown,Fall,2.9,No,Next Day Air,No,32,Bank Transfer,Fortnightly,4,0.275,0.6326530612244898,0.4538265306122449,Mid Value,0.75,0.6913265306122449,0.6913265306122449,0,Unsatisfied,High Loyalty
2171,40,Male,Sweater,Clothing,32,South Carolina,M,Turquoise,Fall,4.0,No,Next Day Air,No,37,Venmo,Quarterly,2,0.15,0.7346938775510204,0.44234693877551023,Mid Value,0.25,0.4923469387755102,0.4923469387755102,0,Satisfied,Mid Loyalty
2172,39,Male,Shorts,Clothing,98,Missouri,M,Yellow,Summer,4.6,No,Store Pickup,No,9,Cash,Fortnightly,4,0.975,0.16326530612244897,0.5691326530612245,Mid Value,0.75,0.45663265306122447,0.45663265306122447,0,Satisfied,Mid Loyalty
2173,28,Male,Skirt,Clothing,89,Rhode Island,S,Lavender,Fall,2.8,No,Store Pickup,No,6,PayPal,Fortnightly,4,0.8625,0.10204081632653061,0.48227040816326533,Mid Value,0.75,0.4260204081632653,0.4260204081632653,0,Unsatisfied,Mid Loyalty
2174,23,Male,Gloves,Accessories,97,Delaware,S,Cyan,Summer,5.0,No,2-Day Shipping,No,36,Venmo,Quarterly,2,0.9625,0.7142857142857143,0.8383928571428572,High Value,0.25,0.48214285714285715,0.48214285714285715,0,Satisfied,Mid Loyalty
2175,42,Male,Backpack,Accessories,49,Colorado,S,Olive,Spring,2.9,No,Store Pickup,No,1,Cash,Annually,1,0.3625,0.0,0.18125,Low Value,0.0,0.0,0.0,0,Unsatisfied,Low Loyalty
2176,68,Male,Dress,Clothing,50,Nebraska,M,Silver,Spring,3.3,No,Free Shipping,No,48,Credit Card,Fortnightly,4,0.375,0.9591836734693877,0.6670918367346939,Mid Value,0.75,0.8545918367346939,0.8545918367346939,0,Unsatisfied,High Loyalty
2177,24,Male,Belt,Accessories,91,Vermont,S,Red,Winter,3.4,No,2-Day Shipping,No,44,Debit Card,Quarterly,2,0.8875,0.8775510204081632,0.8825255102040817,High Value,0.25,0.5637755102040816,0.5637755102040816,0,Unsatisfied,Mid Loyalty
2178,24,Male,Gloves,Accessories,93,Montana,XL,Green,Winter,3.0,No,Express,No,9,PayPal,Fortnightly,4,0.9125,0.16326530612244897,0.5378826530612245,Mid Value,0.75,0.45663265306122447,0.45663265306122447,0,Unsatisfied,Mid Loyalty
2179,21,Male,Jewelry,Accessories,98,Florida,M,Gold,Summer,4.7,No,Standard,No,32,Venmo,Annually,1,0.975,0.6326530612244898,0.803826530612245,High Value,0.0,0.3163265306122449,0.3163265306122449,0,Satisfied,Low Loyalty
2180,49,Male,Socks,Clothing,82,Delaware,L,Lavender,Fall,2.9,No,Next Day Air,No,14,PayPal,Monthly,3,0.775,0.2653061224489796,0.5201530612244898,Mid Value,0.5,0.38265306122448983,0.38265306122448983,0,Unsatisfied,Mid Loyalty
2181,41,Male,Coat,Outerwear,37,Connecticut,M,Yellow,Summer,4.1,No,Store Pickup,No,43,Cash,Quarterly,2,0.2125,0.8571428571428571,0.5348214285714286,Mid Value,0.25,0.5535714285714286,0.5535714285714286,0,Satisfied,Mid Loyalty
2182,22,Male,Handbag,Accessories,63,Hawaii,M,Black,Fall,3.2,No,Free Shipping,No,32,Bank Transfer,Fortnightly,4,0.5375,0.6326530612244898,0.585076530612245,Mid Value,0.75,0.6913265306122449,0.6913265306122449,0,Unsatisfied,High Loyalty
2183,42,Male,Blouse,Clothing,99,New Mexico,M,Maroon,Winter,2.7,No,Store Pickup,No,26,Venmo,Fortnightly,4,0.9875,0.5102040816326531,0.7488520408163266,High Value,0.75,0.6301020408163265,0.6301020408163265,0,Unsatisfied,Mid Loyalty
2184,30,Male,Shorts,Clothing,37,Kansas,M,Maroon,Spring,4.7,No,Store Pickup,No,2,Cash,Monthly,3,0.2125,0.02040816326530612,0.11645408163265306,Low Value,0.5,0.2602040816326531,0.2602040816326531,0,Satisfied,Low Loyalty
2185,38,Male,Shoes,Footwear,34,Nevada,S,Gold,Spring,3.2,No,Free Shipping,No,16,PayPal,Quarterly,2,0.175,0.30612244897959184,0.24056122448979592,Low Value,0.25,0.2780612244897959,0.2780612244897959,0,Unsatisfied,Low Loyalty
2186,40,Male,Shorts,Clothing,32,North Carolina,M,Violet,Winter,2.5,No,Express,No,50,Debit Card,Quarterly,2,0.15,1.0,0.575,Mid Value,0.25,0.625,0.625,0,Unsatisfied,Mid Loyalty
2187,55,Male,Sandals,Footwear,23,New Mexico,XL,Teal,Winter,4.3,No,Next Day Air,No,6,PayPal,Quarterly,2,0.0375,0.10204081632653061,0.06977040816326531,Low Value,0.25,0.1760204081632653,0.1760204081632653,0,Satisfied,Low Loyalty
2188,37,Male,Blouse,Clothing,78,Idaho,M,Violet,Spring,4.4,No,Free Shipping,No,20,PayPal,Annually,1,0.725,0.3877551020408163,0.5563775510204081,Mid Value,0.0,0.19387755102040816,0.19387755102040816,0,Satisfied,Low Loyalty
2189,41,Male,Coat,Outerwear,54,California,M,Brown,Winter,4.7,No,Next Day Air,No,9,Credit Card,Weekly,5,0.425,0.16326530612244897,0.2941326530612245,Low Value,1.0,0.5816326530612245,0.5816326530612245,0,Satisfied,Mid Loyalty
2190,38,Male,Blouse,Clothing,94,Wisconsin,XL,Brown,Fall,4.0,No,Express,No,47,Credit Card,Fortnightly,4,0.925,0.9387755102040817,0.9318877551020408,High Value,0.75,0.8443877551020409,0.8443877551020409,0,Satisfied,High Loyalty
2191,42,Male,Belt,Accessories,75,Alaska,S,Maroon,Spring,4.6,No,Express,No,33,Credit Card,Annually,1,0.6875,0.6530612244897959,0.6702806122448979,High Value,0.0,0.32653061224489793,0.32653061224489793,0,Satisfied,Low Loyalty
2192,26,Male,Blouse,Clothing,69,Pennsylvania,S,Maroon,Summer,3.8,No,Next Day Air,No,46,Cash,Fortnightly,4,0.6125,0.9183673469387755,0.7654336734693878,High Value,0.75,0.8341836734693877,0.8341836734693877,0,Unsatisfied,High Loyalty
2193,41,Male,Scarf,Accessories,35,Virginia,L,Yellow,Winter,3.2,No,Next Day Air,No,9,Credit Card,Monthly,3,0.1875,0.16326530612244897,0.17538265306122447,Low Value,0.5,0.33163265306122447,0.33163265306122447,0,Unsatisfied,Low Loyalty
2194,27,Male,Shirt,Clothing,78,California,L,Turquoise,Spring,5.0,No,Express,No,8,PayPal,Monthly,3,0.725,0.14285714285714285,0.43392857142857144,Mid Value,0.5,0.3214285714285714,0.3214285714285714,0,Satisfied,Low Loyalty
2195,61,Male,Socks,Clothing,29,Kentucky,M,Silver,Summer,3.5,No,Standard,No,48,Bank Transfer,Quarterly,2,0.1125,0.9591836734693877,0.5358418367346939,Mid Value,0.25,0.6045918367346939,0.6045918367346939,0,Unsatisfied,Mid Loyalty
2196,58,Male,Jeans,Clothing,62,New York,M,Brown,Fall,3.7,No,Next Day Air,No,2,Cash,Monthly,3,0.525,0.02040816326530612,0.2727040816326531,Low Value,0.5,0.2602040816326531,0.2602040816326531,0,Unsatisfied,Low Loyalty
2197,25,Male,Dress,Clothing,58,Vermont,M,Gray,Spring,4.8,No,Next Day Air,No,31,PayPal,Weekly,5,0.475,0.6122448979591837,0.5436224489795918,Mid Value,1.0,0.8061224489795918,0.8061224489795918,0,Satisfied,High Loyalty
2198,33,Male,Boots,Footwear,88,Pennsylvania,M,Indigo,Summer,3.7,No,2-Day Shipping,No,40,Venmo,Monthly,3,0.85,0.7959183673469388,0.8229591836734693,High Value,0.5,0.6479591836734694,0.6479591836734694,0,Unsatisfied,Mid Loyalty
2199,57,Male,Scarf,Accessories,80,New York,L,Turquoise,Summer,3.5,No,Free Shipping,No,35,Venmo,Monthly,3,0.75,0.6938775510204082,0.721938775510204,High Value,0.5,0.596938775510204,0.596938775510204,0,Unsatisfied,Mid Loyalty
2200,39,Male,Scarf,Accessories,47,North Carolina,M,Maroon,Summer,4.9,No,Store Pickup,No,40,Debit Card,Monthly,3,0.3375,0.7959183673469388,0.5667091836734695,Mid Value,0.5,0.6479591836734694,0.6479591836734694,0,Satisfied,Mid Loyalty
2201,60,Male,Gloves,Accessories,51,Wyoming,L,Charcoal,Summer,4.7,No,Next Day Air,No,27,Debit Card,Quarterly,2,0.3875,0.5306122448979592,0.45905612244897964,Mid Value,0.25,0.3903061224489796,0.3903061224489796,0,Satisfied,Mid Loyalty
2202,39,Male,Pants,Clothing,25,Ohio,L,Peach,Spring,4.9,No,2-Day Shipping,No,10,Venmo,Annually,1,0.0625,0.1836734693877551,0.12308673469387756,Low Value,0.0,0.09183673469387756,0.09183673469387756,0,Satisfied,Low Loyalty
2203,42,Male,Dress,Clothing,36,Alabama,M,Red,Summer,4.3,No,Next Day Air,No,23,Credit Card,Weekly,5,0.2,0.4489795918367347,0.32448979591836735,Low Value,1.0,0.7244897959183674,0.7244897959183674,0,Satisfied,High Loyalty
2204,53,Male,Dress,Clothing,79,Rhode Island,M,Indigo,Winter,3.1,No,Free Shipping,No,32,Cash,Quarterly,2,0.7375,0.6326530612244898,0.6850765306122449,High Value,0.25,0.4413265306122449,0.4413265306122449,0,Unsatisfied,Mid Loyalty
2205,20,Male,Jeans,Clothing,41,Oregon,S,Lavender,Winter,3.4,No,2-Day Shipping,No,6,Debit Card,Monthly,3,0.2625,0.10204081632653061,0.1822704081632653,Low Value,0.5,0.3010204081632653,0.3010204081632653,0,Unsatisfied,Low Loyalty
2206,46,Male,Sweater,Clothing,68,North Dakota,XL,Red,Fall,2.7,No,Express,No,27,PayPal,Weekly,5,0.6,0.5306122448979592,0.5653061224489796,Mid Value,1.0,0.7653061224489797,0.7653061224489797,0,Unsatisfied,High Loyalty
2207,46,Male,Sandals,Footwear,51,Illinois,L,Green,Spring,2.6,No,Store Pickup,No,25,Bank Transfer,Fortnightly,4,0.3875,0.4897959183673469,0.4386479591836735,Mid Value,0.75,0.6198979591836735,0.6198979591836735,0,Unsatisfied,Mid Loyalty
2208,69,Male,Handbag,Accessories,38,New Mexico,M,Gray,Fall,2.9,No,Next Day Air,No,11,Credit Card,Annually,1,0.225,0.20408163265306123,0.2145408163265306,Low Value,0.0,0.10204081632653061,0.10204081632653061,0,Unsatisfied,Low Loyalty
2209,28,Male,Scarf,Accessories,46,Colorado,XL,Violet,Summer,2.7,No,2-Day Shipping,No,23,PayPal,Monthly,3,0.325,0.4489795918367347,0.38698979591836735,Mid Value,0.5,0.4744897959183674,0.4744897959183674,0,Unsatisfied,Mid Loyalty
2210,42,Male,Sandals,Footwear,20,Utah,XL,Beige,Summer,4.5,No,2-Day Shipping,No,44,Bank Transfer,Quarterly,2,0.0,0.8775510204081632,0.4387755102040816,Mid Value,0.25,0.5637755102040816,0.5637755102040816,0,Satisfied,Mid Loyalty
2211,30,Male,Sunglasses,Accessories,25,Virginia,M,Orange,Summer,3.1,No,Store Pickup,No,35,PayPal,Fortnightly,4,0.0625,0.6938775510204082,0.3781887755102041,Mid Value,0.75,0.721938775510204,0.721938775510204,0,Unsatisfied,High Loyalty
2212,50,Male,Sweater,Clothing,89,Maine,L,Purple,Winter,3.2,No,Free Shipping,No,45,Debit Card,Quarterly,2,0.8625,0.8979591836734694,0.8802295918367347,High Value,0.25,0.5739795918367347,0.5739795918367347,0,Unsatisfied,Mid Loyalty
2213,59,Male,Pants,Clothing,77,Nebraska,M,Brown,Winter,3.3,No,Next Day Air,No,22,Bank Transfer,Quarterly,2,0.7125,0.42857142857142855,0.5705357142857143,Mid Value,0.25,0.3392857142857143,0.3392857142857143,0,Unsatisfied,Mid Loyalty
2214,54,Male,Hat,Accessories,94,Hawaii,M,Maroon,Fall,2.9,No,Express,No,18,Debit Card,Quarterly,2,0.925,0.3469387755102041,0.635969387755102,Mid Value,0.25,0.298469387755102,0.298469387755102,0,Unsatisfied,Low Loyalty
2215,50,Male,Belt,Accessories,100,Idaho,L,Gold,Fall,4.1,No,Standard,No,20,Debit Card,Weekly,5,1.0,0.3877551020408163,0.6938775510204082,High Value,1.0,0.6938775510204082,0.6938775510204082,0,Satisfied,High Loyalty
2216,25,Male,Sandals,Footwear,96,West Virginia,M,Indigo,Winter,2.7,No,Express,No,28,Credit Card,Fortnightly,4,0.95,0.5510204081632653,0.7505102040816326,High Value,0.75,0.6505102040816326,0.6505102040816326,0,Unsatisfied,Mid Loyalty
2217,41,Male,Pants,Clothing,36,Vermont,XL,Silver,Winter,4.0,No,Store Pickup,No,15,Venmo,Fortnightly,4,0.2,0.2857142857142857,0.24285714285714285,Low Value,0.75,0.5178571428571428,0.5178571428571428,0,Satisfied,Mid Loyalty
2218,35,Male,Jewelry,Accessories,27,Indiana,XL,Red,Fall,2.6,No,Store Pickup,No,42,Bank Transfer,Fortnightly,4,0.0875,0.8367346938775511,0.46211734693877554,Mid Value,0.75,0.7933673469387755,0.7933673469387755,0,Unsatisfied,High Loyalty
2219,67,Male,Sunglasses,Accessories,67,Idaho,M,Magenta,Winter,3.5,No,Store Pickup,No,20,Debit Card,Quarterly,2,0.5875,0.3877551020408163,0.48762755102040817,Mid Value,0.25,0.31887755102040816,0.31887755102040816,0,Unsatisfied,Low Loyalty
2220,33,Male,Blouse,Clothing,91,Minnesota,S,Purple,Fall,2.8,No,Store Pickup,No,16,Bank Transfer,Fortnightly,4,0.8875,0.30612244897959184,0.5968112244897958,Mid Value,0.75,0.528061224489796,0.528061224489796,0,Unsatisfied,Mid Loyalty
2221,19,Male,Belt,Accessories,62,Wyoming,XL,Beige,Fall,4.5,No,Store Pickup,No,47,Cash,Annually,1,0.525,0.9387755102040817,0.7318877551020408,High Value,0.0,0.46938775510204084,0.46938775510204084,0,Satisfied,Mid Loyalty
2222,25,Male,Shorts,Clothing,88,Kansas,XL,White,Fall,3.0,No,Free Shipping,No,34,Credit Card,Annually,1,0.85,0.673469387755102,0.761734693877551,High Value,0.0,0.336734693877551,0.336734693877551,0,Unsatisfied,Mid Loyalty
2223,32,Male,Pants,Clothing,66,Georgia,M,Teal,Summer,4.4,No,Store Pickup,No,30,Credit Card,Weekly,5,0.575,0.5918367346938775,0.5834183673469387,Mid Value,1.0,0.7959183673469388,0.7959183673469388,0,Satisfied,High Loyalty
2224,30,Male,Sandals,Footwear,65,Kansas,M,Gray,Fall,4.7,No,Next Day Air,No,5,PayPal,Quarterly,2,0.5625,0.08163265306122448,0.32206632653061223,Low Value,0.25,0.16581632653061223,0.16581632653061223,0,Satisfied,Low Loyalty
2225,18,Male,Gloves,Accessories,25,Nebraska,L,Charcoal,Winter,4.3,No,Standard,No,38,Cash,Quarterly,2,0.0625,0.7551020408163265,0.40880102040816324,Mid Value,0.25,0.5025510204081632,0.5025510204081632,0,Satisfied,Mid Loyalty
2226,38,Male,Belt,Accessories,64,Washington,S,Olive,Spring,4.8,No,Free Shipping,No,18,Credit Card,Annually,1,0.55,0.3469387755102041,0.44846938775510203,Mid Value,0.0,0.17346938775510204,0.17346938775510204,0,Satisfied,Low Loyalty
2227,22,Male,Shirt,Clothing,72,Missouri,L,Blue,Spring,4.8,No,Store Pickup,No,28,Cash,Annually,1,0.65,0.5510204081632653,0.6005102040816326,Mid Value,0.0,0.2755102040816326,0.2755102040816326,0,Satisfied,Low Loyalty
2228,40,Male,Scarf,Accessories,74,Washington,S,Gray,Summer,4.4,No,Next Day Air,No,42,Credit Card,Fortnightly,4,0.675,0.8367346938775511,0.7558673469387756,High Value,0.75,0.7933673469387755,0.7933673469387755,0,Satisfied,High Loyalty
2229,54,Male,Gloves,Accessories,50,Kansas,M,Green,Fall,3.7,No,Free Shipping,No,5,Credit Card,Weekly,5,0.375,0.08163265306122448,0.22831632653061223,Low Value,1.0,0.5408163265306123,0.5408163265306123,0,Unsatisfied,Mid Loyalty
2230,70,Male,Pants,Clothing,97,Minnesota,M,Silver,Fall,3.9,No,Express,No,50,Venmo,Monthly,3,0.9625,1.0,0.98125,High Value,0.5,0.75,0.75,0,Satisfied,High Loyalty
2231,52,Male,Sneakers,Footwear,36,Colorado,S,Teal,Spring,3.8,No,Express,No,33,Venmo,Fortnightly,4,0.2,0.6530612244897959,0.42653061224489797,Mid Value,0.75,0.7015306122448979,0.7015306122448979,0,Unsatisfied,High Loyalty
2232,34,Male,Jacket,Outerwear,49,Utah,M,Beige,Fall,4.1,No,Store Pickup,No,1,Credit Card,Weekly,5,0.3625,0.0,0.18125,Low Value,1.0,0.5,0.5,0,Satisfied,Mid Loyalty
2233,65,Male,Shoes,Footwear,64,North Carolina,L,Lavender,Spring,4.0,No,Store Pickup,No,14,Cash,Fortnightly,4,0.55,0.2653061224489796,0.40765306122448985,Mid Value,0.75,0.5076530612244898,0.5076530612244898,0,Satisfied,Mid Loyalty
2234,38,Male,Blouse,Clothing,31,Florida,XL,Gray,Summer,4.5,No,Express,No,48,Credit Card,Monthly,3,0.1375,0.9591836734693877,0.5483418367346938,Mid Value,0.5,0.7295918367346939,0.7295918367346939,0,Satisfied,High Loyalty
2235,35,Male,Boots,Footwear,66,New Hampshire,S,Yellow,Winter,4.0,No,Express,No,26,Cash,Weekly,5,0.575,0.5102040816326531,0.5426020408163266,Mid Value,1.0,0.7551020408163265,0.7551020408163265,0,Satisfied,High Loyalty
2236,40,Male,Socks,Clothing,82,Illinois,M,Gray,Spring,4.5,No,2-Day Shipping,No,44,Credit Card,Annually,1,0.775,0.8775510204081632,0.8262755102040816,High Value,0.0,0.4387755102040816,0.4387755102040816,0,Satisfied,Mid Loyalty
2237,23,Male,T-shirt,Clothing,88,Louisiana,M,Yellow,Winter,2.7,No,Standard,No,18,Debit Card,Fortnightly,4,0.85,0.3469387755102041,0.5984693877551021,Mid Value,0.75,0.548469387755102,0.548469387755102,0,Unsatisfied,Mid Loyalty
2238,45,Male,Sandals,Footwear,34,Alabama,S,Black,Summer,3.8,No,Next Day Air,No,31,Venmo,Quarterly,2,0.175,0.6122448979591837,0.39362244897959187,Mid Value,0.25,0.43112244897959184,0.43112244897959184,0,Unsatisfied,Mid Loyalty
2239,40,Male,Sneakers,Footwear,84,Florida,L,Beige,Winter,3.8,No,Standard,No,18,Debit Card,Weekly,5,0.8,0.3469387755102041,0.573469387755102,Mid Value,1.0,0.673469387755102,0.673469387755102,0,Unsatisfied,High Loyalty
2240,42,Male,Jewelry,Accessories,96,Alabama,L,Indigo,Summer,3.8,No,2-Day Shipping,No,41,Credit Card,Quarterly,2,0.95,0.8163265306122449,0.8831632653061224,High Value,0.25,0.5331632653061225,0.5331632653061225,0,Unsatisfied,Mid Loyalty
2241,57,Male,Sandals,Footwear,71,California,L,Green,Winter,4.3,No,Next Day Air,No,18,Debit Card,Quarterly,2,0.6375,0.3469387755102041,0.492219387755102,Mid Value,0.25,0.298469387755102,0.298469387755102,0,Satisfied,Low Loyalty
2242,18,Male,Jacket,Outerwear,77,Maryland,M,Purple,Summer,3.5,No,Free Shipping,No,3,Bank Transfer,Fortnightly,4,0.7125,0.04081632653061224,0.37665816326530616,Mid Value,0.75,0.39540816326530615,0.39540816326530615,0,Unsatisfied,Mid Loyalty
2243,18,Male,Skirt,Clothing,66,Nevada,M,Orange,Spring,3.8,No,Next Day Air,No,5,Credit Card,Fortnightly,4,0.575,0.08163265306122448,0.3283163265306122,Low Value,0.75,0.41581632653061223,0.41581632653061223,0,Unsatisfied,Mid Loyalty
2244,56,Male,Shirt,Clothing,21,Massachusetts,M,Teal,Winter,3.7,No,2-Day Shipping,No,13,Debit Card,Annually,1,0.0125,0.24489795918367346,0.12869897959183674,Low Value,0.0,0.12244897959183673,0.12244897959183673,0,Unsatisfied,Low Loyalty
2245,35,Male,Shorts,Clothing,37,South Carolina,M,Gold,Summer,4.8,No,2-Day Shipping,No,22,PayPal,Annually,1,0.2125,0.42857142857142855,0.32053571428571426,Low Value,0.0,0.21428571428571427,0.21428571428571427,0,Satisfied,Low Loyalty
2246,49,Male,Socks,Clothing,90,Delaware,L,Gray,Fall,4.9,No,Free Shipping,No,45,PayPal,Fortnightly,4,0.875,0.8979591836734694,0.8864795918367347,High Value,0.75,0.8239795918367347,0.8239795918367347,0,Satisfied,High Loyalty
2247,49,Male,Jacket,Outerwear,96,Hawaii,M,Cyan,Fall,4.3,No,Store Pickup,No,39,PayPal,Quarterly,2,0.95,0.7755102040816326,0.8627551020408163,High Value,0.25,0.5127551020408163,0.5127551020408163,0,Satisfied,Mid Loyalty
2248,34,Male,Jewelry,Accessories,37,Florida,L,Teal,Summer,4.4,No,Next Day Air,No,18,Venmo,Annually,1,0.2125,0.3469387755102041,0.279719387755102,Low Value,0.0,0.17346938775510204,0.17346938775510204,0,Satisfied,Low Loyalty
2249,63,Male,T-shirt,Clothing,66,Rhode Island,M,Violet,Winter,3.4,No,Free Shipping,No,19,PayPal,Fortnightly,4,0.575,0.3673469387755102,0.47117346938775506,Mid Value,0.75,0.5586734693877551,0.5586734693877551,0,Unsatisfied,Mid Loyalty
2250,42,Male,Gloves,Accessories,45,Wyoming,XL,Indigo,Spring,4.3,No,Next Day Air,No,29,Debit Card,Weekly,5,0.3125,0.5714285714285714,0.4419642857142857,Mid Value,1.0,0.7857142857142857,0.7857142857142857,0,Satisfied,High Loyalty
2251,41,Male,Shoes,Footwear,89,Colorado,L,Pink,Summer,4.6,No,Store Pickup,No,19,Credit Card,Weekly,5,0.8625,0.3673469387755102,0.6149234693877551,Mid Value,1.0,0.6836734693877551,0.6836734693877551,0,Satisfied,High Loyalty
2252,26,Male,Shoes,Footwear,94,Virginia,L,Gold,Fall,3.8,No,Free Shipping,No,22,Debit Card,Monthly,3,0.925,0.42857142857142855,0.6767857142857143,High Value,0.5,0.4642857142857143,0.4642857142857143,0,Unsatisfied,Mid Loyalty
2253,48,Male,Shoes,Footwear,96,Nebraska,S,Maroon,Summer,3.9,No,Express,No,21,Bank Transfer,Annually,1,0.95,0.40816326530612246,0.6790816326530612,High Value,0.0,0.20408163265306123,0.20408163265306123,0,Satisfied,Low Loyalty
2254,62,Male,Hoodie,Clothing,31,Oklahoma,M,Brown,Spring,2.6,No,Store Pickup,No,22,PayPal,Monthly,3,0.1375,0.42857142857142855,0.2830357142857143,Low Value,0.5,0.4642857142857143,0.4642857142857143,0,Unsatisfied,Mid Loyalty
2255,24,Male,Belt,Accessories,79,North Dakota,M,Gold,Winter,4.2,No,Store Pickup,No,44,PayPal,Quarterly,2,0.7375,0.8775510204081632,0.8075255102040817,High Value,0.25,0.5637755102040816,0.5637755102040816,0,Satisfied,Mid Loyalty
2256,48,Male,Coat,Outerwear,39,Michigan,L,Teal,Spring,4.6,No,Store Pickup,No,42,Bank Transfer,Quarterly,2,0.2375,0.8367346938775511,0.5371173469387756,Mid Value,0.25,0.5433673469387755,0.5433673469387755,0,Satisfied,Mid Loyalty
2257,31,Male,Blouse,Clothing,22,California,M,Turquoise,Fall,5.0,No,Standard,No,33,Credit Card,Quarterly,2,0.025,0.6530612244897959,0.33903061224489794,Mid Value,0.25,0.45153061224489793,0.45153061224489793,0,Satisfied,Mid Loyalty
2258,41,Male,Skirt,Clothing,32,Tennessee,L,Olive,Fall,4.2,No,Standard,No,6,Bank Transfer,Annually,1,0.15,0.10204081632653061,0.12602040816326532,Low Value,0.0,0.05102040816326531,0.05102040816326531,0,Satisfied,Low Loyalty
2259,24,Male,T-shirt,Clothing,71,Ohio,L,Cyan,Winter,4.3,No,Store Pickup,No,44,Credit Card,Quarterly,2,0.6375,0.8775510204081632,0.7575255102040817,High Value,0.25,0.5637755102040816,0.5637755102040816,0,Satisfied,Mid Loyalty
2260,60,Male,Jeans,Clothing,96,Florida,XL,Beige,Spring,3.3,No,Free Shipping,No,24,Cash,Annually,1,0.95,0.46938775510204084,0.7096938775510204,High Value,0.0,0.23469387755102042,0.23469387755102042,0,Unsatisfied,Low Loyalty
2261,38,Male,Scarf,Accessories,82,Missouri,M,Blue,Fall,4.9,No,Express,No,16,PayPal,Quarterly,2,0.775,0.30612244897959184,0.5405612244897959,Mid Value,0.25,0.2780612244897959,0.2780612244897959,0,Satisfied,Low Loyalty
2262,58,Male,Backpack,Accessories,76,South Carolina,L,Gold,Spring,4.4,No,Standard,No,12,Bank Transfer,Fortnightly,4,0.7,0.22448979591836735,0.46224489795918366,Mid Value,0.75,0.4872448979591837,0.4872448979591837,0,Satisfied,Mid Loyalty
2263,53,Male,Backpack,Accessories,22,Arizona,M,Green,Winter,3.1,No,2-Day Shipping,No,50,PayPal,Monthly,3,0.025,1.0,0.5125,Mid Value,0.5,0.75,0.75,0,Unsatisfied,High Loyalty
2264,44,Male,Scarf,Accessories,40,Indiana,XL,Green,Winter,3.5,No,Store Pickup,No,42,Cash,Quarterly,2,0.25,0.8367346938775511,0.5433673469387755,Mid Value,0.25,0.5433673469387755,0.5433673469387755,0,Unsatisfied,Mid Loyalty
2265,51,Male,Hat,Accessories,92,North Dakota,M,Turquoise,Summer,3.9,No,2-Day Shipping,No,50,PayPal,Monthly,3,0.9,1.0,0.95,High Value,0.5,0.75,0.75,0,Satisfied,High Loyalty
2266,36,Male,Coat,Outerwear,94,Montana,XL,Yellow,Fall,3.9,No,Store Pickup,No,10,PayPal,Quarterly,2,0.925,0.1836734693877551,0.5543367346938776,Mid Value,0.25,0.21683673469387754,0.21683673469387754,0,Satisfied,Low Loyalty
2267,20,Male,Dress,Clothing,44,Missouri,M,Yellow,Fall,4.3,No,Store Pickup,No,32,Debit Card,Weekly,5,0.3,0.6326530612244898,0.46632653061224494,Mid Value,1.0,0.8163265306122449,0.8163265306122449,0,Satisfied,High Loyalty
2268,32,Male,Gloves,Accessories,49,Kentucky,S,Blue,Spring,3.8,No,Express,No,37,Venmo,Weekly,5,0.3625,0.7346938775510204,0.5485969387755102,Mid Value,1.0,0.8673469387755102,0.8673469387755102,0,Unsatisfied,High Loyalty
2269,66,Male,Sweater,Clothing,26,Georgia,L,Charcoal,Spring,2.7,No,2-Day Shipping,No,15,Bank Transfer,Monthly,3,0.075,0.2857142857142857,0.18035714285714285,Low Value,0.5,0.39285714285714285,0.39285714285714285,0,Unsatisfied,Mid Loyalty
2270,49,Male,Skirt,Clothing,38,Kentucky,M,Yellow,Fall,4.4,No,Store Pickup,No,27,Credit Card,Annually,1,0.225,0.5306122448979592,0.3778061224489796,Mid Value,0.0,0.2653061224489796,0.2653061224489796,0,Satisfied,Low Loyalty
2271,27,Male,Blouse,Clothing,72,Georgia,L,Purple,Spring,3.5,No,Express,No,7,Venmo,Weekly,5,0.65,0.12244897959183673,0.3862244897959184,Mid Value,1.0,0.5612244897959183,0.5612244897959183,0,Unsatisfied,Mid Loyalty
2272,29,Male,Dress,Clothing,99,Alaska,M,Green,Summer,3.4,No,Free Shipping,No,49,PayPal,Quarterly,2,0.9875,0.9795918367346939,0.983545918367347,High Value,0.25,0.6147959183673469,0.6147959183673469,0,Unsatisfied,Mid Loyalty
2273,29,Male,Jacket,Outerwear,38,Maine,L,Charcoal,Spring,4.0,No,Standard,No,44,PayPal,Monthly,3,0.225,0.8775510204081632,0.5512755102040816,Mid Value,0.5,0.6887755102040816,0.6887755102040816,0,Satisfied,High Loyalty
2274,55,Male,Coat,Outerwear,96,New Mexico,L,Silver,Winter,4.8,No,Express,No,13,PayPal,Fortnightly,4,0.95,0.24489795918367346,0.5974489795918367,Mid Value,0.75,0.49744897959183676,0.49744897959183676,0,Satisfied,Mid Loyalty
2275,57,Male,Dress,Clothing,27,New York,L,Turquoise,Spring,4.5,No,Next Day Air,No,38,PayPal,Fortnightly,4,0.0875,0.7551020408163265,0.42130102040816325,Mid Value,0.75,0.7525510204081632,0.7525510204081632,0,Satisfied,High Loyalty
2276,29,Male,Shorts,Clothing,24,Oklahoma,M,Gray,Winter,4.4,No,Standard,No,10,Debit Card,Weekly,5,0.05,0.1836734693877551,0.11683673469387756,Low Value,1.0,0.5918367346938775,0.5918367346938775,0,Satisfied,Mid Loyalty
2277,31,Male,Jeans,Clothing,82,Wyoming,L,Red,Summer,4.1,No,2-Day Shipping,No,25,Debit Card,Weekly,5,0.775,0.4897959183673469,0.6323979591836735,Mid Value,1.0,0.7448979591836735,0.7448979591836735,0,Satisfied,High Loyalty
2278,25,Male,Hat,Accessories,56,Alabama,M,Beige,Summer,4.6,No,Next Day Air,No,18,Credit Card,Quarterly,2,0.45,0.3469387755102041,0.39846938775510204,Mid Value,0.25,0.298469387755102,0.298469387755102,0,Satisfied,Low Loyalty
2279,61,Male,Gloves,Accessories,25,Maryland,M,Maroon,Fall,3.8,No,Store Pickup,No,6,Cash,Quarterly,2,0.0625,0.10204081632653061,0.08227040816326531,Low Value,0.25,0.1760204081632653,0.1760204081632653,0,Unsatisfied,Low Loyalty
2280,53,Male,Sneakers,Footwear,67,West Virginia,L,Indigo,Spring,2.9,No,Free Shipping,No,35,Bank Transfer,Quarterly,2,0.5875,0.6938775510204082,0.6406887755102041,Mid Value,0.25,0.4719387755102041,0.4719387755102041,0,Unsatisfied,Mid Loyalty
2281,22,Male,Shoes,Footwear,21,Kentucky,M,Red,Summer,2.8,No,Standard,No,31,Credit Card,Fortnightly,4,0.0125,0.6122448979591837,0.3123724489795918,Low Value,0.75,0.6811224489795918,0.6811224489795918,0,Unsatisfied,High Loyalty
2282,28,Male,Hoodie,Clothing,27,Kansas,XL,Maroon,Summer,3.0,No,Store Pickup,No,41,Bank Transfer,Annually,1,0.0875,0.8163265306122449,0.45191326530612247,Mid Value,0.0,0.40816326530612246,0.40816326530612246,0,Unsatisfied,Mid Loyalty
2283,18,Male,Sneakers,Footwear,97,Idaho,S,Red,Fall,4.2,No,2-Day Shipping,No,8,Credit Card,Annually,1,0.9625,0.14285714285714285,0.5526785714285715,Mid Value,0.0,0.07142857142857142,0.07142857142857142,0,Satisfied,Low Loyalty
2284,44,Male,Handbag,Accessories,45,Ohio,S,Black,Winter,4.1,No,Free Shipping,No,34,Credit Card,Fortnightly,4,0.3125,0.673469387755102,0.492984693877551,Mid Value,0.75,0.7117346938775511,0.7117346938775511,0,Satisfied,High Loyalty
2285,32,Male,Blouse,Clothing,63,Iowa,XL,Black,Fall,4.1,No,Express,No,20,Venmo,Annually,1,0.5375,0.3877551020408163,0.46262755102040815,Mid Value,0.0,0.19387755102040816,0.19387755102040816,0,Satisfied,Low Loyalty
2286,34,Male,Belt,Accessories,100,Michigan,L,Pink,Summer,4.6,No,2-Day Shipping,No,38,PayPal,Quarterly,2,1.0,0.7551020408163265,0.8775510204081632,High Value,0.25,0.5025510204081632,0.5025510204081632,0,Satisfied,Mid Loyalty
2287,67,Male,Socks,Clothing,38,South Dakota,L,Blue,Spring,2.5,No,Store Pickup,No,35,Venmo,Quarterly,2,0.225,0.6938775510204082,0.45943877551020407,Mid Value,0.25,0.4719387755102041,0.4719387755102041,0,Unsatisfied,Mid Loyalty
2288,66,Male,Blouse,Clothing,45,Nebraska,L,Green,Summer,3.0,No,Store Pickup,No,6,Debit Card,Annually,1,0.3125,0.10204081632653061,0.2072704081632653,Low Value,0.0,0.05102040816326531,0.05102040816326531,0,Unsatisfied,Low Loyalty
2289,28,Male,Jewelry,Accessories,91,California,M,Orange,Fall,3.8,No,Next Day Air,No,50,PayPal,Weekly,5,0.8875,1.0,0.94375,High Value,1.0,1.0,1.0,0,Unsatisfied,High Loyalty
2290,70,Male,Shorts,Clothing,82,Nevada,M,Orange,Fall,4.1,No,Free Shipping,No,47,Venmo,Weekly,5,0.775,0.9387755102040817,0.8568877551020408,High Value,1.0,0.9693877551020409,0.9693877551020409,0,Satisfied,High Loyalty
2291,37,Male,Boots,Footwear,48,Kansas,L,Magenta,Winter,3.3,No,Standard,No,23,PayPal,Quarterly,2,0.35,0.4489795918367347,0.3994897959183673,Mid Value,0.25,0.3494897959183674,0.3494897959183674,0,Unsatisfied,Mid Loyalty
2292,28,Male,Coat,Outerwear,30,Ohio,M,Indigo,Spring,5.0,No,2-Day Shipping,No,13,Credit Card,Quarterly,2,0.125,0.24489795918367346,0.18494897959183673,Low Value,0.25,0.24744897959183673,0.24744897959183673,0,Satisfied,Low Loyalty
2293,43,Male,T-shirt,Clothing,34,Vermont,S,Beige,Spring,3.8,No,Next Day Air,No,31,Debit Card,Monthly,3,0.175,0.6122448979591837,0.39362244897959187,Mid Value,0.5,0.5561224489795918,0.5561224489795918,0,Unsatisfied,Mid Loyalty
2294,37,Male,Sweater,Clothing,68,Georgia,L,Green,Fall,3.3,No,Express,No,16,Debit Card,Quarterly,2,0.6,0.30612244897959184,0.4530612244897959,Mid Value,0.25,0.2780612244897959,0.2780612244897959,0,Unsatisfied,Low Loyalty
2295,54,Male,Sunglasses,Accessories,95,Maryland,M,Red,Winter,5.0,No,Express,No,40,Debit Card,Annually,1,0.9375,0.7959183673469388,0.8667091836734694,High Value,0.0,0.3979591836734694,0.3979591836734694,0,Satisfied,Mid Loyalty
2296,50,Male,Hat,Accessories,22,Connecticut,L,Beige,Spring,2.9,No,2-Day Shipping,No,45,PayPal,Quarterly,2,0.025,0.8979591836734694,0.4614795918367347,Mid Value,0.25,0.5739795918367347,0.5739795918367347,0,Unsatisfied,Mid Loyalty
2297,46,Male,Gloves,Accessories,88,Washington,M,Green,Fall,2.5,No,Next Day Air,No,50,Venmo,Quarterly,2,0.85,1.0,0.925,High Value,0.25,0.625,0.625,0,Unsatisfied,Mid Loyalty
2298,60,Male,Socks,Clothing,83,California,M,Orange,Summer,4.7,No,Standard,No,1,Bank Transfer,Quarterly,2,0.7875,0.0,0.39375,Mid Value,0.25,0.125,0.125,0,Satisfied,Low Loyalty
2299,40,Male,Handbag,Accessories,87,Montana,L,Cyan,Spring,2.9,No,2-Day Shipping,No,10,Cash,Quarterly,2,0.8375,0.1836734693877551,0.5105867346938776,Mid Value,0.25,0.21683673469387754,0.21683673469387754,0,Unsatisfied,Low Loyalty
2300,64,Male,Coat,Outerwear,57,Idaho,M,Violet,Summer,3.7,No,Store Pickup,No,48,Credit Card,Quarterly,2,0.4625,0.9591836734693877,0.7108418367346938,High Value,0.25,0.6045918367346939,0.6045918367346939,0,Unsatisfied,Mid Loyalty
2301,18,Male,Coat,Outerwear,88,Pennsylvania,XL,Lavender,Summer,4.4,No,2-Day Shipping,No,38,Credit Card,Monthly,3,0.85,0.7551020408163265,0.8025510204081632,High Value,0.5,0.6275510204081632,0.6275510204081632,0,Satisfied,Mid Loyalty
2302,37,Male,Pants,Clothing,20,Maine,L,Turquoise,Winter,2.9,No,Next Day Air,No,21,Debit Card,Annually,1,0.0,0.40816326530612246,0.20408163265306123,Low Value,0.0,0.20408163265306123,0.20408163265306123,0,Unsatisfied,Low Loyalty
2303,36,Male,Belt,Accessories,39,Montana,L,Pink,Summer,3.6,No,Store Pickup,No,38,Venmo,Monthly,3,0.2375,0.7551020408163265,0.49630102040816326,Mid Value,0.5,0.6275510204081632,0.6275510204081632,0,Unsatisfied,Mid Loyalty
2304,51,Male,Sunglasses,Accessories,71,New Jersey,S,Beige,Spring,4.8,No,2-Day Shipping,No,31,Credit Card,Fortnightly,4,0.6375,0.6122448979591837,0.6248724489795918,Mid Value,0.75,0.6811224489795918,0.6811224489795918,0,Satisfied,High Loyalty
2305,26,Male,Hoodie,Clothing,73,Louisiana,L,Silver,Winter,4.7,No,Free Shipping,No,9,Debit Card,Fortnightly,4,0.6625,0.16326530612244897,0.41288265306122446,Mid Value,0.75,0.45663265306122447,0.45663265306122447,0,Satisfied,Mid Loyalty
2306,68,Male,Handbag,Accessories,63,Maine,M,Gold,Summer,2.6,No,Free Shipping,No,47,Cash,Weekly,5,0.5375,0.9387755102040817,0.7381377551020408,High Value,1.0,0.9693877551020409,0.9693877551020409,0,Unsatisfied,High Loyalty
2307,27,Male,Gloves,Accessories,78,Florida,L,Silver,Winter,3.4,No,Standard,No,8,Cash,Fortnightly,4,0.725,0.14285714285714285,0.43392857142857144,Mid Value,0.75,0.4464285714285714,0.4464285714285714,0,Unsatisfied,Mid Loyalty
2308,28,Male,Skirt,Clothing,96,Missouri,L,Green,Fall,3.5,No,Next Day Air,No,30,Debit Card,Annually,1,0.95,0.5918367346938775,0.7709183673469387,High Value,0.0,0.29591836734693877,0.29591836734693877,0,Unsatisfied,Low Loyalty
2309,49,Male,Sunglasses,Accessories,81,North Dakota,M,Teal,Winter,3.4,No,2-Day Shipping,No,22,Bank Transfer,Quarterly,2,0.7625,0.42857142857142855,0.5955357142857143,Mid Value,0.25,0.3392857142857143,0.3392857142857143,0,Unsatisfied,Mid Loyalty
2310,70,Male,Dress,Clothing,95,Connecticut,S,Gold,Fall,5.0,No,2-Day Shipping,No,3,Bank Transfer,Quarterly,2,0.9375,0.04081632653061224,0.48915816326530615,Mid Value,0.25,0.14540816326530612,0.14540816326530612,0,Satisfied,Low Loyalty
2311,30,Male,Gloves,Accessories,68,Virginia,M,Cyan,Spring,4.6,No,Standard,No,15,PayPal,Monthly,3,0.6,0.2857142857142857,0.44285714285714284,Mid Value,0.5,0.39285714285714285,0.39285714285714285,0,Satisfied,Mid Loyalty
2312,27,Male,Sneakers,Footwear,28,Montana,L,Gold,Spring,4.8,No,2-Day Shipping,No,10,Bank Transfer,Quarterly,2,0.1,0.1836734693877551,0.14183673469387756,Low Value,0.25,0.21683673469387754,0.21683673469387754,0,Satisfied,Low Loyalty
2313,19,Male,T-shirt,Clothing,30,Vermont,L,Violet,Summer,3.7,No,Free Shipping,No,19,Cash,Quarterly,2,0.125,0.3673469387755102,0.2461734693877551,Low Value,0.25,0.3086734693877551,0.3086734693877551,0,Unsatisfied,Low Loyalty
2314,64,Male,Dress,Clothing,31,Georgia,M,Black,Summer,4.7,No,Next Day Air,No,36,Bank Transfer,Fortnightly,4,0.1375,0.7142857142857143,0.4258928571428572,Mid Value,0.75,0.7321428571428572,0.7321428571428572,0,Satisfied,High Loyalty
2315,42,Male,Handbag,Accessories,95,Virginia,XL,Brown,Winter,4.4,No,Express,No,12,Bank Transfer,Quarterly,2,0.9375,0.22448979591836735,0.5809948979591837,Mid Value,0.25,0.2372448979591837,0.2372448979591837,0,Satisfied,Low Loyalty
2316,69,Male,Socks,Clothing,79,Vermont,M,Indigo,Winter,3.5,No,2-Day Shipping,No,49,Debit Card,Quarterly,2,0.7375,0.9795918367346939,0.858545918367347,High Value,0.25,0.6147959183673469,0.6147959183673469,0,Unsatisfied,Mid Loyalty
2317,28,Male,Sneakers,Footwear,39,Montana,L,Yellow,Winter,3.8,No,Standard,No,7,Debit Card,Annually,1,0.2375,0.12244897959183673,0.17997448979591835,Low Value,0.0,0.061224489795918366,0.061224489795918366,0,Unsatisfied,Low Loyalty
2318,47,Male,Jacket,Outerwear,34,New Jersey,M,Purple,Summer,4.7,No,Next Day Air,No,28,Bank Transfer,Monthly,3,0.175,0.5510204081632653,0.36301020408163265,Mid Value,0.5,0.5255102040816326,0.5255102040816326,0,Satisfied,Mid Loyalty
2319,69,Male,Hoodie,Clothing,28,Wyoming,L,White,Spring,3.1,No,Store Pickup,No,30,Credit Card,Annually,1,0.1,0.5918367346938775,0.34591836734693876,Mid Value,0.0,0.29591836734693877,0.29591836734693877,0,Unsatisfied,Low Loyalty
2320,56,Male,Sandals,Footwear,38,Maine,XL,Turquoise,Winter,5.0,No,Free Shipping,No,29,PayPal,Monthly,3,0.225,0.5714285714285714,0.3982142857142857,Mid Value,0.5,0.5357142857142857,0.5357142857142857,0,Satisfied,Mid Loyalty
2321,28,Male,Shoes,Footwear,55,New Mexico,M,Olive,Spring,3.7,No,Free Shipping,No,9,Debit Card,Quarterly,2,0.4375,0.16326530612244897,0.30038265306122447,Low Value,0.25,0.20663265306122447,0.20663265306122447,0,Unsatisfied,Low Loyalty
2322,50,Male,Sandals,Footwear,31,Colorado,M,Beige,Winter,3.0,No,Next Day Air,No,27,Debit Card,Fortnightly,4,0.1375,0.5306122448979592,0.33405612244897964,Low Value,0.75,0.6403061224489797,0.6403061224489797,0,Unsatisfied,Mid Loyalty
2323,39,Male,Coat,Outerwear,84,Connecticut,S,Lavender,Spring,4.5,No,Store Pickup,No,21,Venmo,Fortnightly,4,0.8,0.40816326530612246,0.6040816326530613,Mid Value,0.75,0.5790816326530612,0.5790816326530612,0,Satisfied,Mid Loyalty
2324,35,Male,Gloves,Accessories,93,Maryland,L,White,Winter,4.7,No,Express,No,36,Credit Card,Monthly,3,0.9125,0.7142857142857143,0.8133928571428571,High Value,0.5,0.6071428571428572,0.6071428571428572,0,Satisfied,Mid Loyalty
2325,59,Male,Coat,Outerwear,28,Oregon,L,Brown,Winter,3.5,No,Free Shipping,No,19,Debit Card,Annually,1,0.1,0.3673469387755102,0.23367346938775513,Low Value,0.0,0.1836734693877551,0.1836734693877551,0,Unsatisfied,Low Loyalty
2326,44,Male,Boots,Footwear,55,New York,M,Charcoal,Summer,4.4,No,2-Day Shipping,No,47,Cash,Weekly,5,0.4375,0.9387755102040817,0.6881377551020409,High Value,1.0,0.9693877551020409,0.9693877551020409,0,Satisfied,High Loyalty
2327,66,Male,Skirt,Clothing,63,Oklahoma,L,Maroon,Winter,2.6,No,Standard,No,38,Bank Transfer,Annually,1,0.5375,0.7551020408163265,0.6463010204081632,Mid Value,0.0,0.37755102040816324,0.37755102040816324,0,Unsatisfied,Mid Loyalty
2328,20,Male,Skirt,Clothing,94,Alabama,M,Red,Winter,4.2,No,2-Day Shipping,No,22,Venmo,Fortnightly,4,0.925,0.42857142857142855,0.6767857142857143,High Value,0.75,0.5892857142857143,0.5892857142857143,0,Satisfied,Mid Loyalty
2329,45,Male,Pants,Clothing,36,North Dakota,M,Maroon,Fall,2.6,No,Express,No,29,Venmo,Fortnightly,4,0.2,0.5714285714285714,0.3857142857142857,Mid Value,0.75,0.6607142857142857,0.6607142857142857,0,Unsatisfied,Mid Loyalty
2330,49,Male,Hat,Accessories,97,Nebraska,S,Teal,Spring,4.8,No,Free Shipping,No,42,Bank Transfer,Annually,1,0.9625,0.8367346938775511,0.8996173469387756,High Value,0.0,0.41836734693877553,0.41836734693877553,0,Satisfied,Mid Loyalty
2331,60,Male,Backpack,Accessories,63,Arizona,L,Orange,Summer,2.9,No,Store Pickup,No,47,PayPal,Quarterly,2,0.5375,0.9387755102040817,0.7381377551020408,High Value,0.25,0.5943877551020409,0.5943877551020409,0,Unsatisfied,Mid Loyalty
2332,61,Male,Scarf,Accessories,77,Illinois,S,Olive,Spring,4.3,No,2-Day Shipping,No,10,Credit Card,Fortnightly,4,0.7125,0.1836734693877551,0.44808673469387755,Mid Value,0.75,0.46683673469387754,0.46683673469387754,0,Satisfied,Mid Loyalty
2333,36,Male,Scarf,Accessories,53,South Carolina,XL,Olive,Fall,2.6,No,Store Pickup,No,10,Venmo,Monthly,3,0.4125,0.1836734693877551,0.29808673469387753,Low Value,0.5,0.34183673469387754,0.34183673469387754,0,Unsatisfied,Mid Loyalty
2334,33,Male,Shirt,Clothing,77,Kansas,M,Beige,Spring,3.8,No,Next Day Air,No,1,PayPal,Quarterly,2,0.7125,0.0,0.35625,Mid Value,0.25,0.125,0.125,0,Unsatisfied,Low Loyalty
2335,49,Male,Boots,Footwear,79,Kansas,L,Green,Summer,4.2,No,Standard,No,7,Credit Card,Monthly,3,0.7375,0.12244897959183673,0.4299744897959184,Mid Value,0.5,0.3112244897959184,0.3112244897959184,0,Satisfied,Low Loyalty
2336,31,Male,Coat,Outerwear,37,Idaho,M,Black,Summer,3.9,No,Store Pickup,No,10,Venmo,Fortnightly,4,0.2125,0.1836734693877551,0.19808673469387755,Low Value,0.75,0.46683673469387754,0.46683673469387754,0,Satisfied,Mid Loyalty
2337,19,Male,Belt,Accessories,94,California,M,Green,Winter,3.1,No,Free Shipping,No,11,Credit Card,Weekly,5,0.925,0.20408163265306123,0.5645408163265306,Mid Value,1.0,0.6020408163265306,0.6020408163265306,0,Unsatisfied,Mid Loyalty
2338,39,Male,Boots,Footwear,76,North Dakota,S,Violet,Fall,3.6,No,Store Pickup,No,5,Cash,Annually,1,0.7,0.08163265306122448,0.3908163265306122,Mid Value,0.0,0.04081632653061224,0.04081632653061224,0,Unsatisfied,Low Loyalty
2339,66,Male,Sneakers,Footwear,68,Georgia,S,Silver,Fall,4.0,No,Express,No,21,PayPal,Quarterly,2,0.6,0.40816326530612246,0.5040816326530613,Mid Value,0.25,0.32908163265306123,0.32908163265306123,0,Satisfied,Low Loyalty
2340,25,Male,Shirt,Clothing,65,Illinois,L,Maroon,Spring,3.4,No,Next Day Air,No,24,Bank Transfer,Quarterly,2,0.5625,0.46938775510204084,0.5159438775510204,Mid Value,0.25,0.35969387755102045,0.35969387755102045,0,Unsatisfied,Mid Loyalty
2341,63,Male,Blouse,Clothing,24,Delaware,M,Cyan,Summer,2.6,No,Standard,No,37,Credit Card,Fortnightly,4,0.05,0.7346938775510204,0.39234693877551025,Mid Value,0.75,0.7423469387755102,0.7423469387755102,0,Unsatisfied,High Loyalty
2342,56,Male,Jacket,Outerwear,31,Connecticut,L,Teal,Summer,4.5,No,Express,No,22,Venmo,Quarterly,2,0.1375,0.42857142857142855,0.2830357142857143,Low Value,0.25,0.3392857142857143,0.3392857142857143,0,Satisfied,Mid Loyalty
2343,20,Male,Skirt,Clothing,89,Tennessee,M,Olive,Fall,4.9,No,Standard,No,16,Debit Card,Fortnightly,4,0.8625,0.30612244897959184,0.5843112244897959,Mid Value,0.75,0.528061224489796,0.528061224489796,0,Satisfied,Mid Loyalty
2344,58,Male,Socks,Clothing,49,Maryland,M,Red,Summer,4.4,No,2-Day Shipping,No,44,PayPal,Monthly,3,0.3625,0.8775510204081632,0.6200255102040816,Mid Value,0.5,0.6887755102040816,0.6887755102040816,0,Satisfied,High Loyalty
2345,34,Male,Sandals,Footwear,92,Rhode Island,XL,Lavender,Fall,3.5,No,Express,No,14,Venmo,Fortnightly,4,0.9,0.2653061224489796,0.5826530612244898,Mid Value,0.75,0.5076530612244898,0.5076530612244898,0,Unsatisfied,Mid Loyalty
2346,28,Male,T-shirt,Clothing,32,New York,S,Orange,Winter,3.3,No,Express,No,23,Bank Transfer,Quarterly,2,0.15,0.4489795918367347,0.29948979591836733,Low Value,0.25,0.3494897959183674,0.3494897959183674,0,Unsatisfied,Mid Loyalty
2347,22,Male,Jacket,Outerwear,67,New Mexico,L,Brown,Winter,3.1,No,Standard,No,46,Debit Card,Fortnightly,4,0.5875,0.9183673469387755,0.7529336734693878,High Value,0.75,0.8341836734693877,0.8341836734693877,0,Unsatisfied,High Loyalty
2348,37,Male,Belt,Accessories,64,California,S,Gray,Fall,4.2,No,Express,No,46,Cash,Quarterly,2,0.55,0.9183673469387755,0.7341836734693878,High Value,0.25,0.5841836734693877,0.5841836734693877,0,Satisfied,Mid Loyalty
2349,54,Male,Shoes,Footwear,84,Maine,M,Orange,Spring,4.9,No,Next Day Air,No,16,PayPal,Quarterly,2,0.8,0.30612244897959184,0.5530612244897959,Mid Value,0.25,0.2780612244897959,0.2780612244897959,0,Satisfied,Low Loyalty
2350,65,Male,Blouse,Clothing,34,New York,M,Orange,Fall,3.9,No,Standard,No,40,Credit Card,Quarterly,2,0.175,0.7959183673469388,0.4854591836734694,Mid Value,0.25,0.5229591836734694,0.5229591836734694,0,Satisfied,Mid Loyalty
2351,57,Male,Shoes,Footwear,26,Hawaii,M,Turquoise,Winter,4.2,No,Free Shipping,No,21,Cash,Annually,1,0.075,0.40816326530612246,0.24158163265306123,Low Value,0.0,0.20408163265306123,0.20408163265306123,0,Satisfied,Low Loyalty
2352,38,Male,Sweater,Clothing,50,New Hampshire,S,Cyan,Fall,4.9,No,Store Pickup,No,25,PayPal,Fortnightly,4,0.375,0.4897959183673469,0.43239795918367346,Mid Value,0.75,0.6198979591836735,0.6198979591836735,0,Satisfied,Mid Loyalty
2353,70,Male,Boots,Footwear,46,Nebraska,M,Yellow,Fall,2.8,No,Store Pickup,No,25,Bank Transfer,Quarterly,2,0.325,0.4897959183673469,0.4073979591836735,Mid Value,0.25,0.36989795918367346,0.36989795918367346,0,Unsatisfied,Mid Loyalty
2354,56,Male,Handbag,Accessories,71,Montana,M,White,Fall,4.1,No,Standard,No,25,Debit Card,Quarterly,2,0.6375,0.4897959183673469,0.5636479591836734,Mid Value,0.25,0.36989795918367346,0.36989795918367346,0,Satisfied,Mid Loyalty
2355,56,Male,Blouse,Clothing,78,Wisconsin,M,Blue,Summer,4.8,No,Next Day Air,No,27,Venmo,Monthly,3,0.725,0.5306122448979592,0.6278061224489796,Mid Value,0.5,0.5153061224489797,0.5153061224489797,0,Satisfied,Mid Loyalty
2356,22,Male,Skirt,Clothing,35,Tennessee,S,Purple,Winter,4.1,No,Next Day Air,No,12,Cash,Monthly,3,0.1875,0.22448979591836735,0.2059948979591837,Low Value,0.5,0.3622448979591837,0.3622448979591837,0,Satisfied,Mid Loyalty
2357,57,Male,Backpack,Accessories,58,Montana,M,Gray,Summer,3.0,No,Free Shipping,No,27,Debit Card,Quarterly,2,0.475,0.5306122448979592,0.5028061224489796,Mid Value,0.25,0.3903061224489796,0.3903061224489796,0,Unsatisfied,Mid Loyalty
2358,53,Male,Shirt,Clothing,67,Michigan,L,Cyan,Fall,4.2,No,2-Day Shipping,No,40,Credit Card,Fortnightly,4,0.5875,0.7959183673469388,0.6917091836734695,High Value,0.75,0.7729591836734694,0.7729591836734694,0,Satisfied,High Loyalty
2359,53,Male,Sweater,Clothing,93,Texas,L,Pink,Spring,3.8,No,Standard,No,38,Credit Card,Quarterly,2,0.9125,0.7551020408163265,0.8338010204081632,High Value,0.25,0.5025510204081632,0.5025510204081632,0,Unsatisfied,Mid Loyalty
2360,19,Male,Scarf,Accessories,81,Pennsylvania,S,Gold,Spring,3.3,No,2-Day Shipping,No,44,Bank Transfer,Quarterly,2,0.7625,0.8775510204081632,0.8200255102040817,High Value,0.25,0.5637755102040816,0.5637755102040816,0,Unsatisfied,Mid Loyalty
2361,49,Male,Handbag,Accessories,80,New York,L,Silver,Fall,4.7,No,2-Day Shipping,No,27,Venmo,Quarterly,2,0.75,0.5306122448979592,0.6403061224489797,Mid Value,0.25,0.3903061224489796,0.3903061224489796,0,Satisfied,Mid Loyalty
2362,44,Male,Scarf,Accessories,64,Alabama,M,Gray,Spring,4.3,No,2-Day Shipping,No,30,Credit Card,Quarterly,2,0.55,0.5918367346938775,0.5709183673469388,Mid Value,0.25,0.42091836734693877,0.42091836734693877,0,Satisfied,Mid Loyalty
2363,27,Male,Jeans,Clothing,41,Virginia,M,Brown,Fall,2.7,No,Standard,No,24,Credit Card,Monthly,3,0.2625,0.46938775510204084,0.3659438775510204,Mid Value,0.5,0.48469387755102045,0.48469387755102045,0,Unsatisfied,Mid Loyalty
2364,60,Male,Socks,Clothing,79,Pennsylvania,XL,Pink,Winter,4.2,No,Express,No,38,Cash,Fortnightly,4,0.7375,0.7551020408163265,0.7463010204081633,High Value,0.75,0.7525510204081632,0.7525510204081632,0,Satisfied,High Loyalty
2365,62,Male,Sunglasses,Accessories,60,Mississippi,L,Maroon,Winter,4.2,No,Free Shipping,No,4,PayPal,Quarterly,2,0.5,0.061224489795918366,0.28061224489795916,Low Value,0.25,0.1556122448979592,0.1556122448979592,0,Satisfied,Low Loyalty
2366,52,Male,Sneakers,Footwear,91,Wyoming,S,Peach,Winter,2.5,No,Next Day Air,No,32,Venmo,Monthly,3,0.8875,0.6326530612244898,0.7600765306122449,High Value,0.5,0.5663265306122449,0.5663265306122449,0,Unsatisfied,Mid Loyalty
2367,30,Male,Shoes,Footwear,66,New Mexico,L,Brown,Winter,3.6,No,Express,No,32,Credit Card,Fortnightly,4,0.575,0.6326530612244898,0.6038265306122449,Mid Value,0.75,0.6913265306122449,0.6913265306122449,0,Unsatisfied,High Loyalty
2368,66,Male,Socks,Clothing,85,North Dakota,L,Green,Winter,3.4,No,Standard,No,28,Bank Transfer,Fortnightly,4,0.8125,0.5510204081632653,0.6817602040816326,High Value,0.75,0.6505102040816326,0.6505102040816326,0,Unsatisfied,Mid Loyalty
2369,29,Male,Sunglasses,Accessories,38,New Jersey,M,Lavender,Summer,3.3,No,Standard,No,6,Debit Card,Quarterly,2,0.225,0.10204081632653061,0.1635204081632653,Low Value,0.25,0.1760204081632653,0.1760204081632653,0,Unsatisfied,Low Loyalty
2370,24,Male,Sweater,Clothing,23,Vermont,M,Cyan,Winter,4.6,No,Standard,No,24,PayPal,Monthly,3,0.0375,0.46938775510204084,0.25344387755102044,Low Value,0.5,0.48469387755102045,0.48469387755102045,0,Satisfied,Mid Loyalty
2371,51,Male,Shoes,Footwear,71,Alaska,M,Black,Spring,3.9,No,Store Pickup,No,38,Venmo,Weekly,5,0.6375,0.7551020408163265,0.6963010204081632,High Value,1.0,0.8775510204081632,0.8775510204081632,0,Satisfied,High Loyalty
2372,67,Male,Socks,Clothing,25,Indiana,M,Charcoal,Winter,3.7,No,Next Day Air,No,28,Debit Card,Annually,1,0.0625,0.5510204081632653,0.3067602040816326,Low Value,0.0,0.2755102040816326,0.2755102040816326,0,Unsatisfied,Low Loyalty
2373,50,Male,Boots,Footwear,39,Alabama,XL,Silver,Spring,3.1,No,Express,No,9,PayPal,Fortnightly,4,0.2375,0.16326530612244897,0.2003826530612245,Low Value,0.75,0.45663265306122447,0.45663265306122447,0,Unsatisfied,Mid Loyalty
2374,37,Male,Hoodie,Clothing,20,Michigan,M,Gray,Spring,4.9,No,Express,No,21,Debit Card,Quarterly,2,0.0,0.40816326530612246,0.20408163265306123,Low Value,0.25,0.32908163265306123,0.32908163265306123,0,Satisfied,Low Loyalty
2375,69,Male,Gloves,Accessories,73,Washington,L,Peach,Winter,4.7,No,Standard,No,31,Debit Card,Monthly,3,0.6625,0.6122448979591837,0.6373724489795918,Mid Value,0.5,0.5561224489795918,0.5561224489795918,0,Satisfied,Mid Loyalty
2376,60,Male,Backpack,Accessories,63,Virginia,L,Peach,Fall,2.9,No,Next Day Air,No,18,Credit Card,Quarterly,2,0.5375,0.3469387755102041,0.44221938775510206,Mid Value,0.25,0.298469387755102,0.298469387755102,0,Unsatisfied,Low Loyalty
2377,21,Male,Gloves,Accessories,94,Tennessee,XL,Cyan,Spring,4.1,No,Express,No,5,Cash,Weekly,5,0.925,0.08163265306122448,0.5033163265306123,Mid Value,1.0,0.5408163265306123,0.5408163265306123,0,Satisfied,Mid Loyalty
2378,44,Male,Blouse,Clothing,94,South Dakota,L,Magenta,Fall,4.0,No,Next Day Air,No,22,Cash,Annually,1,0.925,0.42857142857142855,0.6767857142857143,High Value,0.0,0.21428571428571427,0.21428571428571427,0,Satisfied,Low Loyalty
2379,26,Male,Scarf,Accessories,71,New Hampshire,L,Teal,Summer,2.7,No,Store Pickup,No,37,PayPal,Fortnightly,4,0.6375,0.7346938775510204,0.6860969387755103,High Value,0.75,0.7423469387755102,0.7423469387755102,0,Unsatisfied,High Loyalty
2380,40,Male,Hat,Accessories,77,South Dakota,M,Peach,Spring,4.0,No,2-Day Shipping,No,22,Debit Card,Monthly,3,0.7125,0.42857142857142855,0.5705357142857143,Mid Value,0.5,0.4642857142857143,0.4642857142857143,0,Satisfied,Mid Loyalty
2381,41,Male,Scarf,Accessories,66,Pennsylvania,M,Black,Fall,2.5,No,Next Day Air,No,36,PayPal,Fortnightly,4,0.575,0.7142857142857143,0.6446428571428571,Mid Value,0.75,0.7321428571428572,0.7321428571428572,0,Unsatisfied,High Loyalty
2382,62,Male,Sandals,Footwear,23,Wisconsin,M,Teal,Summer,4.5,No,Free Shipping,No,23,PayPal,Annually,1,0.0375,0.4489795918367347,0.24323979591836734,Low Value,0.0,0.22448979591836735,0.22448979591836735,0,Satisfied,Low Loyalty
2383,39,Male,Sweater,Clothing,60,California,M,Turquoise,Spring,3.9,No,Express,No,44,Debit Card,Weekly,5,0.5,0.8775510204081632,0.6887755102040816,High Value,1.0,0.9387755102040816,0.9387755102040816,0,Satisfied,High Loyalty
2384,53,Male,Backpack,Accessories,72,Rhode Island,L,Gold,Spring,4.9,No,2-Day Shipping,No,25,Bank Transfer,Annually,1,0.65,0.4897959183673469,0.5698979591836735,Mid Value,0.0,0.24489795918367346,0.24489795918367346,0,Satisfied,Low Loyalty
2385,24,Male,Blouse,Clothing,35,Alabama,L,Green,Winter,3.3,No,2-Day Shipping,No,40,PayPal,Quarterly,2,0.1875,0.7959183673469388,0.4917091836734694,Mid Value,0.25,0.5229591836734694,0.5229591836734694,0,Unsatisfied,Mid Loyalty
2386,41,Male,Scarf,Accessories,31,Oklahoma,M,Brown,Fall,3.8,No,Express,No,12,PayPal,Weekly,5,0.1375,0.22448979591836735,0.18099489795918366,Low Value,1.0,0.6122448979591837,0.6122448979591837,0,Unsatisfied,Mid Loyalty
2387,19,Male,Socks,Clothing,33,Illinois,L,Blue,Summer,2.9,No,Standard,No,14,Venmo,Monthly,3,0.1625,0.2653061224489796,0.21390306122448982,Low Value,0.5,0.38265306122448983,0.38265306122448983,0,Unsatisfied,Mid Loyalty
2388,36,Male,Hat,Accessories,95,Tennessee,M,Gold,Summer,4.0,No,2-Day Shipping,No,14,Debit Card,Monthly,3,0.9375,0.2653061224489796,0.6014030612244898,Mid Value,0.5,0.38265306122448983,0.38265306122448983,0,Satisfied,Mid Loyalty
2389,21,Male,Dress,Clothing,68,Alabama,M,Peach,Fall,4.1,No,Store Pickup,No,10,Debit Card,Annually,1,0.6,0.1836734693877551,0.39183673469387753,Mid Value,0.0,0.09183673469387756,0.09183673469387756,0,Satisfied,Low Loyalty
2390,25,Male,Coat,Outerwear,87,Kansas,M,Violet,Spring,3.1,No,Store Pickup,No,17,Bank Transfer,Quarterly,2,0.8375,0.32653061224489793,0.582015306122449,Mid Value,0.25,0.28826530612244894,0.28826530612244894,0,Unsatisfied,Low Loyalty
2391,65,Male,Shirt,Clothing,64,Arizona,XL,Yellow,Winter,4.6,No,Express,No,24,Debit Card,Fortnightly,4,0.55,0.46938775510204084,0.5096938775510205,Mid Value,0.75,0.6096938775510204,0.6096938775510204,0,Satisfied,Mid Loyalty
2392,42,Male,Shirt,Clothing,74,Michigan,M,Black,Winter,4.6,No,Next Day Air,No,31,Bank Transfer,Quarterly,2,0.675,0.6122448979591837,0.6436224489795919,Mid Value,0.25,0.43112244897959184,0.43112244897959184,0,Satisfied,Mid Loyalty
2393,40,Male,Jeans,Clothing,62,Missouri,L,Silver,Spring,2.6,No,2-Day Shipping,No,36,Cash,Annually,1,0.525,0.7142857142857143,0.6196428571428572,Mid Value,0.0,0.35714285714285715,0.35714285714285715,0,Unsatisfied,Mid Loyalty
2394,58,Male,Socks,Clothing,97,Louisiana,M,Brown,Winter,5.0,No,2-Day Shipping,No,38,PayPal,Quarterly,2,0.9625,0.7551020408163265,0.8588010204081633,High Value,0.25,0.5025510204081632,0.5025510204081632,0,Satisfied,Mid Loyalty
2395,40,Male,Sandals,Footwear,47,Connecticut,L,Peach,Fall,2.9,No,2-Day Shipping,No,23,Debit Card,Fortnightly,4,0.3375,0.4489795918367347,0.39323979591836733,Mid Value,0.75,0.5994897959183674,0.5994897959183674,0,Unsatisfied,Mid Loyalty
2396,62,Male,Blouse,Clothing,83,Connecticut,M,Cyan,Winter,3.5,No,2-Day Shipping,No,47,PayPal,Fortnightly,4,0.7875,0.9387755102040817,0.8631377551020408,High Value,0.75,0.8443877551020409,0.8443877551020409,0,Unsatisfied,High Loyalty
2397,38,Male,Shirt,Clothing,82,Oregon,M,Olive,Spring,3.7,No,2-Day Shipping,No,20,Venmo,Weekly,5,0.775,0.3877551020408163,0.5813775510204082,Mid Value,1.0,0.6938775510204082,0.6938775510204082,0,Unsatisfied,High Loyalty
2398,37,Male,Sunglasses,Accessories,26,West Virginia,L,Black,Fall,2.9,No,Store Pickup,No,41,Venmo,Monthly,3,0.075,0.8163265306122449,0.44566326530612244,Mid Value,0.5,0.6581632653061225,0.6581632653061225,0,Unsatisfied,Mid Loyalty
2399,65,Male,Jacket,Outerwear,81,Florida,M,Orange,Winter,4.3,No,Free Shipping,No,44,Bank Transfer,Fortnightly,4,0.7625,0.8775510204081632,0.8200255102040817,High Value,0.75,0.8137755102040816,0.8137755102040816,0,Satisfied,High Loyalty
2400,55,Male,Dress,Clothing,44,New Hampshire,L,Beige,Spring,3.2,No,Store Pickup,No,31,Cash,Monthly,3,0.3,0.6122448979591837,0.45612244897959187,Mid Value,0.5,0.5561224489795918,0.5561224489795918,0,Unsatisfied,Mid Loyalty
2401,43,Male,Sunglasses,Accessories,88,Oregon,M,Peach,Winter,4.2,No,Next Day Air,No,11,Credit Card,Fortnightly,4,0.85,0.20408163265306123,0.5270408163265305,Mid Value,0.75,0.4770408163265306,0.4770408163265306,0,Satisfied,Mid Loyalty
2402,43,Male,Boots,Footwear,76,Oregon,M,Pink,Winter,4.2,No,Standard,No,25,PayPal,Fortnightly,4,0.7,0.4897959183673469,0.5948979591836734,Mid Value,0.75,0.6198979591836735,0.6198979591836735,0,Satisfied,Mid Loyalty
2403,45,Male,Scarf,Accessories,89,Utah,M,Brown,Winter,3.8,No,Free Shipping,No,31,Cash,Weekly,5,0.8625,0.6122448979591837,0.7373724489795919,High Value,1.0,0.8061224489795918,0.8061224489795918,0,Unsatisfied,High Loyalty
2404,64,Male,Shorts,Clothing,22,Missouri,M,Magenta,Fall,4.4,No,Standard,No,40,Debit Card,Weekly,5,0.025,0.7959183673469388,0.4104591836734694,Mid Value,1.0,0.8979591836734694,0.8979591836734694,0,Satisfied,High Loyalty
2405,28,Male,Shorts,Clothing,33,West Virginia,L,Cyan,Winter,3.1,No,2-Day Shipping,No,23,Credit Card,Fortnightly,4,0.1625,0.4489795918367347,0.30573979591836736,Low Value,0.75,0.5994897959183674,0.5994897959183674,0,Unsatisfied,Mid Loyalty
2406,69,Male,Jeans,Clothing,97,California,XL,Silver,Fall,5.0,No,Standard,No,5,Debit Card,Quarterly,2,0.9625,0.08163265306122448,0.5220663265306122,Mid Value,0.25,0.16581632653061223,0.16581632653061223,0,Satisfied,Low Loyalty
2407,54,Male,Scarf,Accessories,57,California,M,Indigo,Winter,4.7,No,Standard,No,26,PayPal,Weekly,5,0.4625,0.5102040816326531,0.48635204081632655,Mid Value,1.0,0.7551020408163265,0.7551020408163265,0,Satisfied,High Loyalty
2408,52,Male,Shorts,Clothing,38,Illinois,M,Beige,Summer,3.0,No,Express,No,11,Credit Card,Fortnightly,4,0.225,0.20408163265306123,0.2145408163265306,Low Value,0.75,0.4770408163265306,0.4770408163265306,0,Unsatisfied,Mid Loyalty
2409,23,Male,Sneakers,Footwear,55,Hawaii,XL,Black,Fall,4.2,No,Next Day Air,No,44,Debit Card,Quarterly,2,0.4375,0.8775510204081632,0.6575255102040816,Mid Value,0.25,0.5637755102040816,0.5637755102040816,0,Satisfied,Mid Loyalty
2410,26,Male,Jewelry,Accessories,37,Washington,L,Yellow,Spring,3.0,No,Store Pickup,No,47,Cash,Quarterly,2,0.2125,0.9387755102040817,0.5756377551020408,Mid Value,0.25,0.5943877551020409,0.5943877551020409,0,Unsatisfied,Mid Loyalty
2411,48,Male,Shoes,Footwear,43,Wisconsin,M,Maroon,Summer,3.7,No,Free Shipping,No,46,PayPal,Monthly,3,0.2875,0.9183673469387755,0.6029336734693878,Mid Value,0.5,0.7091836734693877,0.7091836734693877,0,Unsatisfied,High Loyalty
2412,49,Male,Hoodie,Clothing,96,Virginia,M,Cyan,Summer,2.7,No,Free Shipping,No,35,Cash,Quarterly,2,0.95,0.6938775510204082,0.8219387755102041,High Value,0.25,0.4719387755102041,0.4719387755102041,0,Unsatisfied,Mid Loyalty
2413,53,Male,Jacket,Outerwear,51,Oregon,M,Pink,Winter,4.3,No,2-Day Shipping,No,8,Bank Transfer,Fortnightly,4,0.3875,0.14285714285714285,0.26517857142857143,Low Value,0.75,0.4464285714285714,0.4464285714285714,0,Satisfied,Mid Loyalty
2414,69,Male,Shorts,Clothing,95,Pennsylvania,XL,Violet,Fall,2.7,No,2-Day Shipping,No,30,Bank Transfer,Weekly,5,0.9375,0.5918367346938775,0.7646683673469388,High Value,1.0,0.7959183673469388,0.7959183673469388,0,Unsatisfied,High Loyalty
2415,26,Male,Socks,Clothing,26,Virginia,M,Lavender,Summer,3.7,No,Next Day Air,No,14,Credit Card,Fortnightly,4,0.075,0.2653061224489796,0.1701530612244898,Low Value,0.75,0.5076530612244898,0.5076530612244898,0,Unsatisfied,Mid Loyalty
2416,21,Male,Coat,Outerwear,34,Hawaii,XL,Lavender,Fall,4.3,No,Standard,No,30,Bank Transfer,Weekly,5,0.175,0.5918367346938775,0.3834183673469388,Mid Value,1.0,0.7959183673469388,0.7959183673469388,0,Satisfied,High Loyalty
2417,59,Male,Sandals,Footwear,83,Nebraska,S,Black,Summer,4.0,No,Next Day Air,No,26,Credit Card,Quarterly,2,0.7875,0.5102040816326531,0.6488520408163265,Mid Value,0.25,0.38010204081632654,0.38010204081632654,0,Satisfied,Mid Loyalty
2418,21,Male,Backpack,Accessories,24,Alaska,M,Olive,Fall,3.3,No,Standard,No,32,Venmo,Fortnightly,4,0.05,0.6326530612244898,0.34132653061224494,Mid Value,0.75,0.6913265306122449,0.6913265306122449,0,Unsatisfied,High Loyalty
2419,22,Male,Pants,Clothing,69,Michigan,S,Indigo,Fall,4.0,No,Next Day Air,No,47,Cash,Quarterly,2,0.6125,0.9387755102040817,0.7756377551020408,High Value,0.25,0.5943877551020409,0.5943877551020409,0,Satisfied,Mid Loyalty
2420,26,Male,Sweater,Clothing,40,North Carolina,M,Blue,Fall,2.7,No,Next Day Air,No,11,Credit Card,Quarterly,2,0.25,0.20408163265306123,0.22704081632653061,Low Value,0.25,0.22704081632653061,0.22704081632653061,0,Unsatisfied,Low Loyalty
2421,41,Male,Jacket,Outerwear,87,North Carolina,S,Green,Winter,4.2,No,Free Shipping,No,28,PayPal,Annually,1,0.8375,0.5510204081632653,0.6942602040816326,High Value,0.0,0.2755102040816326,0.2755102040816326,0,Satisfied,Low Loyalty
2422,37,Male,Sneakers,Footwear,46,Minnesota,L,Pink,Spring,4.6,No,Standard,No,2,Debit Card,Quarterly,2,0.325,0.02040816326530612,0.17270408163265308,Low Value,0.25,0.13520408163265307,0.13520408163265307,0,Satisfied,Low Loyalty
2423,30,Male,Jewelry,Accessories,82,Georgia,M,Peach,Winter,4.8,No,Store Pickup,No,45,Credit Card,Weekly,5,0.775,0.8979591836734694,0.8364795918367347,High Value,1.0,0.9489795918367347,0.9489795918367347,0,Satisfied,High Loyalty
2424,49,Male,Backpack,Accessories,81,West Virginia,M,Purple,Summer,2.8,No,Free Shipping,No,7,Credit Card,Quarterly,2,0.7625,0.12244897959183673,0.44247448979591836,Mid Value,0.25,0.18622448979591838,0.18622448979591838,0,Unsatisfied,Low Loyalty
2425,49,Male,Jewelry,Accessories,57,Delaware,M,Peach,Winter,4.5,No,Next Day Air,No,28,Bank Transfer,Fortnightly,4,0.4625,0.5510204081632653,0.5067602040816326,Mid Value,0.75,0.6505102040816326,0.6505102040816326,0,Satisfied,Mid Loyalty
2426,58,Male,Shoes,Footwear,49,North Dakota,S,Olive,Summer,3.0,No,2-Day Shipping,No,34,Bank Transfer,Quarterly,2,0.3625,0.673469387755102,0.517984693877551,Mid Value,0.25,0.461734693877551,0.461734693877551,0,Unsatisfied,Mid Loyalty
2427,70,Male,Jacket,Outerwear,42,Florida,M,Olive,Fall,4.6,No,Free Shipping,No,26,Debit Card,Quarterly,2,0.275,0.5102040816326531,0.39260204081632655,Mid Value,0.25,0.38010204081632654,0.38010204081632654,0,Satisfied,Mid Loyalty
2428,27,Male,Jacket,Outerwear,26,Oregon,M,Purple,Spring,3.3,No,Standard,No,45,Cash,Quarterly,2,0.075,0.8979591836734694,0.48647959183673467,Mid Value,0.25,0.5739795918367347,0.5739795918367347,0,Unsatisfied,Mid Loyalty
2429,65,Male,T-shirt,Clothing,38,Idaho,M,Violet,Spring,4.4,No,Next Day Air,No,34,Debit Card,Annually,1,0.225,0.673469387755102,0.449234693877551,Mid Value,0.0,0.336734693877551,0.336734693877551,0,Satisfied,Mid Loyalty
2430,57,Male,Sneakers,Footwear,57,Virginia,XL,Maroon,Summer,4.4,No,Standard,No,47,Credit Card,Fortnightly,4,0.4625,0.9387755102040817,0.7006377551020408,High Value,0.75,0.8443877551020409,0.8443877551020409,0,Satisfied,High Loyalty
2431,20,Male,Jacket,Outerwear,100,North Dakota,XL,White,Summer,4.3,No,Express,No,42,Cash,Quarterly,2,1.0,0.8367346938775511,0.9183673469387755,High Value,0.25,0.5433673469387755,0.5433673469387755,0,Satisfied,Mid Loyalty
2432,34,Male,Hoodie,Clothing,73,Alabama,S,Olive,Fall,3.4,No,Express,No,27,Bank Transfer,Quarterly,2,0.6625,0.5306122448979592,0.5965561224489796,Mid Value,0.25,0.3903061224489796,0.3903061224489796,0,Unsatisfied,Mid Loyalty
2433,59,Male,Jacket,Outerwear,66,Hawaii,M,Peach,Winter,2.8,No,Store Pickup,No,43,Venmo,Monthly,3,0.575,0.8571428571428571,0.7160714285714285,High Value,0.5,0.6785714285714286,0.6785714285714286,0,Unsatisfied,High Loyalty
2434,54,Male,T-shirt,Clothing,73,Oregon,M,Blue,Spring,3.4,No,Standard,No,16,Cash,Fortnightly,4,0.6625,0.30612244897959184,0.4843112244897959,Mid Value,0.75,0.528061224489796,0.528061224489796,0,Unsatisfied,Mid Loyalty
2435,36,Male,Gloves,Accessories,45,Utah,M,Brown,Spring,5.0,No,Store Pickup,No,40,Credit Card,Monthly,3,0.3125,0.7959183673469388,0.5542091836734694,Mid Value,0.5,0.6479591836734694,0.6479591836734694,0,Satisfied,Mid Loyalty
2436,21,Male,Sneakers,Footwear,27,Hawaii,S,Black,Fall,4.5,No,Free Shipping,No,29,Cash,Fortnightly,4,0.0875,0.5714285714285714,0.3294642857142857,Low Value,0.75,0.6607142857142857,0.6607142857142857,0,Satisfied,Mid Loyalty
2437,52,Male,T-shirt,Clothing,24,Connecticut,M,Yellow,Fall,2.7,No,Store Pickup,No,38,Credit Card,Quarterly,2,0.05,0.7551020408163265,0.40255102040816326,Mid Value,0.25,0.5025510204081632,0.5025510204081632,0,Unsatisfied,Mid Loyalty
2438,43,Male,Sneakers,Footwear,59,Wyoming,XL,Magenta,Winter,3.4,No,Store Pickup,No,34,Credit Card,Weekly,5,0.4875,0.673469387755102,0.580484693877551,Mid Value,1.0,0.8367346938775511,0.8367346938775511,0,Unsatisfied,High Loyalty
2439,32,Male,Jeans,Clothing,20,Delaware,S,Cyan,Winter,3.4,No,Express,No,30,Venmo,Weekly,5,0.0,0.5918367346938775,0.29591836734693877,Low Value,1.0,0.7959183673469388,0.7959183673469388,0,Unsatisfied,High Loyalty
2440,55,Male,Handbag,Accessories,44,Arkansas,M,Maroon,Summer,2.8,No,Standard,No,45,Bank Transfer,Annually,1,0.3,0.8979591836734694,0.5989795918367347,Mid Value,0.0,0.4489795918367347,0.4489795918367347,0,Unsatisfied,Mid Loyalty
2441,31,Male,Socks,Clothing,90,Indiana,M,Red,Spring,4.7,No,Standard,No,47,Bank Transfer,Annually,1,0.875,0.9387755102040817,0.9068877551020409,High Value,0.0,0.46938775510204084,0.46938775510204084,0,Satisfied,Mid Loyalty
2442,45,Male,Jewelry,Accessories,36,California,M,Black,Fall,4.7,No,Free Shipping,No,5,Credit Card,Monthly,3,0.2,0.08163265306122448,0.14081632653061224,Low Value,0.5,0.29081632653061223,0.29081632653061223,0,Satisfied,Low Loyalty
2443,53,Male,Blouse,Clothing,95,Wyoming,L,Violet,Winter,4.7,No,Free Shipping,No,50,Debit Card,Fortnightly,4,0.9375,1.0,0.96875,High Value,0.75,0.875,0.875,0,Satisfied,High Loyalty
2444,24,Male,Backpack,Accessories,30,South Dakota,M,Green,Spring,3.4,No,2-Day Shipping,No,24,Bank Transfer,Fortnightly,4,0.125,0.46938775510204084,0.29719387755102045,Low Value,0.75,0.6096938775510204,0.6096938775510204,0,Unsatisfied,Mid Loyalty
2445,47,Male,Scarf,Accessories,65,West Virginia,S,Gold,Fall,3.7,No,Express,No,15,Debit Card,Fortnightly,4,0.5625,0.2857142857142857,0.42410714285714285,Mid Value,0.75,0.5178571428571428,0.5178571428571428,0,Unsatisfied,Mid Loyalty
2446,63,Male,Scarf,Accessories,96,Tennessee,M,Brown,Summer,4.1,No,Store Pickup,No,50,Cash,Weekly,5,0.95,1.0,0.975,High Value,1.0,1.0,1.0,0,Satisfied,High Loyalty
2447,38,Male,Shirt,Clothing,65,Alaska,L,Peach,Spring,2.9,No,2-Day Shipping,No,7,Credit Card,Monthly,3,0.5625,0.12244897959183673,0.3424744897959184,Mid Value,0.5,0.3112244897959184,0.3112244897959184,0,Unsatisfied,Low Loyalty
2448,59,Male,Pants,Clothing,47,South Dakota,L,Peach,Fall,3.2,No,Store Pickup,No,10,Venmo,Fortnightly,4,0.3375,0.1836734693877551,0.26058673469387755,Low Value,0.75,0.46683673469387754,0.46683673469387754,0,Unsatisfied,Mid Loyalty
2449,54,Male,Hat,Accessories,25,Tennessee,S,Violet,Fall,3.0,No,Free Shipping,No,38,PayPal,Fortnightly,4,0.0625,0.7551020408163265,0.40880102040816324,Mid Value,0.75,0.7525510204081632,0.7525510204081632,0,Unsatisfied,High Loyalty
2450,26,Male,Coat,Outerwear,56,Alabama,S,Violet,Fall,4.1,No,Express,No,31,Venmo,Fortnightly,4,0.45,0.6122448979591837,0.5311224489795918,Mid Value,0.75,0.6811224489795918,0.6811224489795918,0,Satisfied,High Loyalty
2451,68,Male,T-shirt,Clothing,76,North Carolina,M,Magenta,Fall,4.5,No,Standard,No,7,Venmo,Quarterly,2,0.7,0.12244897959183673,0.41122448979591836,Mid Value,0.25,0.18622448979591838,0.18622448979591838,0,Satisfied,Low Loyalty
2452,41,Male,Socks,Clothing,60,Oklahoma,M,Purple,Fall,3.4,No,Store Pickup,No,27,Venmo,Monthly,3,0.5,0.5306122448979592,0.5153061224489797,Mid Value,0.5,0.5153061224489797,0.5153061224489797,0,Unsatisfied,Mid Loyalty
2453,68,Male,Shirt,Clothing,67,New York,L,Purple,Winter,4.1,No,Express,No,45,Bank Transfer,Quarterly,2,0.5875,0.8979591836734694,0.7427295918367347,High Value,0.25,0.5739795918367347,0.5739795918367347,0,Satisfied,Mid Loyalty
2454,21,Male,Sweater,Clothing,95,Iowa,XL,Cyan,Spring,4.6,No,Store Pickup,No,13,Cash,Annually,1,0.9375,0.24489795918367346,0.5911989795918368,Mid Value,0.0,0.12244897959183673,0.12244897959183673,0,Satisfied,Low Loyalty
2455,32,Male,Gloves,Accessories,72,Alaska,M,Magenta,Winter,4.6,No,Express,No,33,Venmo,Annually,1,0.65,0.6530612244897959,0.6515306122448979,Mid Value,0.0,0.32653061224489793,0.32653061224489793,0,Satisfied,Low Loyalty
2456,20,Male,Belt,Accessories,98,Alaska,L,Lavender,Spring,3.4,No,Express,No,25,Cash,Quarterly,2,0.975,0.4897959183673469,0.7323979591836735,High Value,0.25,0.36989795918367346,0.36989795918367346,0,Unsatisfied,Mid Loyalty
2457,59,Male,Jeans,Clothing,83,Nebraska,M,Green,Winter,3.3,No,2-Day Shipping,No,5,PayPal,Monthly,3,0.7875,0.08163265306122448,0.4345663265306122,Mid Value,0.5,0.29081632653061223,0.29081632653061223,0,Unsatisfied,Low Loyalty
2458,53,Male,Handbag,Accessories,37,Delaware,M,Maroon,Fall,3.6,No,2-Day Shipping,No,23,Cash,Quarterly,2,0.2125,0.4489795918367347,0.33073979591836733,Low Value,0.25,0.3494897959183674,0.3494897959183674,0,Unsatisfied,Mid Loyalty
2459,66,Male,T-shirt,Clothing,85,Texas,L,Turquoise,Fall,4.6,No,Free Shipping,No,17,Bank Transfer,Weekly,5,0.8125,0.32653061224489793,0.5695153061224489,Mid Value,1.0,0.6632653061224489,0.6632653061224489,0,Satisfied,Mid Loyalty
2460,47,Male,Socks,Clothing,36,Missouri,L,Violet,Fall,4.3,No,2-Day Shipping,No,14,Cash,Weekly,5,0.2,0.2653061224489796,0.2326530612244898,Low Value,1.0,0.6326530612244898,0.6326530612244898,0,Satisfied,Mid Loyalty
2461,58,Male,Jeans,Clothing,36,Maine,S,Lavender,Winter,4.0,No,Store Pickup,No,28,Credit Card,Annually,1,0.2,0.5510204081632653,0.3755102040816326,Mid Value,0.0,0.2755102040816326,0.2755102040816326,0,Satisfied,Low Loyalty
2462,28,Male,Scarf,Accessories,86,Pennsylvania,L,Red,Summer,4.8,No,Next Day Air,No,19,Credit Card,Weekly,5,0.825,0.3673469387755102,0.5961734693877551,Mid Value,1.0,0.6836734693877551,0.6836734693877551,0,Satisfied,High Loyalty
2463,68,Male,Pants,Clothing,99,Missouri,XL,Orange,Spring,4.3,No,Standard,No,31,Bank Transfer,Fortnightly,4,0.9875,0.6122448979591837,0.7998724489795919,High Value,0.75,0.6811224489795918,0.6811224489795918,0,Satisfied,High Loyalty
2464,60,Male,Blouse,Clothing,21,Mississippi,XL,Indigo,Summer,3.3,No,Standard,No,25,Cash,Fortnightly,4,0.0125,0.4897959183673469,0.25114795918367344,Low Value,0.75,0.6198979591836735,0.6198979591836735,0,Unsatisfied,Mid Loyalty
2465,47,Male,Jacket,Outerwear,84,Hawaii,L,Teal,Winter,2.8,No,Express,No,4,Cash,Fortnightly,4,0.8,0.061224489795918366,0.4306122448979592,Mid Value,0.75,0.40561224489795916,0.40561224489795916,0,Unsatisfied,Mid Loyalty
2466,18,Male,Sandals,Footwear,63,Texas,M,Brown,Spring,4.4,No,Free Shipping,No,20,Bank Transfer,Weekly,5,0.5375,0.3877551020408163,0.46262755102040815,Mid Value,1.0,0.6938775510204082,0.6938775510204082,0,Satisfied,High Loyalty
2467,32,Male,Shorts,Clothing,84,South Dakota,S,Pink,Summer,3.7,No,Express,No,37,Cash,Annually,1,0.8,0.7346938775510204,0.7673469387755103,High Value,0.0,0.3673469387755102,0.3673469387755102,0,Unsatisfied,Mid Loyalty
2468,27,Male,Shorts,Clothing,72,New Jersey,M,Lavender,Spring,3.6,No,Express,No,28,Credit Card,Annually,1,0.65,0.5510204081632653,0.6005102040816326,Mid Value,0.0,0.2755102040816326,0.2755102040816326,0,Unsatisfied,Low Loyalty
2469,65,Male,Skirt,Clothing,21,Connecticut,L,Cyan,Winter,3.7,No,2-Day Shipping,No,6,Venmo,Weekly,5,0.0125,0.10204081632653061,0.057270408163265306,Low Value,1.0,0.5510204081632653,0.5510204081632653,0,Unsatisfied,Mid Loyalty
2470,68,Male,Sandals,Footwear,92,Maryland,M,Yellow,Fall,5.0,No,Standard,No,27,PayPal,Annually,1,0.9,0.5306122448979592,0.7153061224489796,High Value,0.0,0.2653061224489796,0.2653061224489796,0,Satisfied,Low Loyalty
2471,55,Male,Blouse,Clothing,72,Arizona,XL,Pink,Fall,2.7,No,Next Day Air,No,29,Credit Card,Fortnightly,4,0.65,0.5714285714285714,0.6107142857142858,Mid Value,0.75,0.6607142857142857,0.6607142857142857,0,Unsatisfied,Mid Loyalty
2472,30,Male,Sandals,Footwear,83,Oklahoma,M,Gray,Spring,4.3,No,Store Pickup,No,1,Cash,Annually,1,0.7875,0.0,0.39375,Mid Value,0.0,0.0,0.0,0,Satisfied,Low Loyalty
2473,24,Male,Shirt,Clothing,73,Utah,M,Peach,Summer,4.1,No,Standard,No,31,Credit Card,Annually,1,0.6625,0.6122448979591837,0.6373724489795918,Mid Value,0.0,0.30612244897959184,0.30612244897959184,0,Satisfied,Low Loyalty
2474,57,Male,Socks,Clothing,98,Arkansas,M,Red,Winter,2.6,No,Next Day Air,No,28,Cash,Quarterly,2,0.975,0.5510204081632653,0.7630102040816327,High Value,0.25,0.4005102040816326,0.4005102040816326,0,Unsatisfied,Mid Loyalty
2475,23,Male,T-shirt,Clothing,76,North Carolina,M,Olive,Fall,3.2,No,Store Pickup,No,19,Bank Transfer,Quarterly,2,0.7,0.3673469387755102,0.5336734693877551,Mid Value,0.25,0.3086734693877551,0.3086734693877551,0,Unsatisfied,Low Loyalty
2476,69,Male,Dress,Clothing,43,California,S,Lavender,Summer,3.5,No,Next Day Air,No,36,Venmo,Monthly,3,0.2875,0.7142857142857143,0.5008928571428571,Mid Value,0.5,0.6071428571428572,0.6071428571428572,0,Unsatisfied,Mid Loyalty
2477,60,Male,Hat,Accessories,60,Colorado,M,Turquoise,Summer,3.7,No,Next Day Air,No,28,Cash,Monthly,3,0.5,0.5510204081632653,0.5255102040816326,Mid Value,0.5,0.5255102040816326,0.5255102040816326,0,Unsatisfied,Mid Loyalty
2478,25,Male,Gloves,Accessories,40,California,L,Turquoise,Spring,3.8,No,2-Day Shipping,No,29,PayPal,Weekly,5,0.25,0.5714285714285714,0.4107142857142857,Mid Value,1.0,0.7857142857142857,0.7857142857142857,0,Unsatisfied,High Loyalty
2479,18,Male,Socks,Clothing,93,Vermont,S,Maroon,Winter,4.8,No,2-Day Shipping,No,9,Bank Transfer,Quarterly,2,0.9125,0.16326530612244897,0.5378826530612245,Mid Value,0.25,0.20663265306122447,0.20663265306122447,0,Satisfied,Low Loyalty
2480,37,Male,Dress,Clothing,98,Kansas,S,Olive,Fall,4.2,No,Standard,No,26,Credit Card,Quarterly,2,0.975,0.5102040816326531,0.7426020408163265,High Value,0.25,0.38010204081632654,0.38010204081632654,0,Satisfied,Mid Loyalty
2481,61,Male,Socks,Clothing,91,Ohio,XL,Maroon,Summer,2.9,No,Next Day Air,No,7,Credit Card,Fortnightly,4,0.8875,0.12244897959183673,0.5049744897959183,Mid Value,0.75,0.4362244897959184,0.4362244897959184,0,Unsatisfied,Mid Loyalty
2482,41,Male,Belt,Accessories,92,New Jersey,XL,Cyan,Fall,2.9,No,Free Shipping,No,35,Debit Card,Weekly,5,0.9,0.6938775510204082,0.7969387755102041,High Value,1.0,0.846938775510204,0.846938775510204,0,Unsatisfied,High Loyalty
2483,69,Male,Handbag,Accessories,87,Arizona,S,Peach,Winter,4.8,No,Next Day Air,No,46,Credit Card,Quarterly,2,0.8375,0.9183673469387755,0.8779336734693878,High Value,0.25,0.5841836734693877,0.5841836734693877,0,Satisfied,Mid Loyalty
2484,32,Male,Skirt,Clothing,96,Arizona,S,Teal,Fall,2.9,No,Standard,No,8,Debit Card,Monthly,3,0.95,0.14285714285714285,0.5464285714285714,Mid Value,0.5,0.3214285714285714,0.3214285714285714,0,Unsatisfied,Low Loyalty
2485,60,Male,Hoodie,Clothing,97,New Hampshire,M,Green,Summer,4.8,No,2-Day Shipping,No,50,Cash,Quarterly,2,0.9625,1.0,0.98125,High Value,0.25,0.625,0.625,0,Satisfied,Mid Loyalty
2486,43,Male,Blouse,Clothing,55,Louisiana,M,Beige,Spring,4.6,No,2-Day Shipping,No,37,Bank Transfer,Annually,1,0.4375,0.7346938775510204,0.5860969387755102,Mid Value,0.0,0.3673469387755102,0.3673469387755102,0,Satisfied,Mid Loyalty
2487,61,Male,Jeans,Clothing,58,Texas,L,Magenta,Spring,4.4,No,Store Pickup,No,6,Credit Card,Fortnightly,4,0.475,0.10204081632653061,0.2885204081632653,Low Value,0.75,0.4260204081632653,0.4260204081632653,0,Satisfied,Mid Loyalty
2488,57,Male,Boots,Footwear,21,Montana,L,Violet,Spring,3.0,No,Next Day Air,No,16,PayPal,Fortnightly,4,0.0125,0.30612244897959184,0.15931122448979593,Low Value,0.75,0.528061224489796,0.528061224489796,0,Unsatisfied,Mid Loyalty
2489,56,Male,Handbag,Accessories,82,New Hampshire,XL,Charcoal,Summer,4.4,No,Express,No,30,PayPal,Monthly,3,0.775,0.5918367346938775,0.6834183673469387,High Value,0.5,0.5459183673469388,0.5459183673469388,0,Satisfied,Mid Loyalty
2490,66,Male,Coat,Outerwear,34,South Dakota,M,Green,Winter,3.9,No,Express,No,50,Venmo,Quarterly,2,0.175,1.0,0.5875,Mid Value,0.25,0.625,0.625,0,Satisfied,Mid Loyalty
2491,52,Male,Blouse,Clothing,78,Montana,M,Gray,Spring,4.0,No,Free Shipping,No,5,Cash,Quarterly,2,0.725,0.08163265306122448,0.4033163265306122,Mid Value,0.25,0.16581632653061223,0.16581632653061223,0,Satisfied,Low Loyalty
2492,63,Male,Handbag,Accessories,47,North Carolina,M,Magenta,Spring,2.5,No,Express,No,15,Bank Transfer,Monthly,3,0.3375,0.2857142857142857,0.31160714285714286,Low Value,0.5,0.39285714285714285,0.39285714285714285,0,Unsatisfied,Mid Loyalty
2493,50,Male,Sunglasses,Accessories,96,South Dakota,S,Silver,Summer,4.1,No,Next Day Air,No,34,Bank Transfer,Fortnightly,4,0.95,0.673469387755102,0.8117346938775509,High Value,0.75,0.7117346938775511,0.7117346938775511,0,Satisfied,High Loyalty
2494,21,Male,Socks,Clothing,23,Maine,S,Beige,Fall,4.8,No,2-Day Shipping,No,6,Venmo,Quarterly,2,0.0375,0.10204081632653061,0.06977040816326531,Low Value,0.25,0.1760204081632653,0.1760204081632653,0,Satisfied,Low Loyalty
2495,42,Male,Shoes,Footwear,27,Oklahoma,S,Peach,Winter,2.6,No,Store Pickup,No,26,Debit Card,Annually,1,0.0875,0.5102040816326531,0.29885204081632655,Low Value,0.0,0.25510204081632654,0.25510204081632654,0,Unsatisfied,Low Loyalty
2496,40,Male,Backpack,Accessories,37,Nebraska,XL,Orange,Spring,3.1,No,Free Shipping,No,34,Credit Card,Quarterly,2,0.2125,0.673469387755102,0.442984693877551,Mid Value,0.25,0.461734693877551,0.461734693877551,0,Unsatisfied,Mid Loyalty
2497,67,Male,Scarf,Accessories,79,Illinois,S,Yellow,Summer,3.2,No,Store Pickup,No,37,Credit Card,Weekly,5,0.7375,0.7346938775510204,0.7360969387755103,High Value,1.0,0.8673469387755102,0.8673469387755102,0,Unsatisfied,High Loyalty
2498,35,Male,Backpack,Accessories,40,Colorado,M,Violet,Summer,4.2,No,Standard,No,28,Bank Transfer,Annually,1,0.25,0.5510204081632653,0.4005102040816326,Mid Value,0.0,0.2755102040816326,0.2755102040816326,0,Satisfied,Low Loyalty
2499,18,Male,Coat,Outerwear,39,Massachusetts,S,Green,Fall,2.6,No,Next Day Air,No,38,Cash,Fortnightly,4,0.2375,0.7551020408163265,0.49630102040816326,Mid Value,0.75,0.7525510204081632,0.7525510204081632,0,Unsatisfied,High Loyalty
2500,52,Male,Hoodie,Clothing,73,Louisiana,L,Pink,Summer,3.1,No,Next Day Air,No,2,Cash,Quarterly,2,0.6625,0.02040816326530612,0.34145408163265306,Mid Value,0.25,0.13520408163265307,0.13520408163265307,0,Unsatisfied,Low Loyalty
2501,59,Male,Gloves,Accessories,84,Massachusetts,M,Violet,Fall,2.9,No,Store Pickup,No,32,Cash,Fortnightly,4,0.8,0.6326530612244898,0.7163265306122449,High Value,0.75,0.6913265306122449,0.6913265306122449,0,Unsatisfied,High Loyalty
2502,49,Male,Shorts,Clothing,94,West Virginia,M,Violet,Fall,4.6,No,Free Shipping,No,30,Venmo,Fortnightly,4,0.925,0.5918367346938775,0.7584183673469388,High Value,0.75,0.6709183673469388,0.6709183673469388,0,Satisfied,High Loyalty
2503,46,Male,Skirt,Clothing,47,Idaho,L,Pink,Spring,4.1,No,Standard,No,17,PayPal,Quarterly,2,0.3375,0.32653061224489793,0.332015306122449,Low Value,0.25,0.28826530612244894,0.28826530612244894,0,Satisfied,Low Loyalty
2504,69,Male,Boots,Footwear,77,Ohio,M,Violet,Summer,2.5,No,Store Pickup,No,5,Debit Card,Fortnightly,4,0.7125,0.08163265306122448,0.39706632653061225,Mid Value,0.75,0.41581632653061223,0.41581632653061223,0,Unsatisfied,Mid Loyalty
2505,56,Male,Shorts,Clothing,94,Rhode Island,M,Turquoise,Winter,4.0,No,Store Pickup,No,31,Cash,Fortnightly,4,0.925,0.6122448979591837,0.7686224489795919,High Value,0.75,0.6811224489795918,0.6811224489795918,0,Satisfied,High Loyalty
2506,27,Male,Handbag,Accessories,75,Illinois,M,Cyan,Summer,3.5,No,Express,No,43,PayPal,Quarterly,2,0.6875,0.8571428571428571,0.7723214285714286,High Value,0.25,0.5535714285714286,0.5535714285714286,0,Unsatisfied,Mid Loyalty
2507,57,Male,Dress,Clothing,82,New York,XL,Orange,Spring,4.4,No,Free Shipping,No,19,Venmo,Annually,1,0.775,0.3673469387755102,0.5711734693877552,Mid Value,0.0,0.1836734693877551,0.1836734693877551,0,Satisfied,Low Loyalty
2508,58,Male,Shoes,Footwear,36,Louisiana,M,Cyan,Fall,2.9,No,Store Pickup,No,32,Credit Card,Quarterly,2,0.2,0.6326530612244898,0.4163265306122449,Mid Value,0.25,0.4413265306122449,0.4413265306122449,0,Unsatisfied,Mid Loyalty
2509,23,Male,Sneakers,Footwear,90,California,XL,Indigo,Spring,3.1,No,2-Day Shipping,No,5,Debit Card,Fortnightly,4,0.875,0.08163265306122448,0.47831632653061223,Mid Value,0.75,0.41581632653061223,0.41581632653061223,0,Unsatisfied,Mid Loyalty
2510,19,Male,Socks,Clothing,48,Washington,M,Black,Spring,4.4,No,Free Shipping,No,9,Bank Transfer,Quarterly,2,0.35,0.16326530612244897,0.25663265306122446,Low Value,0.25,0.20663265306122447,0.20663265306122447,0,Satisfied,Low Loyalty
2511,40,Male,Jacket,Outerwear,42,South Dakota,L,Purple,Winter,4.4,No,Standard,No,48,Credit Card,Weekly,5,0.275,0.9591836734693877,0.6170918367346938,Mid Value,1.0,0.9795918367346939,0.9795918367346939,0,Satisfied,High Loyalty
2512,54,Male,Backpack,Accessories,33,Idaho,M,Cyan,Summer,2.7,No,Store Pickup,No,1,PayPal,Quarterly,2,0.1625,0.0,0.08125,Low Value,0.25,0.125,0.125,0,Unsatisfied,Low Loyalty
2513,50,Male,Socks,Clothing,63,North Dakota,M,Green,Summer,4.9,No,Free Shipping,No,20,Credit Card,Monthly,3,0.5375,0.3877551020408163,0.46262755102040815,Mid Value,0.5,0.44387755102040816,0.44387755102040816,0,Satisfied,Mid Loyalty
2514,69,Male,Handbag,Accessories,53,Washington,L,Teal,Winter,3.5,No,2-Day Shipping,No,42,Cash,Annually,1,0.4125,0.8367346938775511,0.6246173469387755,Mid Value,0.0,0.41836734693877553,0.41836734693877553,0,Unsatisfied,Mid Loyalty
2515,42,Male,Hat,Accessories,37,Alaska,L,Teal,Spring,4.8,No,Free Shipping,No,45,PayPal,Fortnightly,4,0.2125,0.8979591836734694,0.5552295918367347,Mid Value,0.75,0.8239795918367347,0.8239795918367347,0,Satisfied,High Loyalty
2516,37,Male,Blouse,Clothing,92,Kansas,M,Magenta,Summer,4.2,No,2-Day Shipping,No,41,Cash,Monthly,3,0.9,0.8163265306122449,0.8581632653061224,High Value,0.5,0.6581632653061225,0.6581632653061225,0,Satisfied,Mid Loyalty
2517,46,Male,Shorts,Clothing,73,Utah,XL,Brown,Spring,4.6,No,Standard,No,36,Debit Card,Quarterly,2,0.6625,0.7142857142857143,0.6883928571428571,High Value,0.25,0.48214285714285715,0.48214285714285715,0,Satisfied,Mid Loyalty
2518,64,Male,Shirt,Clothing,38,Wyoming,L,Orange,Spring,2.9,No,Standard,No,10,Venmo,Annually,1,0.225,0.1836734693877551,0.20433673469387756,Low Value,0.0,0.09183673469387756,0.09183673469387756,0,Unsatisfied,Low Loyalty
2519,20,Male,Boots,Footwear,51,Maine,XL,Blue,Fall,4.0,No,Store Pickup,No,31,Venmo,Annually,1,0.3875,0.6122448979591837,0.4998724489795918,Mid Value,0.0,0.30612244897959184,0.30612244897959184,0,Satisfied,Low Loyalty
2520,40,Male,Jacket,Outerwear,90,Michigan,L,Magenta,Spring,4.9,No,Standard,No,21,Credit Card,Quarterly,2,0.875,0.40816326530612246,0.6415816326530612,Mid Value,0.25,0.32908163265306123,0.32908163265306123,0,Satisfied,Low Loyalty
2521,64,Male,Jacket,Outerwear,56,Illinois,L,Magenta,Summer,3.1,No,Next Day Air,No,16,Cash,Quarterly,2,0.45,0.30612244897959184,0.37806122448979596,Mid Value,0.25,0.2780612244897959,0.2780612244897959,0,Unsatisfied,Low Loyalty
2522,29,Male,Handbag,Accessories,33,Minnesota,M,Magenta,Fall,4.4,No,Standard,No,18,PayPal,Quarterly,2,0.1625,0.3469387755102041,0.25471938775510206,Low Value,0.25,0.298469387755102,0.298469387755102,0,Satisfied,Low Loyalty
2523,20,Male,Belt,Accessories,53,Massachusetts,S,Olive,Winter,2.5,No,2-Day Shipping,No,20,Debit Card,Weekly,5,0.4125,0.3877551020408163,0.40012755102040815,Mid Value,1.0,0.6938775510204082,0.6938775510204082,0,Unsatisfied,High Loyalty
2524,43,Male,Handbag,Accessories,24,New Jersey,S,Cyan,Spring,3.4,No,Express,No,21,Bank Transfer,Annually,1,0.05,0.40816326530612246,0.22908163265306122,Low Value,0.0,0.20408163265306123,0.20408163265306123,0,Unsatisfied,Low Loyalty
2525,60,Male,Coat,Outerwear,59,Kansas,M,Purple,Spring,3.7,No,Express,No,23,Credit Card,Quarterly,2,0.4875,0.4489795918367347,0.46823979591836734,Mid Value,0.25,0.3494897959183674,0.3494897959183674,0,Unsatisfied,Mid Loyalty
2526,39,Male,Sweater,Clothing,72,Kentucky,M,Purple,Winter,4.2,No,Standard,No,20,PayPal,Weekly,5,0.65,0.3877551020408163,0.5188775510204082,Mid Value,1.0,0.6938775510204082,0.6938775510204082,0,Satisfied,High Loyalty
2527,47,Male,Shorts,Clothing,28,Rhode Island,S,Peach,Spring,3.4,No,Express,No,30,PayPal,Fortnightly,4,0.1,0.5918367346938775,0.34591836734693876,Mid Value,0.75,0.6709183673469388,0.6709183673469388,0,Unsatisfied,High Loyalty
2528,19,Male,Pants,Clothing,36,Illinois,M,Gold,Fall,3.6,No,Express,No,33,Bank Transfer,Quarterly,2,0.2,0.6530612244897959,0.42653061224489797,Mid Value,0.25,0.45153061224489793,0.45153061224489793,0,Unsatisfied,Mid Loyalty
2529,52,Male,Jewelry,Accessories,47,Alabama,S,Peach,Fall,4.7,No,2-Day Shipping,No,31,Debit Card,Monthly,3,0.3375,0.6122448979591837,0.47487244897959185,Mid Value,0.5,0.5561224489795918,0.5561224489795918,0,Satisfied,Mid Loyalty
2530,34,Male,Gloves,Accessories,62,Tennessee,M,Magenta,Spring,4.7,No,Next Day Air,No,48,Bank Transfer,Monthly,3,0.525,0.9591836734693877,0.7420918367346938,High Value,0.5,0.7295918367346939,0.7295918367346939,0,Satisfied,High Loyalty
2531,25,Male,Skirt,Clothing,98,Massachusetts,S,Cyan,Spring,3.6,No,Free Shipping,No,28,Debit Card,Weekly,5,0.975,0.5510204081632653,0.7630102040816327,High Value,1.0,0.7755102040816326,0.7755102040816326,0,Unsatisfied,High Loyalty
2532,43,Male,Sandals,Footwear,28,Texas,M,Violet,Summer,4.6,No,Free Shipping,No,7,Cash,Quarterly,2,0.1,0.12244897959183673,0.11122448979591837,Low Value,0.25,0.18622448979591838,0.18622448979591838,0,Satisfied,Low Loyalty
2533,55,Male,Socks,Clothing,86,Nebraska,S,Charcoal,Summer,2.6,No,Next Day Air,No,4,Debit Card,Weekly,5,0.825,0.061224489795918366,0.44311224489795914,Mid Value,1.0,0.5306122448979592,0.5306122448979592,0,Unsatisfied,Mid Loyalty
2534,66,Male,Jewelry,Accessories,46,Pennsylvania,S,Blue,Summer,3.1,No,Standard,No,49,Cash,Fortnightly,4,0.325,0.9795918367346939,0.6522959183673469,Mid Value,0.75,0.8647959183673469,0.8647959183673469,0,Unsatisfied,High Loyalty
2535,41,Male,Sunglasses,Accessories,42,Virginia,XL,Red,Fall,3.2,No,Free Shipping,No,22,Cash,Weekly,5,0.275,0.42857142857142855,0.35178571428571426,Mid Value,1.0,0.7142857142857143,0.7142857142857143,0,Unsatisfied,High Loyalty
2536,47,Male,Coat,Outerwear,80,Vermont,S,Purple,Winter,3.9,No,Express,No,39,Bank Transfer,Fortnightly,4,0.75,0.7755102040816326,0.7627551020408163,High Value,0.75,0.7627551020408163,0.7627551020408163,0,Satisfied,High Loyalty
2537,51,Male,Belt,Accessories,39,Oklahoma,L,Gray,Spring,4.9,No,Express,No,45,PayPal,Quarterly,2,0.2375,0.8979591836734694,0.5677295918367347,Mid Value,0.25,0.5739795918367347,0.5739795918367347,0,Satisfied,Mid Loyalty
2538,44,Male,Coat,Outerwear,49,Maine,M,Purple,Summer,4.1,No,2-Day Shipping,No,30,PayPal,Fortnightly,4,0.3625,0.5918367346938775,0.4771683673469388,Mid Value,0.75,0.6709183673469388,0.6709183673469388,0,Satisfied,High Loyalty
2539,18,Male,Scarf,Accessories,32,New Jersey,M,Silver,Summer,4.2,No,Next Day Air,No,33,Credit Card,Fortnightly,4,0.15,0.6530612244897959,0.40153061224489794,Mid Value,0.75,0.7015306122448979,0.7015306122448979,0,Satisfied,High Loyalty
2540,33,Male,Sandals,Footwear,73,Massachusetts,M,Purple,Fall,4.1,No,Next Day Air,No,24,Cash,Fortnightly,4,0.6625,0.46938775510204084,0.5659438775510204,Mid Value,0.75,0.6096938775510204,0.6096938775510204,0,Satisfied,Mid Loyalty
2541,24,Male,Belt,Accessories,42,New Jersey,M,Charcoal,Summer,3.9,No,Free Shipping,No,11,Debit Card,Quarterly,2,0.275,0.20408163265306123,0.23954081632653063,Low Value,0.25,0.22704081632653061,0.22704081632653061,0,Satisfied,Low Loyalty
2542,33,Male,Scarf,Accessories,58,Washington,M,Silver,Spring,2.7,No,Next Day Air,No,13,Venmo,Quarterly,2,0.475,0.24489795918367346,0.3599489795918367,Mid Value,0.25,0.24744897959183673,0.24744897959183673,0,Unsatisfied,Low Loyalty
2543,61,Male,Jewelry,Accessories,22,Arkansas,M,White,Winter,3.7,No,Express,No,27,PayPal,Annually,1,0.025,0.5306122448979592,0.2778061224489796,Low Value,0.0,0.2653061224489796,0.2653061224489796,0,Unsatisfied,Low Loyalty
2544,27,Male,Scarf,Accessories,56,West Virginia,L,Peach,Spring,2.7,No,Next Day Air,No,30,PayPal,Fortnightly,4,0.45,0.5918367346938775,0.5209183673469387,Mid Value,0.75,0.6709183673469388,0.6709183673469388,0,Unsatisfied,High Loyalty
2545,46,Male,Pants,Clothing,70,Delaware,M,Red,Spring,2.5,No,Next Day Air,No,39,Venmo,Quarterly,2,0.625,0.7755102040816326,0.7002551020408163,High Value,0.25,0.5127551020408163,0.5127551020408163,0,Unsatisfied,Mid Loyalty
2546,38,Male,Shoes,Footwear,50,Texas,L,Olive,Spring,3.9,No,Free Shipping,No,10,Debit Card,Annually,1,0.375,0.1836734693877551,0.27933673469387754,Low Value,0.0,0.09183673469387756,0.09183673469387756,0,Satisfied,Low Loyalty
2547,63,Male,Boots,Footwear,21,Texas,L,Gray,Summer,3.0,No,Express,No,4,Credit Card,Quarterly,2,0.0125,0.061224489795918366,0.03686224489795918,Low Value,0.25,0.1556122448979592,0.1556122448979592,0,Unsatisfied,Low Loyalty
2548,47,Male,Jacket,Outerwear,97,Mississippi,M,Beige,Summer,3.2,No,2-Day Shipping,No,16,Cash,Weekly,5,0.9625,0.30612244897959184,0.6343112244897959,Mid Value,1.0,0.653061224489796,0.653061224489796,0,Unsatisfied,Mid Loyalty
2549,42,Male,Backpack,Accessories,63,Texas,L,Pink,Winter,3.8,No,Standard,No,34,Credit Card,Monthly,3,0.5375,0.673469387755102,0.605484693877551,Mid Value,0.5,0.5867346938775511,0.5867346938775511,0,Unsatisfied,Mid Loyalty
2550,41,Male,Jacket,Outerwear,60,Virginia,M,Red,Fall,2.7,No,Standard,No,11,Debit Card,Quarterly,2,0.5,0.20408163265306123,0.3520408163265306,Mid Value,0.25,0.22704081632653061,0.22704081632653061,0,Unsatisfied,Low Loyalty
2551,53,Male,Boots,Footwear,52,New Hampshire,XL,Peach,Fall,3.0,No,Store Pickup,No,30,Debit Card,Fortnightly,4,0.4,0.5918367346938775,0.4959183673469388,Mid Value,0.75,0.6709183673469388,0.6709183673469388,0,Unsatisfied,High Loyalty
2552,29,Male,Shoes,Footwear,32,Minnesota,M,Maroon,Winter,4.1,No,Next Day Air,No,40,Debit Card,Annually,1,0.15,0.7959183673469388,0.4729591836734694,Mid Value,0.0,0.3979591836734694,0.3979591836734694,0,Satisfied,Mid Loyalty
2553,61,Male,Belt,Accessories,48,Maryland,XL,Purple,Spring,3.2,No,2-Day Shipping,No,13,Credit Card,Annually,1,0.35,0.24489795918367346,0.2974489795918367,Low Value,0.0,0.12244897959183673,0.12244897959183673,0,Unsatisfied,Low Loyalty
2554,69,Male,Jewelry,Accessories,25,Vermont,M,Maroon,Summer,4.5,No,Store Pickup,No,28,Venmo,Quarterly,2,0.0625,0.5510204081632653,0.3067602040816326,Low Value,0.25,0.4005102040816326,0.4005102040816326,0,Satisfied,Mid Loyalty
2555,51,Male,Jewelry,Accessories,68,Kansas,M,Gray,Summer,4.3,No,Store Pickup,No,49,Debit Card,Fortnightly,4,0.6,0.9795918367346939,0.7897959183673469,High Value,0.75,0.8647959183673469,0.8647959183673469,0,Satisfied,High Loyalty
2556,24,Male,Pants,Clothing,74,Idaho,M,Gray,Fall,3.5,No,Standard,No,23,Credit Card,Weekly,5,0.675,0.4489795918367347,0.5619897959183674,Mid Value,1.0,0.7244897959183674,0.7244897959183674,0,Unsatisfied,High Loyalty
2557,24,Male,T-shirt,Clothing,88,Montana,XL,Magenta,Fall,3.1,No,Standard,No,4,Bank Transfer,Quarterly,2,0.85,0.061224489795918366,0.45561224489795915,Mid Value,0.25,0.1556122448979592,0.1556122448979592,0,Unsatisfied,Low Loyalty
2558,70,Male,Shorts,Clothing,23,Oklahoma,L,Cyan,Spring,3.9,No,Standard,No,17,PayPal,Fortnightly,4,0.0375,0.32653061224489793,0.18201530612244896,Low Value,0.75,0.5382653061224489,0.5382653061224489,0,Satisfied,Mid Loyalty
2559,49,Male,Hoodie,Clothing,32,California,M,Silver,Fall,2.7,No,Express,No,24,PayPal,Fortnightly,4,0.15,0.46938775510204084,0.3096938775510204,Low Value,0.75,0.6096938775510204,0.6096938775510204,0,Unsatisfied,Mid Loyalty
2560,48,Male,Belt,Accessories,71,Mississippi,S,Green,Winter,4.0,No,Free Shipping,No,21,Debit Card,Quarterly,2,0.6375,0.40816326530612246,0.5228316326530612,Mid Value,0.25,0.32908163265306123,0.32908163265306123,0,Satisfied,Low Loyalty
2561,58,Male,Boots,Footwear,62,California,M,Violet,Spring,2.7,No,Next Day Air,No,17,Debit Card,Fortnightly,4,0.525,0.32653061224489793,0.425765306122449,Mid Value,0.75,0.5382653061224489,0.5382653061224489,0,Unsatisfied,Mid Loyalty
2562,32,Male,Hoodie,Clothing,20,New York,L,Magenta,Spring,2.7,No,Free Shipping,No,22,Debit Card,Quarterly,2,0.0,0.42857142857142855,0.21428571428571427,Low Value,0.25,0.3392857142857143,0.3392857142857143,0,Unsatisfied,Mid Loyalty
2563,57,Male,Shorts,Clothing,62,Arizona,XL,Yellow,Spring,4.7,No,Standard,No,27,Cash,Fortnightly,4,0.525,0.5306122448979592,0.5278061224489796,Mid Value,0.75,0.6403061224489797,0.6403061224489797,0,Satisfied,Mid Loyalty
2564,69,Male,Backpack,Accessories,81,Massachusetts,XL,Gray,Winter,4.5,No,Standard,No,1,Venmo,Quarterly,2,0.7625,0.0,0.38125,Mid Value,0.25,0.125,0.125,0,Satisfied,Low Loyalty
2565,42,Male,Scarf,Accessories,90,Kentucky,L,Indigo,Winter,3.0,No,2-Day Shipping,No,27,Bank Transfer,Weekly,5,0.875,0.5306122448979592,0.7028061224489797,High Value,1.0,0.7653061224489797,0.7653061224489797,0,Unsatisfied,High Loyalty
2566,30,Male,Socks,Clothing,43,Vermont,S,Indigo,Fall,3.6,No,Store Pickup,No,8,Venmo,Quarterly,2,0.2875,0.14285714285714285,0.2151785714285714,Low Value,0.25,0.19642857142857142,0.19642857142857142,0,Unsatisfied,Low Loyalty
2567,35,Male,Handbag,Accessories,38,Missouri,S,Yellow,Fall,3.3,No,Standard,No,43,PayPal,Quarterly,2,0.225,0.8571428571428571,0.5410714285714285,Mid Value,0.25,0.5535714285714286,0.5535714285714286,0,Unsatisfied,Mid Loyalty
2568,19,Male,Sunglasses,Accessories,25,Michigan,XL,Gold,Spring,4.3,No,Store Pickup,No,24,Cash,Fortnightly,4,0.0625,0.46938775510204084,0.26594387755102045,Low Value,0.75,0.6096938775510204,0.6096938775510204,0,Satisfied,Mid Loyalty
2569,52,Male,T-shirt,Clothing,98,Texas,XL,Green,Winter,4.3,No,Express,No,29,PayPal,Fortnightly,4,0.975,0.5714285714285714,0.7732142857142856,High Value,0.75,0.6607142857142857,0.6607142857142857,0,Satisfied,Mid Loyalty
2570,42,Male,Dress,Clothing,75,New York,M,Charcoal,Spring,4.8,No,Free Shipping,No,10,Bank Transfer,Fortnightly,4,0.6875,0.1836734693877551,0.43558673469387754,Mid Value,0.75,0.46683673469387754,0.46683673469387754,0,Satisfied,Mid Loyalty
2571,36,Male,Sneakers,Footwear,27,New Mexico,XL,Olive,Spring,4.0,No,Store Pickup,No,12,PayPal,Fortnightly,4,0.0875,0.22448979591836735,0.15599489795918367,Low Value,0.75,0.4872448979591837,0.4872448979591837,0,Satisfied,Mid Loyalty
2572,45,Male,Sunglasses,Accessories,27,Mississippi,L,Black,Winter,3.5,No,Standard,No,48,Cash,Fortnightly,4,0.0875,0.9591836734693877,0.5233418367346938,Mid Value,0.75,0.8545918367346939,0.8545918367346939,0,Unsatisfied,High Loyalty
2573,54,Male,Blouse,Clothing,42,Washington,M,Silver,Fall,3.9,No,Next Day Air,No,40,Bank Transfer,Quarterly,2,0.275,0.7959183673469388,0.5354591836734695,Mid Value,0.25,0.5229591836734694,0.5229591836734694,0,Satisfied,Mid Loyalty
2574,54,Male,T-shirt,Clothing,90,New Mexico,M,Red,Summer,4.4,No,Store Pickup,No,1,Bank Transfer,Annually,1,0.875,0.0,0.4375,Mid Value,0.0,0.0,0.0,0,Satisfied,Low Loyalty
2575,27,Male,Hat,Accessories,63,Florida,M,Brown,Summer,4.6,No,2-Day Shipping,No,26,Credit Card,Fortnightly,4,0.5375,0.5102040816326531,0.5238520408163265,Mid Value,0.75,0.6301020408163265,0.6301020408163265,0,Satisfied,Mid Loyalty
2576,53,Male,Shorts,Clothing,96,Minnesota,M,Silver,Fall,4.0,No,Express,No,9,PayPal,Annually,1,0.95,0.16326530612244897,0.5566326530612244,Mid Value,0.0,0.08163265306122448,0.08163265306122448,0,Satisfied,Low Loyalty
2577,20,Male,Hoodie,Clothing,40,New Hampshire,M,Silver,Winter,4.2,No,Free Shipping,No,19,Debit Card,Quarterly,2,0.25,0.3673469387755102,0.3086734693877551,Low Value,0.25,0.3086734693877551,0.3086734693877551,0,Satisfied,Low Loyalty
2578,52,Male,Socks,Clothing,39,Minnesota,L,Black,Fall,4.5,No,Next Day Air,No,37,Bank Transfer,Monthly,3,0.2375,0.7346938775510204,0.4860969387755102,Mid Value,0.5,0.6173469387755102,0.6173469387755102,0,Satisfied,Mid Loyalty
2579,54,Male,Sunglasses,Accessories,48,Vermont,M,Purple,Fall,3.9,No,Free Shipping,No,3,Cash,Quarterly,2,0.35,0.04081632653061224,0.1954081632653061,Low Value,0.25,0.14540816326530612,0.14540816326530612,0,Satisfied,Low Loyalty
2580,65,Male,Blouse,Clothing,20,Minnesota,M,Purple,Summer,3.7,No,Express,No,40,Venmo,Weekly,5,0.0,0.7959183673469388,0.3979591836734694,Mid Value,1.0,0.8979591836734694,0.8979591836734694,0,Unsatisfied,High Loyalty
2581,43,Male,Jeans,Clothing,29,Massachusetts,S,Turquoise,Summer,3.6,No,Store Pickup,No,13,Bank Transfer,Quarterly,2,0.1125,0.24489795918367346,0.17869897959183673,Low Value,0.25,0.24744897959183673,0.24744897959183673,0,Unsatisfied,Low Loyalty
2582,57,Male,Dress,Clothing,81,Wyoming,M,Gold,Winter,4.7,No,Express,No,48,Credit Card,Monthly,3,0.7625,0.9591836734693877,0.8608418367346938,High Value,0.5,0.7295918367346939,0.7295918367346939,0,Satisfied,High Loyalty
2583,19,Male,Dress,Clothing,98,South Dakota,S,Indigo,Fall,3.6,No,2-Day Shipping,No,4,Venmo,Quarterly,2,0.975,0.061224489795918366,0.5181122448979592,Mid Value,0.25,0.1556122448979592,0.1556122448979592,0,Unsatisfied,Low Loyalty
2584,69,Male,Jeans,Clothing,93,Oklahoma,M,Lavender,Fall,2.5,No,Next Day Air,No,9,Cash,Weekly,5,0.9125,0.16326530612244897,0.5378826530612245,Mid Value,1.0,0.5816326530612245,0.5816326530612245,0,Unsatisfied,Mid Loyalty
2585,26,Male,Socks,Clothing,30,Florida,L,Blue,Summer,2.9,No,Store Pickup,No,26,Bank Transfer,Fortnightly,4,0.125,0.5102040816326531,0.31760204081632654,Low Value,0.75,0.6301020408163265,0.6301020408163265,0,Unsatisfied,Mid Loyalty
2586,57,Male,Sunglasses,Accessories,37,Wisconsin,L,Maroon,Fall,4.4,No,Free Shipping,No,19,Debit Card,Weekly,5,0.2125,0.3673469387755102,0.2899234693877551,Low Value,1.0,0.6836734693877551,0.6836734693877551,0,Satisfied,High Loyalty
2587,20,Male,Coat,Outerwear,28,Maine,L,Yellow,Winter,4.6,No,Express,No,1,Credit Card,Quarterly,2,0.1,0.0,0.05,Low Value,0.25,0.125,0.125,0,Satisfied,Low Loyalty
2588,55,Male,Scarf,Accessories,29,Connecticut,M,Purple,Winter,3.7,No,Express,No,29,PayPal,Quarterly,2,0.1125,0.5714285714285714,0.3419642857142857,Mid Value,0.25,0.4107142857142857,0.4107142857142857,0,Unsatisfied,Mid Loyalty
2589,44,Male,Backpack,Accessories,49,Delaware,M,Peach,Summer,3.2,No,Free Shipping,No,38,Venmo,Fortnightly,4,0.3625,0.7551020408163265,0.5588010204081633,Mid Value,0.75,0.7525510204081632,0.7525510204081632,0,Unsatisfied,High Loyalty
2590,52,Male,Pants,Clothing,53,North Dakota,M,Silver,Winter,4.9,No,2-Day Shipping,No,31,PayPal,Annually,1,0.4125,0.6122448979591837,0.5123724489795918,Mid Value,0.0,0.30612244897959184,0.30612244897959184,0,Satisfied,Low Loyalty
2591,57,Male,Gloves,Accessories,66,California,M,Turquoise,Summer,5.0,No,Free Shipping,No,35,Venmo,Annually,1,0.575,0.6938775510204082,0.6344387755102041,Mid Value,0.0,0.3469387755102041,0.3469387755102041,0,Satisfied,Mid Loyalty
2592,40,Male,Jacket,Outerwear,61,New Mexico,S,Olive,Spring,3.3,No,Express,No,40,Cash,Quarterly,2,0.5125,0.7959183673469388,0.6542091836734694,Mid Value,0.25,0.5229591836734694,0.5229591836734694,0,Unsatisfied,Mid Loyalty
2593,23,Male,Shorts,Clothing,23,Iowa,XL,Peach,Summer,4.4,No,Store Pickup,No,13,Venmo,Quarterly,2,0.0375,0.24489795918367346,0.14119897959183672,Low Value,0.25,0.24744897959183673,0.24744897959183673,0,Satisfied,Low Loyalty
2594,36,Male,Pants,Clothing,36,Colorado,S,Indigo,Fall,4.7,No,Store Pickup,No,9,Bank Transfer,Quarterly,2,0.2,0.16326530612244897,0.1816326530612245,Low Value,0.25,0.20663265306122447,0.20663265306122447,0,Satisfied,Low Loyalty
2595,59,Male,Skirt,Clothing,81,Montana,L,Indigo,Fall,3.6,No,Free Shipping,No,25,Cash,Quarterly,2,0.7625,0.4897959183673469,0.6261479591836734,Mid Value,0.25,0.36989795918367346,0.36989795918367346,0,Unsatisfied,Mid Loyalty
2596,29,Male,Blouse,Clothing,56,Iowa,XL,Maroon,Summer,3.2,No,Free Shipping,No,3,Bank Transfer,Fortnightly,4,0.45,0.04081632653061224,0.24540816326530612,Low Value,0.75,0.39540816326530615,0.39540816326530615,0,Unsatisfied,Mid Loyalty
2597,63,Male,Shirt,Clothing,78,Louisiana,L,Black,Spring,3.0,No,Next Day Air,No,35,Credit Card,Monthly,3,0.725,0.6938775510204082,0.7094387755102041,High Value,0.5,0.596938775510204,0.596938775510204,0,Unsatisfied,Mid Loyalty
2598,60,Male,Jewelry,Accessories,25,Alabama,XL,Teal,Summer,4.4,No,Store Pickup,No,13,Venmo,Fortnightly,4,0.0625,0.24489795918367346,0.15369897959183673,Low Value,0.75,0.49744897959183676,0.49744897959183676,0,Satisfied,Mid Loyalty
2599,64,Male,Backpack,Accessories,86,Nevada,XL,Olive,Fall,3.3,No,Express,No,31,Debit Card,Annually,1,0.825,0.6122448979591837,0.7186224489795918,High Value,0.0,0.30612244897959184,0.30612244897959184,0,Unsatisfied,Low Loyalty
2600,63,Male,Jewelry,Accessories,99,Vermont,M,Gold,Winter,3.4,No,Express,No,48,Credit Card,Monthly,3,0.9875,0.9591836734693877,0.9733418367346939,High Value,0.5,0.7295918367346939,0.7295918367346939,0,Unsatisfied,High Loyalty
2601,21,Male,Belt,Accessories,83,New York,M,Gray,Fall,3.9,No,Express,No,6,Bank Transfer,Fortnightly,4,0.7875,0.10204081632653061,0.4447704081632653,Mid Value,0.75,0.4260204081632653,0.4260204081632653,0,Satisfied,Mid Loyalty
2602,61,Male,Dress,Clothing,33,Mississippi,L,Orange,Winter,2.9,No,Store Pickup,No,43,Cash,Monthly,3,0.1625,0.8571428571428571,0.5098214285714285,Mid Value,0.5,0.6785714285714286,0.6785714285714286,0,Unsatisfied,High Loyalty
2603,65,Male,Coat,Outerwear,44,South Carolina,M,Black,Fall,2.9,No,Free Shipping,No,1,Venmo,Quarterly,2,0.3,0.0,0.15,Low Value,0.25,0.125,0.125,0,Unsatisfied,Low Loyalty
2604,69,Male,Dress,Clothing,58,Washington,M,Teal,Spring,2.7,No,2-Day Shipping,No,8,Cash,Annually,1,0.475,0.14285714285714285,0.30892857142857144,Low Value,0.0,0.07142857142857142,0.07142857142857142,0,Unsatisfied,Low Loyalty
2605,47,Male,Sweater,Clothing,54,Colorado,M,Beige,Spring,3.4,No,Store Pickup,No,6,Debit Card,Weekly,5,0.425,0.10204081632653061,0.2635204081632653,Low Value,1.0,0.5510204081632653,0.5510204081632653,0,Unsatisfied,Mid Loyalty
2606,41,Male,Hoodie,Clothing,93,Nevada,M,White,Spring,3.7,No,2-Day Shipping,No,32,Venmo,Fortnightly,4,0.9125,0.6326530612244898,0.772576530612245,High Value,0.75,0.6913265306122449,0.6913265306122449,0,Unsatisfied,High Loyalty
2607,68,Male,Shoes,Footwear,98,Nevada,L,Turquoise,Spring,4.7,No,Standard,No,46,Bank Transfer,Fortnightly,4,0.975,0.9183673469387755,0.9466836734693878,High Value,0.75,0.8341836734693877,0.8341836734693877,0,Satisfied,High Loyalty
2608,41,Male,Shoes,Footwear,36,Oklahoma,XL,Teal,Spring,3.1,No,Express,No,38,PayPal,Quarterly,2,0.2,0.7551020408163265,0.4775510204081632,Mid Value,0.25,0.5025510204081632,0.5025510204081632,0,Unsatisfied,Mid Loyalty
2609,42,Male,Jacket,Outerwear,68,Mississippi,L,Orange,Fall,4.2,No,2-Day Shipping,No,48,Credit Card,Fortnightly,4,0.6,0.9591836734693877,0.7795918367346939,High Value,0.75,0.8545918367346939,0.8545918367346939,0,Satisfied,High Loyalty
2610,66,Male,Backpack,Accessories,95,Arkansas,M,Black,Summer,3.0,No,Store Pickup,No,18,Debit Card,Fortnightly,4,0.9375,0.3469387755102041,0.642219387755102,Mid Value,0.75,0.548469387755102,0.548469387755102,0,Unsatisfied,Mid Loyalty
2611,66,Male,Jeans,Clothing,93,West Virginia,M,Violet,Spring,3.1,No,Express,No,25,Cash,Quarterly,2,0.9125,0.4897959183673469,0.7011479591836735,High Value,0.25,0.36989795918367346,0.36989795918367346,0,Unsatisfied,Mid Loyalty
2612,33,Male,Jacket,Outerwear,99,Michigan,L,Maroon,Fall,4.2,No,2-Day Shipping,No,4,Cash,Fortnightly,4,0.9875,0.061224489795918366,0.5243622448979592,Mid Value,0.75,0.40561224489795916,0.40561224489795916,0,Satisfied,Mid Loyalty
2613,55,Male,Sunglasses,Accessories,22,Louisiana,M,Turquoise,Winter,3.8,No,Next Day Air,No,27,Venmo,Quarterly,2,0.025,0.5306122448979592,0.2778061224489796,Low Value,0.25,0.3903061224489796,0.3903061224489796,0,Unsatisfied,Mid Loyalty
2614,58,Male,Gloves,Accessories,88,South Dakota,M,Gold,Fall,2.9,No,Express,No,14,Bank Transfer,Monthly,3,0.85,0.2653061224489796,0.5576530612244898,Mid Value,0.5,0.38265306122448983,0.38265306122448983,0,Unsatisfied,Mid Loyalty
2615,18,Male,Jacket,Outerwear,65,North Dakota,M,Turquoise,Spring,4.2,No,Express,No,36,Bank Transfer,Fortnightly,4,0.5625,0.7142857142857143,0.6383928571428572,Mid Value,0.75,0.7321428571428572,0.7321428571428572,0,Satisfied,High Loyalty
2616,49,Male,T-shirt,Clothing,62,Arizona,M,Maroon,Fall,3.1,No,2-Day Shipping,No,6,Debit Card,Quarterly,2,0.525,0.10204081632653061,0.3135204081632653,Low Value,0.25,0.1760204081632653,0.1760204081632653,0,Unsatisfied,Low Loyalty
2617,61,Male,Sandals,Footwear,55,Georgia,XL,Purple,Spring,3.6,No,Express,No,46,Cash,Annually,1,0.4375,0.9183673469387755,0.6779336734693877,High Value,0.0,0.45918367346938777,0.45918367346938777,0,Unsatisfied,Mid Loyalty
2618,31,Male,Shorts,Clothing,97,Idaho,S,Maroon,Spring,4.8,No,Standard,No,29,Bank Transfer,Annually,1,0.9625,0.5714285714285714,0.7669642857142858,High Value,0.0,0.2857142857142857,0.2857142857142857,0,Satisfied,Low Loyalty
2619,70,Male,Handbag,Accessories,77,Louisiana,L,Brown,Fall,4.1,No,Express,No,12,Venmo,Monthly,3,0.7125,0.22448979591836735,0.4684948979591837,Mid Value,0.5,0.3622448979591837,0.3622448979591837,0,Satisfied,Mid Loyalty
2620,68,Male,Pants,Clothing,40,Connecticut,L,Indigo,Winter,3.9,No,Free Shipping,No,47,Credit Card,Weekly,5,0.25,0.9387755102040817,0.5943877551020409,Mid Value,1.0,0.9693877551020409,0.9693877551020409,0,Satisfied,High Loyalty
2621,27,Male,Blouse,Clothing,23,Ohio,S,Lavender,Winter,3.0,No,Standard,No,28,Debit Card,Annually,1,0.0375,0.5510204081632653,0.2942602040816326,Low Value,0.0,0.2755102040816326,0.2755102040816326,0,Unsatisfied,Low Loyalty
2622,48,Male,Shoes,Footwear,46,Maine,M,Beige,Winter,3.0,No,Express,No,21,Bank Transfer,Annually,1,0.325,0.40816326530612246,0.3665816326530612,Mid Value,0.0,0.20408163265306123,0.20408163265306123,0,Unsatisfied,Low Loyalty
2623,63,Male,Backpack,Accessories,75,New Hampshire,M,Yellow,Spring,4.9,No,2-Day Shipping,No,15,Credit Card,Annually,1,0.6875,0.2857142857142857,0.48660714285714285,Mid Value,0.0,0.14285714285714285,0.14285714285714285,0,Satisfied,Low Loyalty
2624,49,Male,Shoes,Footwear,76,Massachusetts,M,Gold,Fall,4.8,No,Next Day Air,No,38,Cash,Annually,1,0.7,0.7551020408163265,0.7275510204081632,High Value,0.0,0.37755102040816324,0.37755102040816324,0,Satisfied,Mid Loyalty
2625,19,Male,Dress,Clothing,59,South Dakota,M,Indigo,Summer,3.3,No,Standard,No,19,Credit Card,Annually,1,0.4875,0.3673469387755102,0.4274234693877551,Mid Value,0.0,0.1836734693877551,0.1836734693877551,0,Unsatisfied,Low Loyalty
2626,30,Male,Skirt,Clothing,51,Colorado,L,Cyan,Summer,2.7,No,Standard,No,31,Credit Card,Weekly,5,0.3875,0.6122448979591837,0.4998724489795918,Mid Value,1.0,0.8061224489795918,0.8061224489795918,0,Unsatisfied,High Loyalty
2627,50,Male,Jacket,Outerwear,46,Rhode Island,XL,Silver,Fall,4.2,No,Express,No,30,Credit Card,Quarterly,2,0.325,0.5918367346938775,0.45841836734693875,Mid Value,0.25,0.42091836734693877,0.42091836734693877,0,Satisfied,Mid Loyalty
2628,66,Male,Shirt,Clothing,26,Missouri,L,Silver,Fall,3.6,No,Next Day Air,No,40,Bank Transfer,Quarterly,2,0.075,0.7959183673469388,0.43545918367346936,Mid Value,0.25,0.5229591836734694,0.5229591836734694,0,Unsatisfied,Mid Loyalty
2629,25,Male,Hoodie,Clothing,51,Wyoming,M,Silver,Summer,3.8,No,Next Day Air,No,42,Credit Card,Fortnightly,4,0.3875,0.8367346938775511,0.6121173469387755,Mid Value,0.75,0.7933673469387755,0.7933673469387755,0,Unsatisfied,High Loyalty
2630,61,Male,Scarf,Accessories,44,New Hampshire,M,Peach,Winter,3.8,No,Free Shipping,No,25,Venmo,Annually,1,0.3,0.4897959183673469,0.39489795918367343,Mid Value,0.0,0.24489795918367346,0.24489795918367346,0,Unsatisfied,Low Loyalty
2631,29,Male,Skirt,Clothing,82,Maine,S,Pink,Spring,4.2,No,Free Shipping,No,20,Cash,Quarterly,2,0.775,0.3877551020408163,0.5813775510204082,Mid Value,0.25,0.31887755102040816,0.31887755102040816,0,Satisfied,Low Loyalty
2632,53,Male,Skirt,Clothing,44,Connecticut,S,Violet,Summer,2.7,No,Express,No,3,Cash,Weekly,5,0.3,0.04081632653061224,0.1704081632653061,Low Value,1.0,0.5204081632653061,0.5204081632653061,0,Unsatisfied,Mid Loyalty
2633,24,Male,Scarf,Accessories,27,Alaska,M,Black,Fall,5.0,No,Next Day Air,No,14,Cash,Annually,1,0.0875,0.2653061224489796,0.1764030612244898,Low Value,0.0,0.1326530612244898,0.1326530612244898,0,Satisfied,Low Loyalty
2634,51,Male,Sunglasses,Accessories,90,Alaska,M,Purple,Fall,4.7,No,Next Day Air,No,32,Credit Card,Fortnightly,4,0.875,0.6326530612244898,0.7538265306122449,High Value,0.75,0.6913265306122449,0.6913265306122449,0,Satisfied,High Loyalty
2635,26,Male,Sandals,Footwear,58,North Carolina,S,Black,Summer,3.2,No,Store Pickup,No,20,PayPal,Quarterly,2,0.475,0.3877551020408163,0.43137755102040815,Mid Value,0.25,0.31887755102040816,0.31887755102040816,0,Unsatisfied,Low Loyalty
2636,59,Male,Hoodie,Clothing,80,Colorado,XL,Peach,Spring,2.9,No,2-Day Shipping,No,34,PayPal,Fortnightly,4,0.75,0.673469387755102,0.7117346938775511,High Value,0.75,0.7117346938775511,0.7117346938775511,0,Unsatisfied,High Loyalty
2637,41,Male,Jacket,Outerwear,40,Utah,S,Magenta,Winter,4.2,No,Store Pickup,No,6,Venmo,Annually,1,0.25,0.10204081632653061,0.1760204081632653,Low Value,0.0,0.05102040816326531,0.05102040816326531,0,Satisfied,Low Loyalty
2638,20,Male,Pants,Clothing,23,Alabama,M,Magenta,Spring,3.7,No,Store Pickup,No,2,PayPal,Annually,1,0.0375,0.02040816326530612,0.02895408163265306,Low Value,0.0,0.01020408163265306,0.01020408163265306,0,Unsatisfied,Low Loyalty
2639,22,Male,Shirt,Clothing,34,Hawaii,S,Black,Spring,4.2,No,Store Pickup,No,35,Credit Card,Annually,1,0.175,0.6938775510204082,0.43443877551020404,Mid Value,0.0,0.3469387755102041,0.3469387755102041,0,Satisfied,Mid Loyalty
2640,18,Male,Blouse,Clothing,35,New Hampshire,XL,Pink,Winter,2.6,No,Free Shipping,No,33,Debit Card,Quarterly,2,0.1875,0.6530612244897959,0.42028061224489793,Mid Value,0.25,0.45153061224489793,0.45153061224489793,0,Unsatisfied,Mid Loyalty
2641,30,Male,Skirt,Clothing,75,Indiana,L,Olive,Summer,4.0,No,Store Pickup,No,45,Venmo,Fortnightly,4,0.6875,0.8979591836734694,0.7927295918367347,High Value,0.75,0.8239795918367347,0.8239795918367347,0,Satisfied,High Loyalty
2642,25,Male,Sunglasses,Accessories,60,Vermont,XL,Olive,Winter,2.7,No,Next Day Air,No,20,Bank Transfer,Quarterly,2,0.5,0.3877551020408163,0.44387755102040816,Mid Value,0.25,0.31887755102040816,0.31887755102040816,0,Unsatisfied,Low Loyalty
2643,39,Male,Belt,Accessories,87,Iowa,L,Peach,Summer,4.0,No,Store Pickup,No,48,Bank Transfer,Annually,1,0.8375,0.9591836734693877,0.8983418367346938,High Value,0.0,0.47959183673469385,0.47959183673469385,0,Satisfied,Mid Loyalty
2644,49,Male,Gloves,Accessories,41,Maryland,S,Silver,Spring,2.9,No,Next Day Air,No,37,Cash,Monthly,3,0.2625,0.7346938775510204,0.49859693877551026,Mid Value,0.5,0.6173469387755102,0.6173469387755102,0,Unsatisfied,Mid Loyalty
2645,25,Male,Pants,Clothing,83,New Mexico,M,Turquoise,Spring,3.3,No,Standard,No,4,Bank Transfer,Quarterly,2,0.7875,0.061224489795918366,0.42436224489795915,Mid Value,0.25,0.1556122448979592,0.1556122448979592,0,Unsatisfied,Low Loyalty
2646,23,Male,Scarf,Accessories,81,Louisiana,L,Olive,Spring,4.0,No,Store Pickup,No,24,Bank Transfer,Fortnightly,4,0.7625,0.46938775510204084,0.6159438775510204,Mid Value,0.75,0.6096938775510204,0.6096938775510204,0,Satisfied,Mid Loyalty
2647,33,Male,T-shirt,Clothing,56,New Mexico,S,Lavender,Summer,3.9,No,Next Day Air,No,4,Debit Card,Quarterly,2,0.45,0.061224489795918366,0.2556122448979592,Low Value,0.25,0.1556122448979592,0.1556122448979592,0,Satisfied,Low Loyalty
2648,60,Male,Shoes,Footwear,58,South Carolina,M,Red,Summer,3.3,No,2-Day Shipping,No,25,Debit Card,Annually,1,0.475,0.4897959183673469,0.48239795918367345,Mid Value,0.0,0.24489795918367346,0.24489795918367346,0,Unsatisfied,Low Loyalty
2649,51,Male,Pants,Clothing,84,Illinois,M,Gray,Spring,3.9,No,Next Day Air,No,14,PayPal,Fortnightly,4,0.8,0.2653061224489796,0.5326530612244899,Mid Value,0.75,0.5076530612244898,0.5076530612244898,0,Satisfied,Mid Loyalty
2650,23,Male,Gloves,Accessories,21,Minnesota,M,Magenta,Fall,3.9,No,Store Pickup,No,14,Bank Transfer,Fortnightly,4,0.0125,0.2653061224489796,0.1389030612244898,Low Value,0.75,0.5076530612244898,0.5076530612244898,0,Satisfied,Mid Loyalty
2651,20,Male,Socks,Clothing,35,Oregon,L,Maroon,Summer,4.2,No,Standard,No,46,Credit Card,Quarterly,2,0.1875,0.9183673469387755,0.5529336734693877,Mid Value,0.25,0.5841836734693877,0.5841836734693877,0,Satisfied,Mid Loyalty
2652,51,Male,Sneakers,Footwear,43,Tennessee,M,Cyan,Summer,4.6,No,Store Pickup,No,27,PayPal,Quarterly,2,0.2875,0.5306122448979592,0.4090561224489796,Mid Value,0.25,0.3903061224489796,0.3903061224489796,0,Satisfied,Mid Loyalty
2653,23,Female,Shorts,Clothing,20,Maryland,L,Cyan,Summer,3.3,No,2-Day Shipping,No,46,Credit Card,Monthly,3,0.0,0.9183673469387755,0.45918367346938777,Mid Value,0.5,0.7091836734693877,0.7091836734693877,0,Unsatisfied,High Loyalty
2654,67,Female,Blouse,Clothing,36,Wisconsin,L,Lavender,Fall,4.8,No,Express,No,24,Venmo,Quarterly,2,0.2,0.46938775510204084,0.3346938775510204,Low Value,0.25,0.35969387755102045,0.35969387755102045,0,Satisfied,Mid Loyalty
2655,23,Female,Coat,Outerwear,70,Idaho,S,Pink,Fall,4.1,No,Next Day Air,No,4,PayPal,Annually,1,0.625,0.061224489795918366,0.34311224489795916,Mid Value,0.0,0.030612244897959183,0.030612244897959183,0,Satisfied,Low Loyalty
2656,26,Female,Sunglasses,Accessories,83,Wyoming,M,Gray,Summer,3.4,No,Standard,No,2,Credit Card,Fortnightly,4,0.7875,0.02040816326530612,0.40395408163265306,Mid Value,0.75,0.3852040816326531,0.3852040816326531,0,Unsatisfied,Mid Loyalty
2657,52,Female,Shorts,Clothing,76,Indiana,L,Yellow,Winter,3.6,No,Express,No,29,Bank Transfer,Fortnightly,4,0.7,0.5714285714285714,0.6357142857142857,Mid Value,0.75,0.6607142857142857,0.6607142857142857,0,Unsatisfied,Mid Loyalty
2658,52,Female,Dress,Clothing,81,Texas,M,Pink,Summer,2.7,No,Express,No,7,Credit Card,Fortnightly,4,0.7625,0.12244897959183673,0.44247448979591836,Mid Value,0.75,0.4362244897959184,0.4362244897959184,0,Unsatisfied,Mid Loyalty
2659,52,Female,Handbag,Accessories,47,Ohio,XL,Indigo,Summer,3.2,No,Next Day Air,No,39,PayPal,Monthly,3,0.3375,0.7755102040816326,0.5565051020408163,Mid Value,0.5,0.6377551020408163,0.6377551020408163,0,Unsatisfied,Mid Loyalty
2660,35,Female,Boots,Footwear,35,Kansas,L,Gray,Summer,4.4,No,2-Day Shipping,No,46,Credit Card,Fortnightly,4,0.1875,0.9183673469387755,0.5529336734693877,Mid Value,0.75,0.8341836734693877,0.8341836734693877,0,Satisfied,High Loyalty
2661,24,Female,Pants,Clothing,85,South Carolina,L,Yellow,Spring,4.9,No,Express,No,44,Venmo,Annually,1,0.8125,0.8775510204081632,0.8450255102040816,High Value,0.0,0.4387755102040816,0.4387755102040816,0,Satisfied,Mid Loyalty
2662,43,Female,Boots,Footwear,96,Michigan,XL,Olive,Fall,4.8,No,Express,No,20,Bank Transfer,Annually,1,0.95,0.3877551020408163,0.6688775510204081,High Value,0.0,0.19387755102040816,0.19387755102040816,0,Satisfied,Low Loyalty
2663,25,Female,Skirt,Clothing,98,Nebraska,M,Cyan,Summer,2.8,No,2-Day Shipping,No,44,PayPal,Fortnightly,4,0.975,0.8775510204081632,0.9262755102040816,High Value,0.75,0.8137755102040816,0.8137755102040816,0,Unsatisfied,High Loyalty
2664,46,Female,Sneakers,Footwear,52,Wisconsin,L,Silver,Fall,2.9,No,Free Shipping,No,23,Bank Transfer,Annually,1,0.4,0.4489795918367347,0.42448979591836733,Mid Value,0.0,0.22448979591836735,0.22448979591836735,0,Unsatisfied,Low Loyalty
2665,22,Female,Jewelry,Accessories,84,Illinois,L,Silver,Winter,3.2,No,Store Pickup,No,37,PayPal,Weekly,5,0.8,0.7346938775510204,0.7673469387755103,High Value,1.0,0.8673469387755102,0.8673469387755102,0,Unsatisfied,High Loyalty
2666,70,Female,T-shirt,Clothing,71,Louisiana,L,Red,Winter,3.5,No,Store Pickup,No,4,Venmo,Weekly,5,0.6375,0.061224489795918366,0.34936224489795914,Mid Value,1.0,0.5306122448979592,0.5306122448979592,0,Unsatisfied,Mid Loyalty
2667,49,Female,Sandals,Footwear,95,Ohio,S,Brown,Winter,4.1,No,Store Pickup,No,14,Venmo,Fortnightly,4,0.9375,0.2653061224489796,0.6014030612244898,Mid Value,0.75,0.5076530612244898,0.5076530612244898,0,Satisfied,Mid Loyalty
2668,48,Female,Boots,Footwear,47,Maryland,M,Orange,Summer,4.1,No,Free Shipping,No,31,Cash,Fortnightly,4,0.3375,0.6122448979591837,0.47487244897959185,Mid Value,0.75,0.6811224489795918,0.6811224489795918,0,Satisfied,High Loyalty
2669,59,Female,Coat,Outerwear,75,Texas,M,Black,Summer,4.8,No,Next Day Air,No,9,PayPal,Quarterly,2,0.6875,0.16326530612244897,0.42538265306122447,Mid Value,0.25,0.20663265306122447,0.20663265306122447,0,Satisfied,Low Loyalty
2670,39,Female,Belt,Accessories,28,Illinois,L,Teal,Spring,2.8,No,Free Shipping,No,31,Credit Card,Weekly,5,0.1,0.6122448979591837,0.35612244897959183,Mid Value,1.0,0.8061224489795918,0.8061224489795918,0,Unsatisfied,High Loyalty
2671,30,Female,Sunglasses,Accessories,44,Pennsylvania,M,Yellow,Fall,4.7,No,Express,No,26,Bank Transfer,Fortnightly,4,0.3,0.5102040816326531,0.4051020408163265,Mid Value,0.75,0.6301020408163265,0.6301020408163265,0,Satisfied,Mid Loyalty
2672,37,Female,Sandals,Footwear,64,Alabama,XL,Gray,Winter,4.8,No,2-Day Shipping,No,41,PayPal,Quarterly,2,0.55,0.8163265306122449,0.6831632653061225,High Value,0.25,0.5331632653061225,0.5331632653061225,0,Satisfied,Mid Loyalty
2673,56,Female,Boots,Footwear,28,West Virginia,M,Maroon,Spring,2.9,No,Standard,No,13,Cash,Annually,1,0.1,0.24489795918367346,0.17244897959183675,Low Value,0.0,0.12244897959183673,0.12244897959183673,0,Unsatisfied,Low Loyalty
2674,67,Female,Hoodie,Clothing,21,Nevada,M,Olive,Summer,2.6,No,2-Day Shipping,No,4,Cash,Monthly,3,0.0125,0.061224489795918366,0.03686224489795918,Low Value,0.5,0.28061224489795916,0.28061224489795916,0,Unsatisfied,Low Loyalty
2675,40,Female,Hat,Accessories,41,Florida,S,Charcoal,Fall,3.3,No,Express,No,15,Cash,Quarterly,2,0.2625,0.2857142857142857,0.2741071428571429,Low Value,0.25,0.26785714285714285,0.26785714285714285,0,Unsatisfied,Low Loyalty
2676,24,Female,Shorts,Clothing,38,Virginia,M,Peach,Winter,3.4,No,Free Shipping,No,38,Cash,Fortnightly,4,0.225,0.7551020408163265,0.49005102040816323,Mid Value,0.75,0.7525510204081632,0.7525510204081632,0,Unsatisfied,High Loyalty
2677,43,Female,Backpack,Accessories,77,Kentucky,M,Maroon,Spring,3.6,No,Free Shipping,No,3,Cash,Fortnightly,4,0.7125,0.04081632653061224,0.37665816326530616,Mid Value,0.75,0.39540816326530615,0.39540816326530615,0,Unsatisfied,Mid Loyalty
2678,45,Female,Shorts,Clothing,43,Connecticut,L,Olive,Spring,3.8,No,Next Day Air,No,6,PayPal,Quarterly,2,0.2875,0.10204081632653061,0.1947704081632653,Low Value,0.25,0.1760204081632653,0.1760204081632653,0,Unsatisfied,Low Loyalty
2679,33,Female,Belt,Accessories,91,Montana,M,Magenta,Spring,3.4,No,2-Day Shipping,No,34,Credit Card,Fortnightly,4,0.8875,0.673469387755102,0.7804846938775509,High Value,0.75,0.7117346938775511,0.7117346938775511,0,Unsatisfied,High Loyalty
2680,53,Female,Shorts,Clothing,68,Montana,S,Yellow,Spring,3.8,No,Express,No,7,Debit Card,Quarterly,2,0.6,0.12244897959183673,0.36122448979591837,Mid Value,0.25,0.18622448979591838,0.18622448979591838,0,Unsatisfied,Low Loyalty
2681,44,Female,Socks,Clothing,37,Nebraska,L,Indigo,Fall,3.3,No,Next Day Air,No,21,Venmo,Annually,1,0.2125,0.40816326530612246,0.31033163265306124,Low Value,0.0,0.20408163265306123,0.20408163265306123,0,Unsatisfied,Low Loyalty
2682,23,Female,Shoes,Footwear,23,Massachusetts,L,Olive,Summer,4.8,No,Standard,No,17,Debit Card,Monthly,3,0.0375,0.32653061224489793,0.18201530612244896,Low Value,0.5,0.41326530612244894,0.41326530612244894,0,Satisfied,Mid Loyalty
2683,59,Female,Sneakers,Footwear,65,North Carolina,L,Maroon,Winter,3.9,No,2-Day Shipping,No,5,Venmo,Quarterly,2,0.5625,0.08163265306122448,0.32206632653061223,Low Value,0.25,0.16581632653061223,0.16581632653061223,0,Satisfied,Low Loyalty
2684,68,Female,Backpack,Accessories,30,Montana,M,Indigo,Summer,4.2,No,Next Day Air,No,21,Cash,Fortnightly,4,0.125,0.40816326530612246,0.26658163265306123,Low Value,0.75,0.5790816326530612,0.5790816326530612,0,Satisfied,Mid Loyalty
2685,46,Female,Dress,Clothing,45,Washington,M,Gray,Summer,4.7,No,Free Shipping,No,42,Credit Card,Fortnightly,4,0.3125,0.8367346938775511,0.5746173469387755,Mid Value,0.75,0.7933673469387755,0.7933673469387755,0,Satisfied,High Loyalty
2686,56,Female,Boots,Footwear,25,Virginia,M,Gray,Winter,2.7,No,Express,No,49,Credit Card,Quarterly,2,0.0625,0.9795918367346939,0.5210459183673469,Mid Value,0.25,0.6147959183673469,0.6147959183673469,0,Unsatisfied,Mid Loyalty
2687,40,Female,Socks,Clothing,72,Georgia,M,Black,Winter,3.8,No,2-Day Shipping,No,33,Cash,Fortnightly,4,0.65,0.6530612244897959,0.6515306122448979,Mid Value,0.75,0.7015306122448979,0.7015306122448979,0,Unsatisfied,High Loyalty
2688,61,Female,Dress,Clothing,75,Delaware,M,White,Fall,3.6,No,2-Day Shipping,No,12,Debit Card,Fortnightly,4,0.6875,0.22448979591836735,0.4559948979591837,Mid Value,0.75,0.4872448979591837,0.4872448979591837,0,Unsatisfied,Mid Loyalty
2689,53,Female,Handbag,Accessories,63,West Virginia,XL,Turquoise,Spring,2.9,No,2-Day Shipping,No,18,Credit Card,Quarterly,2,0.5375,0.3469387755102041,0.44221938775510206,Mid Value,0.25,0.298469387755102,0.298469387755102,0,Unsatisfied,Low Loyalty
2690,29,Female,Blouse,Clothing,35,Wyoming,M,Orange,Fall,3.9,No,Standard,No,47,PayPal,Quarterly,2,0.1875,0.9387755102040817,0.5631377551020409,Mid Value,0.25,0.5943877551020409,0.5943877551020409,0,Satisfied,Mid Loyalty
2691,44,Female,Belt,Accessories,32,New Mexico,L,Yellow,Summer,4.7,No,Free Shipping,No,18,Bank Transfer,Weekly,5,0.15,0.3469387755102041,0.24846938775510202,Low Value,1.0,0.673469387755102,0.673469387755102,0,Satisfied,High Loyalty
2692,43,Female,Pants,Clothing,25,Nebraska,L,Blue,Winter,3.3,No,2-Day Shipping,No,48,Cash,Monthly,3,0.0625,0.9591836734693877,0.5108418367346939,Mid Value,0.5,0.7295918367346939,0.7295918367346939,0,Unsatisfied,High Loyalty
2693,40,Female,Sneakers,Footwear,90,Washington,XL,Violet,Spring,4.2,No,Free Shipping,No,18,Debit Card,Quarterly,2,0.875,0.3469387755102041,0.610969387755102,Mid Value,0.25,0.298469387755102,0.298469387755102,0,Satisfied,Low Loyalty
2694,55,Female,Boots,Footwear,70,Hawaii,L,Lavender,Summer,2.6,No,Standard,No,46,Cash,Quarterly,2,0.625,0.9183673469387755,0.7716836734693877,High Value,0.25,0.5841836734693877,0.5841836734693877,0,Unsatisfied,Mid Loyalty
2695,66,Female,Sunglasses,Accessories,27,Louisiana,M,Olive,Spring,4.9,No,Express,No,34,Credit Card,Quarterly,2,0.0875,0.673469387755102,0.380484693877551,Mid Value,0.25,0.461734693877551,0.461734693877551,0,Satisfied,Mid Loyalty
2696,50,Female,Hat,Accessories,92,Tennessee,M,Orange,Fall,3.6,No,Standard,No,10,PayPal,Fortnightly,4,0.9,0.1836734693877551,0.5418367346938776,Mid Value,0.75,0.46683673469387754,0.46683673469387754,0,Unsatisfied,Mid Loyalty
2697,57,Female,Coat,Outerwear,20,South Dakota,M,White,Spring,4.7,No,Free Shipping,No,12,Debit Card,Monthly,3,0.0,0.22448979591836735,0.11224489795918367,Low Value,0.5,0.3622448979591837,0.3622448979591837,0,Satisfied,Mid Loyalty
2698,42,Female,Jacket,Outerwear,52,Delaware,L,Red,Winter,3.2,No,Standard,No,36,Bank Transfer,Quarterly,2,0.4,0.7142857142857143,0.5571428571428572,Mid Value,0.25,0.48214285714285715,0.48214285714285715,0,Unsatisfied,Mid Loyalty
2699,55,Female,Hoodie,Clothing,57,Virginia,M,Magenta,Summer,3.6,No,Store Pickup,No,34,Venmo,Quarterly,2,0.4625,0.673469387755102,0.567984693877551,Mid Value,0.25,0.461734693877551,0.461734693877551,0,Unsatisfied,Mid Loyalty
2700,25,Female,Boots,Footwear,96,Utah,M,Violet,Fall,3.6,No,2-Day Shipping,No,49,Debit Card,Annually,1,0.95,0.9795918367346939,0.9647959183673469,High Value,0.0,0.4897959183673469,0.4897959183673469,0,Unsatisfied,Mid Loyalty
2701,22,Female,T-shirt,Clothing,68,California,XL,Olive,Winter,3.2,No,Standard,No,36,Cash,Weekly,5,0.6,0.7142857142857143,0.6571428571428571,Mid Value,1.0,0.8571428571428572,0.8571428571428572,0,Unsatisfied,High Loyalty
2702,49,Female,Sweater,Clothing,30,Idaho,L,Silver,Summer,2.8,No,Store Pickup,No,18,Bank Transfer,Fortnightly,4,0.125,0.3469387755102041,0.23596938775510204,Low Value,0.75,0.548469387755102,0.548469387755102,0,Unsatisfied,Mid Loyalty
2703,70,Female,Shoes,Footwear,37,Texas,L,Gray,Fall,4.0,No,Next Day Air,No,39,Debit Card,Fortnightly,4,0.2125,0.7755102040816326,0.4940051020408163,Mid Value,0.75,0.7627551020408163,0.7627551020408163,0,Satisfied,High Loyalty
2704,56,Female,Scarf,Accessories,42,Tennessee,XL,Olive,Winter,4.4,No,Free Shipping,No,34,PayPal,Weekly,5,0.275,0.673469387755102,0.474234693877551,Mid Value,1.0,0.8367346938775511,0.8367346938775511,0,Satisfied,High Loyalty
2705,52,Female,Dress,Clothing,54,Tennessee,L,Beige,Spring,3.4,No,Next Day Air,No,35,Debit Card,Weekly,5,0.425,0.6938775510204082,0.559438775510204,Mid Value,1.0,0.846938775510204,0.846938775510204,0,Unsatisfied,High Loyalty
2706,65,Female,Jacket,Outerwear,81,Washington,S,Turquoise,Spring,5.0,No,Store Pickup,No,1,Credit Card,Fortnightly,4,0.7625,0.0,0.38125,Mid Value,0.75,0.375,0.375,0,Satisfied,Mid Loyalty
2707,24,Female,Shoes,Footwear,40,Alabama,S,Blue,Spring,3.1,No,Express,No,48,Debit Card,Quarterly,2,0.25,0.9591836734693877,0.6045918367346939,Mid Value,0.25,0.6045918367346939,0.6045918367346939,0,Unsatisfied,Mid Loyalty
2708,32,Female,Backpack,Accessories,88,Nebraska,M,Pink,Fall,4.2,No,Standard,No,19,Cash,Weekly,5,0.85,0.3673469387755102,0.6086734693877551,Mid Value,1.0,0.6836734693877551,0.6836734693877551,0,Satisfied,High Loyalty
2709,57,Female,Dress,Clothing,94,Alabama,M,Teal,Summer,3.3,No,Store Pickup,No,44,Debit Card,Weekly,5,0.925,0.8775510204081632,0.9012755102040817,High Value,1.0,0.9387755102040816,0.9387755102040816,0,Unsatisfied,High Loyalty
2710,35,Female,Shirt,Clothing,54,Illinois,S,Cyan,Winter,2.9,No,Standard,No,9,Credit Card,Fortnightly,4,0.425,0.16326530612244897,0.2941326530612245,Low Value,0.75,0.45663265306122447,0.45663265306122447,0,Unsatisfied,Mid Loyalty
2711,69,Female,Jacket,Outerwear,51,Wisconsin,L,Purple,Summer,4.7,No,Standard,No,3,Bank Transfer,Fortnightly,4,0.3875,0.04081632653061224,0.21415816326530612,Low Value,0.75,0.39540816326530615,0.39540816326530615,0,Satisfied,Mid Loyalty
2712,30,Female,Sunglasses,Accessories,22,Nebraska,L,Red,Spring,4.0,No,Standard,No,50,Venmo,Monthly,3,0.025,1.0,0.5125,Mid Value,0.5,0.75,0.75,0,Satisfied,High Loyalty
2713,37,Female,Jacket,Outerwear,95,North Dakota,L,Brown,Fall,4.6,No,Standard,No,7,Debit Card,Quarterly,2,0.9375,0.12244897959183673,0.5299744897959183,Mid Value,0.25,0.18622448979591838,0.18622448979591838,0,Satisfied,Low Loyalty
2714,19,Female,Coat,Outerwear,57,Mississippi,M,Magenta,Fall,3.8,No,2-Day Shipping,No,20,Debit Card,Annually,1,0.4625,0.3877551020408163,0.42512755102040817,Mid Value,0.0,0.19387755102040816,0.19387755102040816,0,Unsatisfied,Low Loyalty
2715,53,Female,Sweater,Clothing,45,Iowa,S,Olive,Winter,3.6,No,Store Pickup,No,16,Credit Card,Fortnightly,4,0.3125,0.30612244897959184,0.3093112244897959,Low Value,0.75,0.528061224489796,0.528061224489796,0,Unsatisfied,Mid Loyalty
2716,25,Female,Sneakers,Footwear,92,Mississippi,XL,Pink,Winter,4.1,No,Express,No,29,PayPal,Fortnightly,4,0.9,0.5714285714285714,0.7357142857142858,High Value,0.75,0.6607142857142857,0.6607142857142857,0,Satisfied,Mid Loyalty
2717,47,Female,Shoes,Footwear,40,Colorado,L,Black,Spring,2.7,No,Store Pickup,No,21,Debit Card,Weekly,5,0.25,0.40816326530612246,0.32908163265306123,Low Value,1.0,0.7040816326530612,0.7040816326530612,0,Unsatisfied,High Loyalty
2718,18,Female,Sunglasses,Accessories,62,Nebraska,XL,Beige,Winter,4.3,No,Free Shipping,No,19,Credit Card,Quarterly,2,0.525,0.3673469387755102,0.44617346938775515,Mid Value,0.25,0.3086734693877551,0.3086734693877551,0,Satisfied,Low Loyalty
2719,22,Female,Shorts,Clothing,90,Virginia,M,Peach,Winter,4.9,No,Next Day Air,No,10,Venmo,Fortnightly,4,0.875,0.1836734693877551,0.5293367346938775,Mid Value,0.75,0.46683673469387754,0.46683673469387754,0,Satisfied,Mid Loyalty
2720,69,Female,Hoodie,Clothing,82,Louisiana,S,Peach,Fall,4.2,No,Free Shipping,No,4,Bank Transfer,Monthly,3,0.775,0.061224489795918366,0.4181122448979592,Mid Value,0.5,0.28061224489795916,0.28061224489795916,0,Satisfied,Low Loyalty
2721,55,Female,Scarf,Accessories,52,Maryland,M,Peach,Spring,2.8,No,Store Pickup,No,45,Bank Transfer,Quarterly,2,0.4,0.8979591836734694,0.6489795918367347,Mid Value,0.25,0.5739795918367347,0.5739795918367347,0,Unsatisfied,Mid Loyalty
2722,19,Female,Sandals,Footwear,70,Minnesota,S,Teal,Spring,4.9,No,Free Shipping,No,17,PayPal,Fortnightly,4,0.625,0.32653061224489793,0.47576530612244894,Mid Value,0.75,0.5382653061224489,0.5382653061224489,0,Satisfied,Mid Loyalty
2723,23,Female,Hat,Accessories,83,Maine,M,Green,Spring,2.8,No,2-Day Shipping,No,22,PayPal,Fortnightly,4,0.7875,0.42857142857142855,0.6080357142857142,Mid Value,0.75,0.5892857142857143,0.5892857142857143,0,Unsatisfied,Mid Loyalty
2724,54,Female,Shoes,Footwear,49,Texas,XL,Brown,Summer,2.9,No,Store Pickup,No,3,PayPal,Quarterly,2,0.3625,0.04081632653061224,0.2016581632653061,Low Value,0.25,0.14540816326530612,0.14540816326530612,0,Unsatisfied,Low Loyalty
2725,52,Female,Sneakers,Footwear,91,Missouri,M,Brown,Spring,2.5,No,Next Day Air,No,11,Debit Card,Fortnightly,4,0.8875,0.20408163265306123,0.5457908163265306,Mid Value,0.75,0.4770408163265306,0.4770408163265306,0,Unsatisfied,Mid Loyalty
2726,64,Female,Backpack,Accessories,99,Mississippi,S,Violet,Summer,2.7,No,Free Shipping,No,4,Debit Card,Annually,1,0.9875,0.061224489795918366,0.5243622448979592,Mid Value,0.0,0.030612244897959183,0.030612244897959183,0,Unsatisfied,Low Loyalty
2727,33,Female,Belt,Accessories,92,Michigan,L,Blue,Winter,3.3,No,Free Shipping,No,11,PayPal,Fortnightly,4,0.9,0.20408163265306123,0.5520408163265307,Mid Value,0.75,0.4770408163265306,0.4770408163265306,0,Unsatisfied,Mid Loyalty
2728,40,Female,Shirt,Clothing,87,Colorado,L,Charcoal,Winter,3.7,No,2-Day Shipping,No,47,Credit Card,Fortnightly,4,0.8375,0.9387755102040817,0.8881377551020408,High Value,0.75,0.8443877551020409,0.8443877551020409,0,Unsatisfied,High Loyalty
2729,26,Female,Skirt,Clothing,28,Florida,M,Pink,Winter,4.0,No,Express,No,17,Debit Card,Weekly,5,0.1,0.32653061224489793,0.21326530612244898,Low Value,1.0,0.6632653061224489,0.6632653061224489,0,Satisfied,Mid Loyalty
2730,31,Female,Gloves,Accessories,71,Montana,S,Violet,Summer,4.1,No,Free Shipping,No,32,Credit Card,Monthly,3,0.6375,0.6326530612244898,0.6350765306122449,Mid Value,0.5,0.5663265306122449,0.5663265306122449,0,Satisfied,Mid Loyalty
2731,23,Female,Gloves,Accessories,32,Wisconsin,M,Teal,Winter,4.1,No,Store Pickup,No,37,Bank Transfer,Annually,1,0.15,0.7346938775510204,0.44234693877551023,Mid Value,0.0,0.3673469387755102,0.3673469387755102,0,Satisfied,Mid Loyalty
2732,52,Female,Handbag,Accessories,33,Wisconsin,M,Red,Summer,2.5,No,2-Day Shipping,No,44,Bank Transfer,Quarterly,2,0.1625,0.8775510204081632,0.5200255102040816,Mid Value,0.25,0.5637755102040816,0.5637755102040816,0,Unsatisfied,Mid Loyalty
2733,21,Female,Socks,Clothing,75,Delaware,L,Orange,Winter,4.2,No,Store Pickup,No,27,Debit Card,Quarterly,2,0.6875,0.5306122448979592,0.6090561224489797,Mid Value,0.25,0.3903061224489796,0.3903061224489796,0,Satisfied,Mid Loyalty
2734,31,Female,Backpack,Accessories,83,North Carolina,M,Magenta,Summer,4.7,No,Express,No,46,PayPal,Annually,1,0.7875,0.9183673469387755,0.8529336734693878,High Value,0.0,0.45918367346938777,0.45918367346938777,0,Satisfied,Mid Loyalty
2735,63,Female,Jeans,Clothing,93,New York,XL,Yellow,Summer,2.7,No,2-Day Shipping,No,13,Cash,Fortnightly,4,0.9125,0.24489795918367346,0.5786989795918367,Mid Value,0.75,0.49744897959183676,0.49744897959183676,0,Unsatisfied,Mid Loyalty
2736,46,Female,Skirt,Clothing,29,California,M,Yellow,Spring,3.0,No,Express,No,2,PayPal,Fortnightly,4,0.1125,0.02040816326530612,0.06645408163265307,Low Value,0.75,0.3852040816326531,0.3852040816326531,0,Unsatisfied,Mid Loyalty
2737,44,Female,Hoodie,Clothing,25,Montana,M,Pink,Spring,4.8,No,Store Pickup,No,45,Credit Card,Annually,1,0.0625,0.8979591836734694,0.4802295918367347,Mid Value,0.0,0.4489795918367347,0.4489795918367347,0,Satisfied,Mid Loyalty
2738,57,Female,Jewelry,Accessories,76,North Carolina,S,Indigo,Spring,4.4,No,Free Shipping,No,35,Cash,Quarterly,2,0.7,0.6938775510204082,0.6969387755102041,High Value,0.25,0.4719387755102041,0.4719387755102041,0,Satisfied,Mid Loyalty
2739,50,Female,Sneakers,Footwear,81,Ohio,M,Charcoal,Summer,4.3,No,2-Day Shipping,No,39,Venmo,Quarterly,2,0.7625,0.7755102040816326,0.7690051020408163,High Value,0.25,0.5127551020408163,0.5127551020408163,0,Satisfied,Mid Loyalty
2740,33,Female,Shirt,Clothing,80,Alaska,XL,Blue,Winter,2.5,No,Store Pickup,No,39,Credit Card,Quarterly,2,0.75,0.7755102040816326,0.7627551020408163,High Value,0.25,0.5127551020408163,0.5127551020408163,0,Unsatisfied,Mid Loyalty
2741,19,Female,Sunglasses,Accessories,70,Pennsylvania,M,Lavender,Summer,4.9,No,Free Shipping,No,34,Bank Transfer,Fortnightly,4,0.625,0.673469387755102,0.6492346938775511,Mid Value,0.75,0.7117346938775511,0.7117346938775511,0,Satisfied,High Loyalty
2742,68,Female,Dress,Clothing,81,Maine,L,Yellow,Fall,4.9,No,2-Day Shipping,No,41,Venmo,Monthly,3,0.7625,0.8163265306122449,0.7894132653061224,High Value,0.5,0.6581632653061225,0.6581632653061225,0,Satisfied,Mid Loyalty
2743,27,Female,Shoes,Footwear,86,Texas,M,Black,Spring,3.9,No,Free Shipping,No,47,Debit Card,Annually,1,0.825,0.9387755102040817,0.8818877551020408,High Value,0.0,0.46938775510204084,0.46938775510204084,0,Satisfied,Mid Loyalty
2744,61,Female,Belt,Accessories,94,New Jersey,S,Beige,Fall,4.1,No,2-Day Shipping,No,17,Venmo,Quarterly,2,0.925,0.32653061224489793,0.625765306122449,Mid Value,0.25,0.28826530612244894,0.28826530612244894,0,Satisfied,Low Loyalty
2745,38,Female,Shirt,Clothing,66,Wyoming,M,Silver,Winter,3.3,No,Store Pickup,No,40,Credit Card,Monthly,3,0.575,0.7959183673469388,0.6854591836734694,High Value,0.5,0.6479591836734694,0.6479591836734694,0,Unsatisfied,Mid Loyalty
2746,28,Female,Boots,Footwear,98,Michigan,M,Magenta,Summer,4.1,No,Standard,No,44,PayPal,Fortnightly,4,0.975,0.8775510204081632,0.9262755102040816,High Value,0.75,0.8137755102040816,0.8137755102040816,0,Satisfied,High Loyalty
2747,39,Female,Hoodie,Clothing,25,Ohio,M,Orange,Fall,3.7,No,Standard,No,21,PayPal,Quarterly,2,0.0625,0.40816326530612246,0.23533163265306123,Low Value,0.25,0.32908163265306123,0.32908163265306123,0,Unsatisfied,Low Loyalty
2748,18,Female,Jeans,Clothing,62,West Virginia,M,Teal,Winter,3.1,No,Free Shipping,No,21,Credit Card,Quarterly,2,0.525,0.40816326530612246,0.46658163265306124,Mid Value,0.25,0.32908163265306123,0.32908163265306123,0,Unsatisfied,Low Loyalty
2749,24,Female,Jacket,Outerwear,98,Virginia,L,Turquoise,Spring,3.0,No,Free Shipping,No,16,Venmo,Annually,1,0.975,0.30612244897959184,0.6405612244897959,Mid Value,0.0,0.15306122448979592,0.15306122448979592,0,Unsatisfied,Low Loyalty
2750,64,Female,Jacket,Outerwear,53,Vermont,M,Cyan,Spring,3.4,No,Standard,No,15,Bank Transfer,Annually,1,0.4125,0.2857142857142857,0.34910714285714284,Mid Value,0.0,0.14285714285714285,0.14285714285714285,0,Unsatisfied,Low Loyalty
2751,51,Female,Sandals,Footwear,66,Alaska,L,Pink,Spring,2.7,No,2-Day Shipping,No,26,PayPal,Quarterly,2,0.575,0.5102040816326531,0.5426020408163266,Mid Value,0.25,0.38010204081632654,0.38010204081632654,0,Unsatisfied,Mid Loyalty
2752,27,Female,Dress,Clothing,52,Minnesota,S,Indigo,Fall,3.1,No,Free Shipping,No,50,Venmo,Monthly,3,0.4,1.0,0.7,High Value,0.5,0.75,0.75,0,Unsatisfied,High Loyalty
2753,48,Female,Sweater,Clothing,64,Colorado,S,Peach,Winter,4.0,No,Free Shipping,No,30,Venmo,Fortnightly,4,0.55,0.5918367346938775,0.5709183673469388,Mid Value,0.75,0.6709183673469388,0.6709183673469388,0,Satisfied,High Loyalty
2754,69,Female,Gloves,Accessories,59,Rhode Island,M,Beige,Spring,3.6,No,Next Day Air,No,48,PayPal,Quarterly,2,0.4875,0.9591836734693877,0.7233418367346939,High Value,0.25,0.6045918367346939,0.6045918367346939,0,Unsatisfied,Mid Loyalty
2755,59,Female,Sunglasses,Accessories,61,New Jersey,L,Gold,Summer,3.6,No,Free Shipping,No,21,Venmo,Fortnightly,4,0.5125,0.40816326530612246,0.4603316326530612,Mid Value,0.75,0.5790816326530612,0.5790816326530612,0,Unsatisfied,Mid Loyalty
2756,59,Female,Belt,Accessories,97,Nevada,M,Indigo,Winter,3.3,No,Store Pickup,No,18,Credit Card,Annually,1,0.9625,0.3469387755102041,0.6547193877551021,Mid Value,0.0,0.17346938775510204,0.17346938775510204,0,Unsatisfied,Low Loyalty
2757,42,Female,Hat,Accessories,23,Minnesota,L,Violet,Winter,4.1,No,Free Shipping,No,41,PayPal,Monthly,3,0.0375,0.8163265306122449,0.42691326530612245,Mid Value,0.5,0.6581632653061225,0.6581632653061225,0,Satisfied,Mid Loyalty
2758,39,Female,Hat,Accessories,98,Delaware,XL,Brown,Fall,4.3,No,Next Day Air,No,11,Venmo,Monthly,3,0.975,0.20408163265306123,0.5895408163265305,Mid Value,0.5,0.3520408163265306,0.3520408163265306,0,Satisfied,Mid Loyalty
2759,32,Female,Blouse,Clothing,98,Illinois,M,Purple,Summer,3.2,No,Standard,No,8,Bank Transfer,Fortnightly,4,0.975,0.14285714285714285,0.5589285714285714,Mid Value,0.75,0.4464285714285714,0.4464285714285714,0,Unsatisfied,Mid Loyalty
2760,68,Female,Shoes,Footwear,59,Washington,M,Turquoise,Summer,3.9,No,Free Shipping,No,42,Cash,Quarterly,2,0.4875,0.8367346938775511,0.6621173469387756,Mid Value,0.25,0.5433673469387755,0.5433673469387755,0,Satisfied,Mid Loyalty
2761,41,Female,Skirt,Clothing,82,Alaska,S,Violet,Fall,5.0,No,Next Day Air,No,41,Credit Card,Fortnightly,4,0.775,0.8163265306122449,0.7956632653061224,High Value,0.75,0.7831632653061225,0.7831632653061225,0,Satisfied,High Loyalty
2762,31,Female,Sneakers,Footwear,82,Michigan,M,Purple,Fall,3.4,No,Next Day Air,No,3,Credit Card,Quarterly,2,0.775,0.04081632653061224,0.40790816326530616,Mid Value,0.25,0.14540816326530612,0.14540816326530612,0,Unsatisfied,Low Loyalty
2763,58,Female,T-shirt,Clothing,41,Georgia,M,Charcoal,Fall,3.8,No,Store Pickup,No,10,Debit Card,Quarterly,2,0.2625,0.1836734693877551,0.22308673469387758,Low Value,0.25,0.21683673469387754,0.21683673469387754,0,Unsatisfied,Low Loyalty
2764,28,Female,Handbag,Accessories,52,West Virginia,M,Green,Fall,2.9,No,2-Day Shipping,No,35,Venmo,Quarterly,2,0.4,0.6938775510204082,0.5469387755102041,Mid Value,0.25,0.4719387755102041,0.4719387755102041,0,Unsatisfied,Mid Loyalty
2765,63,Female,Sweater,Clothing,41,Arizona,XL,White,Spring,2.6,No,Next Day Air,No,2,Debit Card,Weekly,5,0.2625,0.02040816326530612,0.14145408163265308,Low Value,1.0,0.5102040816326531,0.5102040816326531,0,Unsatisfied,Mid Loyalty
2766,64,Female,Gloves,Accessories,70,Colorado,M,Purple,Summer,4.3,No,2-Day Shipping,No,24,Credit Card,Quarterly,2,0.625,0.46938775510204084,0.5471938775510204,Mid Value,0.25,0.35969387755102045,0.35969387755102045,0,Satisfied,Mid Loyalty
2767,66,Female,Dress,Clothing,91,Tennessee,M,Cyan,Winter,2.8,No,Standard,No,47,Credit Card,Monthly,3,0.8875,0.9387755102040817,0.9131377551020408,High Value,0.5,0.7193877551020409,0.7193877551020409,0,Unsatisfied,High Loyalty
2768,31,Female,Dress,Clothing,95,Iowa,M,Green,Spring,4.5,No,Free Shipping,No,31,Cash,Monthly,3,0.9375,0.6122448979591837,0.7748724489795918,High Value,0.5,0.5561224489795918,0.5561224489795918,0,Satisfied,Mid Loyalty
2769,55,Female,Blouse,Clothing,25,Kansas,M,Beige,Spring,3.8,No,2-Day Shipping,No,28,PayPal,Fortnightly,4,0.0625,0.5510204081632653,0.3067602040816326,Low Value,0.75,0.6505102040816326,0.6505102040816326,0,Unsatisfied,Mid Loyalty
2770,32,Female,Shirt,Clothing,89,Oklahoma,L,Lavender,Fall,3.0,No,Standard,No,13,Cash,Weekly,5,0.8625,0.24489795918367346,0.5536989795918368,Mid Value,1.0,0.6224489795918368,0.6224489795918368,0,Unsatisfied,Mid Loyalty
2771,50,Female,Boots,Footwear,44,Nebraska,S,Blue,Fall,3.3,No,Express,No,22,Bank Transfer,Quarterly,2,0.3,0.42857142857142855,0.36428571428571427,Mid Value,0.25,0.3392857142857143,0.3392857142857143,0,Unsatisfied,Mid Loyalty
2772,58,Female,Jacket,Outerwear,52,Maryland,S,Beige,Summer,3.1,No,2-Day Shipping,No,12,Bank Transfer,Fortnightly,4,0.4,0.22448979591836735,0.3122448979591837,Low Value,0.75,0.4872448979591837,0.4872448979591837,0,Unsatisfied,Mid Loyalty
2773,18,Female,Backpack,Accessories,94,Pennsylvania,L,Blue,Spring,3.5,No,Store Pickup,No,10,Bank Transfer,Quarterly,2,0.925,0.1836734693877551,0.5543367346938776,Mid Value,0.25,0.21683673469387754,0.21683673469387754,0,Unsatisfied,Low Loyalty
2774,39,Female,Pants,Clothing,98,Arizona,S,Maroon,Spring,4.6,No,Express,No,45,Bank Transfer,Quarterly,2,0.975,0.8979591836734694,0.9364795918367347,High Value,0.25,0.5739795918367347,0.5739795918367347,0,Satisfied,Mid Loyalty
2775,56,Female,Boots,Footwear,40,Oklahoma,L,Yellow,Fall,4.1,No,Standard,No,42,Credit Card,Quarterly,2,0.25,0.8367346938775511,0.5433673469387755,Mid Value,0.25,0.5433673469387755,0.5433673469387755,0,Satisfied,Mid Loyalty
2776,37,Female,Socks,Clothing,25,Montana,L,Red,Fall,3.6,No,Free Shipping,No,16,Debit Card,Weekly,5,0.0625,0.30612244897959184,0.18431122448979592,Low Value,1.0,0.653061224489796,0.653061224489796,0,Unsatisfied,Mid Loyalty
2777,46,Female,Scarf,Accessories,62,Wyoming,L,Green,Fall,2.9,No,Free Shipping,No,6,Bank Transfer,Annually,1,0.525,0.10204081632653061,0.3135204081632653,Low Value,0.0,0.05102040816326531,0.05102040816326531,0,Unsatisfied,Low Loyalty
2778,52,Female,Blouse,Clothing,24,Idaho,M,Magenta,Fall,4.8,No,Standard,No,28,Credit Card,Quarterly,2,0.05,0.5510204081632653,0.30051020408163265,Low Value,0.25,0.4005102040816326,0.4005102040816326,0,Satisfied,Mid Loyalty
2779,70,Female,Belt,Accessories,57,Pennsylvania,L,Yellow,Spring,3.2,No,Standard,No,24,Credit Card,Fortnightly,4,0.4625,0.46938775510204084,0.4659438775510204,Mid Value,0.75,0.6096938775510204,0.6096938775510204,0,Unsatisfied,Mid Loyalty
2780,61,Female,Sunglasses,Accessories,66,Montana,L,Blue,Winter,4.3,No,Express,No,14,Credit Card,Fortnightly,4,0.575,0.2653061224489796,0.4201530612244898,Mid Value,0.75,0.5076530612244898,0.5076530612244898,0,Satisfied,Mid Loyalty
2781,33,Female,Boots,Footwear,70,Ohio,M,Charcoal,Winter,4.1,No,Next Day Air,No,29,PayPal,Fortnightly,4,0.625,0.5714285714285714,0.5982142857142857,Mid Value,0.75,0.6607142857142857,0.6607142857142857,0,Satisfied,Mid Loyalty
2782,65,Female,Sandals,Footwear,39,Mississippi,M,Blue,Spring,4.6,No,Standard,No,33,PayPal,Weekly,5,0.2375,0.6530612244897959,0.4452806122448979,Mid Value,1.0,0.8265306122448979,0.8265306122448979,0,Satisfied,High Loyalty
2783,41,Female,Gloves,Accessories,34,Idaho,S,Cyan,Spring,3.8,No,Free Shipping,No,30,PayPal,Annually,1,0.175,0.5918367346938775,0.3834183673469388,Mid Value,0.0,0.29591836734693877,0.29591836734693877,0,Unsatisfied,Low Loyalty
2784,19,Female,Skirt,Clothing,38,Virginia,M,Silver,Spring,4.5,No,Next Day Air,No,26,Credit Card,Quarterly,2,0.225,0.5102040816326531,0.3676020408163265,Mid Value,0.25,0.38010204081632654,0.38010204081632654,0,Satisfied,Mid Loyalty
2785,33,Female,Skirt,Clothing,70,Idaho,M,Black,Winter,3.1,No,Express,No,12,PayPal,Quarterly,2,0.625,0.22448979591836735,0.4247448979591837,Mid Value,0.25,0.2372448979591837,0.2372448979591837,0,Unsatisfied,Low Loyalty
2786,53,Female,Blouse,Clothing,80,Louisiana,S,Green,Summer,2.9,No,Next Day Air,No,13,Bank Transfer,Monthly,3,0.75,0.24489795918367346,0.49744897959183676,Mid Value,0.5,0.37244897959183676,0.37244897959183676,0,Unsatisfied,Mid Loyalty
2787,54,Female,Handbag,Accessories,51,Colorado,M,Violet,Spring,3.8,No,Next Day Air,No,41,Debit Card,Quarterly,2,0.3875,0.8163265306122449,0.6019132653061224,Mid Value,0.25,0.5331632653061225,0.5331632653061225,0,Unsatisfied,Mid Loyalty
2788,36,Female,Boots,Footwear,79,West Virginia,XL,Pink,Spring,4.1,No,Next Day Air,No,4,Venmo,Fortnightly,4,0.7375,0.061224489795918366,0.3993622448979592,Mid Value,0.75,0.40561224489795916,0.40561224489795916,0,Satisfied,Mid Loyalty
2789,56,Female,Boots,Footwear,92,Rhode Island,M,Olive,Summer,3.1,No,Free Shipping,No,2,Credit Card,Annually,1,0.9,0.02040816326530612,0.4602040816326531,Mid Value,0.0,0.01020408163265306,0.01020408163265306,0,Unsatisfied,Low Loyalty
2790,28,Female,Sweater,Clothing,85,North Carolina,L,Orange,Fall,5.0,No,Express,No,28,Credit Card,Fortnightly,4,0.8125,0.5510204081632653,0.6817602040816326,High Value,0.75,0.6505102040816326,0.6505102040816326,0,Satisfied,Mid Loyalty
2791,34,Female,Socks,Clothing,63,Maine,M,Black,Spring,4.5,No,Free Shipping,No,24,Debit Card,Annually,1,0.5375,0.46938775510204084,0.5034438775510204,Mid Value,0.0,0.23469387755102042,0.23469387755102042,0,Satisfied,Low Loyalty
2792,43,Female,Gloves,Accessories,60,Iowa,M,Yellow,Fall,2.8,No,Express,No,14,Venmo,Fortnightly,4,0.5,0.2653061224489796,0.38265306122448983,Mid Value,0.75,0.5076530612244898,0.5076530612244898,0,Unsatisfied,Mid Loyalty
2793,54,Female,Shorts,Clothing,44,Kentucky,L,Violet,Winter,3.2,No,Express,No,11,Credit Card,Weekly,5,0.3,0.20408163265306123,0.25204081632653064,Low Value,1.0,0.6020408163265306,0.6020408163265306,0,Unsatisfied,Mid Loyalty
2794,37,Female,Boots,Footwear,57,Massachusetts,M,Silver,Spring,3.1,No,Standard,No,27,Debit Card,Fortnightly,4,0.4625,0.5306122448979592,0.4965561224489796,Mid Value,0.75,0.6403061224489797,0.6403061224489797,0,Unsatisfied,Mid Loyalty
2795,33,Female,Jacket,Outerwear,24,New York,M,Gold,Fall,3.3,No,Standard,No,7,Cash,Fortnightly,4,0.05,0.12244897959183673,0.08622448979591837,Low Value,0.75,0.4362244897959184,0.4362244897959184,0,Unsatisfied,Mid Loyalty
2796,33,Female,Scarf,Accessories,35,Nebraska,M,Magenta,Winter,3.4,No,Store Pickup,No,49,PayPal,Annually,1,0.1875,0.9795918367346939,0.5835459183673469,Mid Value,0.0,0.4897959183673469,0.4897959183673469,0,Unsatisfied,Mid Loyalty
2797,55,Female,Jacket,Outerwear,73,Oklahoma,M,Red,Winter,3.8,No,Store Pickup,No,21,Cash,Annually,1,0.6625,0.40816326530612246,0.5353316326530613,Mid Value,0.0,0.20408163265306123,0.20408163265306123,0,Unsatisfied,Low Loyalty
2798,63,Female,Jewelry,Accessories,42,Oklahoma,M,Green,Winter,3.5,No,Express,No,10,Venmo,Quarterly,2,0.275,0.1836734693877551,0.22933673469387755,Low Value,0.25,0.21683673469387754,0.21683673469387754,0,Unsatisfied,Low Loyalty
2799,52,Female,Hoodie,Clothing,20,Rhode Island,XL,Red,Winter,4.8,No,Store Pickup,No,37,PayPal,Weekly,5,0.0,0.7346938775510204,0.3673469387755102,Mid Value,1.0,0.8673469387755102,0.8673469387755102,0,Satisfied,High Loyalty
2800,23,Female,T-shirt,Clothing,89,Maine,L,Pink,Spring,3.9,No,Free Shipping,No,9,Bank Transfer,Quarterly,2,0.8625,0.16326530612244897,0.5128826530612245,Mid Value,0.25,0.20663265306122447,0.20663265306122447,0,Satisfied,Low Loyalty
2801,70,Female,Shirt,Clothing,76,Arkansas,L,Violet,Fall,3.4,No,Free Shipping,No,14,Cash,Fortnightly,4,0.7,0.2653061224489796,0.4826530612244898,Mid Value,0.75,0.5076530612244898,0.5076530612244898,0,Unsatisfied,Mid Loyalty
2802,64,Female,Shirt,Clothing,56,New Mexico,M,Indigo,Winter,2.6,No,Express,No,30,PayPal,Annually,1,0.45,0.5918367346938775,0.5209183673469387,Mid Value,0.0,0.29591836734693877,0.29591836734693877,0,Unsatisfied,Low Loyalty
2803,22,Female,Coat,Outerwear,100,Hawaii,L,Red,Fall,3.1,No,Store Pickup,No,42,Credit Card,Fortnightly,4,1.0,0.8367346938775511,0.9183673469387755,High Value,0.75,0.7933673469387755,0.7933673469387755,0,Unsatisfied,High Loyalty
2804,46,Female,T-shirt,Clothing,44,Idaho,M,Violet,Winter,3.3,No,Free Shipping,No,31,Bank Transfer,Monthly,3,0.3,0.6122448979591837,0.45612244897959187,Mid Value,0.5,0.5561224489795918,0.5561224489795918,0,Unsatisfied,Mid Loyalty
2805,65,Female,Hoodie,Clothing,76,South Carolina,M,Cyan,Spring,2.8,No,Standard,No,48,Bank Transfer,Quarterly,2,0.7,0.9591836734693877,0.8295918367346938,High Value,0.25,0.6045918367346939,0.6045918367346939,0,Unsatisfied,Mid Loyalty
2806,18,Female,Sunglasses,Accessories,97,Nevada,S,Black,Fall,4.3,No,Standard,No,48,Cash,Quarterly,2,0.9625,0.9591836734693877,0.9608418367346938,High Value,0.25,0.6045918367346939,0.6045918367346939,0,Satisfied,Mid Loyalty
2807,45,Female,Blouse,Clothing,39,South Carolina,L,Purple,Spring,2.7,No,Standard,No,50,Credit Card,Annually,1,0.2375,1.0,0.61875,Mid Value,0.0,0.5,0.5,0,Unsatisfied,Mid Loyalty
2808,56,Female,Hoodie,Clothing,100,Maryland,M,Charcoal,Spring,4.4,No,2-Day Shipping,No,10,Debit Card,Fortnightly,4,1.0,0.1836734693877551,0.5918367346938775,Mid Value,0.75,0.46683673469387754,0.46683673469387754,0,Satisfied,Mid Loyalty
2809,49,Female,Skirt,Clothing,62,Tennessee,M,Beige,Spring,3.9,No,Free Shipping,No,45,PayPal,Quarterly,2,0.525,0.8979591836734694,0.7114795918367347,High Value,0.25,0.5739795918367347,0.5739795918367347,0,Satisfied,Mid Loyalty
2810,66,Female,Shorts,Clothing,98,Arkansas,XL,Teal,Summer,3.0,No,Standard,No,27,Debit Card,Quarterly,2,0.975,0.5306122448979592,0.7528061224489796,High Value,0.25,0.3903061224489796,0.3903061224489796,0,Unsatisfied,Mid Loyalty
2811,27,Female,Jeans,Clothing,31,Arizona,M,Purple,Summer,4.0,No,Standard,No,10,Debit Card,Fortnightly,4,0.1375,0.1836734693877551,0.16058673469387758,Low Value,0.75,0.46683673469387754,0.46683673469387754,0,Satisfied,Mid Loyalty
2812,69,Female,Jacket,Outerwear,89,Ohio,M,Blue,Fall,3.7,No,Store Pickup,No,19,Credit Card,Quarterly,2,0.8625,0.3673469387755102,0.6149234693877551,Mid Value,0.25,0.3086734693877551,0.3086734693877551,0,Unsatisfied,Low Loyalty
2813,66,Female,Hoodie,Clothing,91,North Dakota,XL,Magenta,Fall,3.8,No,Store Pickup,No,1,Credit Card,Quarterly,2,0.8875,0.0,0.44375,Mid Value,0.25,0.125,0.125,0,Unsatisfied,Low Loyalty
2814,45,Female,Shirt,Clothing,50,Vermont,S,Maroon,Summer,3.3,No,2-Day Shipping,No,39,Debit Card,Quarterly,2,0.375,0.7755102040816326,0.5752551020408163,Mid Value,0.25,0.5127551020408163,0.5127551020408163,0,Unsatisfied,Mid Loyalty
2815,31,Female,T-shirt,Clothing,32,Minnesota,L,Gold,Winter,3.6,No,Standard,No,14,Bank Transfer,Monthly,3,0.15,0.2653061224489796,0.2076530612244898,Low Value,0.5,0.38265306122448983,0.38265306122448983,0,Unsatisfied,Mid Loyalty
2816,33,Female,Blouse,Clothing,67,Idaho,L,Black,Fall,3.9,No,Free Shipping,No,40,Venmo,Quarterly,2,0.5875,0.7959183673469388,0.6917091836734695,High Value,0.25,0.5229591836734694,0.5229591836734694,0,Satisfied,Mid Loyalty
2817,43,Female,Skirt,Clothing,28,Maryland,M,Black,Spring,3.5,No,Free Shipping,No,45,Venmo,Weekly,5,0.1,0.8979591836734694,0.4989795918367347,Mid Value,1.0,0.9489795918367347,0.9489795918367347,0,Unsatisfied,High Loyalty
2818,25,Female,Backpack,Accessories,65,South Carolina,XL,Yellow,Winter,3.4,No,Standard,No,6,Venmo,Weekly,5,0.5625,0.10204081632653061,0.3322704081632653,Low Value,1.0,0.5510204081632653,0.5510204081632653,0,Unsatisfied,Mid Loyalty
2819,46,Female,Shorts,Clothing,73,California,M,Turquoise,Fall,4.7,No,Next Day Air,No,12,Debit Card,Annually,1,0.6625,0.22448979591836735,0.4434948979591837,Mid Value,0.0,0.11224489795918367,0.11224489795918367,0,Satisfied,Low Loyalty
2820,67,Female,Shirt,Clothing,27,Georgia,L,Lavender,Spring,3.0,No,Free Shipping,No,19,Cash,Monthly,3,0.0875,0.3673469387755102,0.2274234693877551,Low Value,0.5,0.4336734693877551,0.4336734693877551,0,Unsatisfied,Mid Loyalty
2821,26,Female,Backpack,Accessories,89,Vermont,L,Yellow,Summer,3.9,No,Free Shipping,No,5,Cash,Fortnightly,4,0.8625,0.08163265306122448,0.47206632653061226,Mid Value,0.75,0.41581632653061223,0.41581632653061223,0,Satisfied,Mid Loyalty
2822,35,Female,Shoes,Footwear,72,Georgia,L,Olive,Summer,4.5,No,Standard,No,37,Venmo,Monthly,3,0.65,0.7346938775510204,0.6923469387755102,High Value,0.5,0.6173469387755102,0.6173469387755102,0,Satisfied,Mid Loyalty
2823,61,Female,Skirt,Clothing,37,New Jersey,S,Brown,Fall,4.1,No,Standard,No,33,PayPal,Quarterly,2,0.2125,0.6530612244897959,0.43278061224489794,Mid Value,0.25,0.45153061224489793,0.45153061224489793,0,Satisfied,Mid Loyalty
2824,26,Female,Dress,Clothing,63,Utah,M,Olive,Summer,4.5,No,Standard,No,47,Debit Card,Fortnightly,4,0.5375,0.9387755102040817,0.7381377551020408,High Value,0.75,0.8443877551020409,0.8443877551020409,0,Satisfied,High Loyalty
2825,39,Female,Hat,Accessories,90,Utah,M,Purple,Fall,4.0,No,Free Shipping,No,49,Debit Card,Quarterly,2,0.875,0.9795918367346939,0.9272959183673469,High Value,0.25,0.6147959183673469,0.6147959183673469,0,Satisfied,Mid Loyalty
2826,69,Female,Handbag,Accessories,62,North Carolina,M,Yellow,Winter,4.3,No,2-Day Shipping,No,28,Bank Transfer,Annually,1,0.525,0.5510204081632653,0.5380102040816326,Mid Value,0.0,0.2755102040816326,0.2755102040816326,0,Satisfied,Low Loyalty
2827,32,Female,Handbag,Accessories,43,Florida,L,Brown,Fall,3.6,No,Express,No,23,Venmo,Annually,1,0.2875,0.4489795918367347,0.3682397959183673,Mid Value,0.0,0.22448979591836735,0.22448979591836735,0,Unsatisfied,Low Loyalty
2828,20,Female,Blouse,Clothing,96,Wisconsin,M,Magenta,Fall,3.1,No,Next Day Air,No,11,Bank Transfer,Fortnightly,4,0.95,0.20408163265306123,0.5770408163265306,Mid Value,0.75,0.4770408163265306,0.4770408163265306,0,Unsatisfied,Mid Loyalty
2829,25,Female,Scarf,Accessories,83,Tennessee,L,Lavender,Fall,2.6,No,Standard,No,33,PayPal,Quarterly,2,0.7875,0.6530612244897959,0.7202806122448979,High Value,0.25,0.45153061224489793,0.45153061224489793,0,Unsatisfied,Mid Loyalty
2830,56,Female,Jewelry,Accessories,67,Arizona,XL,Teal,Fall,3.4,No,Next Day Air,No,47,Cash,Weekly,5,0.5875,0.9387755102040817,0.7631377551020408,High Value,1.0,0.9693877551020409,0.9693877551020409,0,Unsatisfied,High Loyalty
2831,63,Female,Skirt,Clothing,90,Oregon,L,Cyan,Spring,2.9,No,Store Pickup,No,13,Venmo,Quarterly,2,0.875,0.24489795918367346,0.5599489795918368,Mid Value,0.25,0.24744897959183673,0.24744897959183673,0,Unsatisfied,Low Loyalty
2832,34,Female,Hoodie,Clothing,53,Virginia,L,Pink,Winter,5.0,No,Express,No,4,Credit Card,Weekly,5,0.4125,0.061224489795918366,0.23686224489795918,Low Value,1.0,0.5306122448979592,0.5306122448979592,0,Satisfied,Mid Loyalty
2833,29,Female,Scarf,Accessories,37,Maryland,M,Magenta,Summer,4.6,No,Standard,No,40,PayPal,Quarterly,2,0.2125,0.7959183673469388,0.5042091836734693,Mid Value,0.25,0.5229591836734694,0.5229591836734694,0,Satisfied,Mid Loyalty
2834,43,Female,Jeans,Clothing,56,Arkansas,M,Teal,Fall,3.3,No,Free Shipping,No,19,Cash,Monthly,3,0.45,0.3673469387755102,0.4086734693877551,Mid Value,0.5,0.4336734693877551,0.4336734693877551,0,Unsatisfied,Mid Loyalty
2835,39,Female,Jacket,Outerwear,43,Texas,M,Indigo,Fall,2.9,No,2-Day Shipping,No,17,Credit Card,Weekly,5,0.2875,0.32653061224489793,0.307015306122449,Low Value,1.0,0.6632653061224489,0.6632653061224489,0,Unsatisfied,Mid Loyalty
2836,33,Female,T-shirt,Clothing,84,Vermont,S,Pink,Winter,4.9,No,Free Shipping,No,7,Venmo,Annually,1,0.8,0.12244897959183673,0.4612244897959184,Mid Value,0.0,0.061224489795918366,0.061224489795918366,0,Satisfied,Low Loyalty
2837,51,Female,Pants,Clothing,50,Wyoming,M,Charcoal,Winter,5.0,No,2-Day Shipping,No,21,Cash,Fortnightly,4,0.375,0.40816326530612246,0.39158163265306123,Mid Value,0.75,0.5790816326530612,0.5790816326530612,0,Satisfied,Mid Loyalty
2838,65,Female,Shoes,Footwear,88,Alabama,M,Brown,Summer,4.5,No,Express,No,44,PayPal,Weekly,5,0.85,0.8775510204081632,0.8637755102040816,High Value,1.0,0.9387755102040816,0.9387755102040816,0,Satisfied,High Loyalty
2839,51,Female,Jacket,Outerwear,50,Maine,M,Blue,Fall,3.7,No,Free Shipping,No,2,Bank Transfer,Weekly,5,0.375,0.02040816326530612,0.19770408163265307,Low Value,1.0,0.5102040816326531,0.5102040816326531,0,Unsatisfied,Mid Loyalty
2840,70,Female,Scarf,Accessories,80,South Dakota,L,Teal,Summer,2.8,No,Store Pickup,No,30,Bank Transfer,Monthly,3,0.75,0.5918367346938775,0.6709183673469388,High Value,0.5,0.5459183673469388,0.5459183673469388,0,Unsatisfied,Mid Loyalty
2841,40,Female,T-shirt,Clothing,47,West Virginia,L,Pink,Spring,3.5,No,Store Pickup,No,41,Cash,Annually,1,0.3375,0.8163265306122449,0.5769132653061224,Mid Value,0.0,0.40816326530612246,0.40816326530612246,0,Unsatisfied,Mid Loyalty
2842,19,Female,Dress,Clothing,33,Ohio,XL,Magenta,Winter,3.0,No,2-Day Shipping,No,31,Cash,Weekly,5,0.1625,0.6122448979591837,0.38737244897959183,Mid Value,1.0,0.8061224489795918,0.8061224489795918,0,Unsatisfied,High Loyalty
2843,28,Female,Coat,Outerwear,100,Arizona,L,Green,Fall,4.3,No,Standard,No,48,Debit Card,Quarterly,2,1.0,0.9591836734693877,0.9795918367346939,High Value,0.25,0.6045918367346939,0.6045918367346939,0,Satisfied,Mid Loyalty
2844,51,Female,Sweater,Clothing,26,Ohio,M,White,Summer,3.6,No,Store Pickup,No,41,Venmo,Weekly,5,0.075,0.8163265306122449,0.44566326530612244,Mid Value,1.0,0.9081632653061225,0.9081632653061225,0,Unsatisfied,High Loyalty
2845,32,Female,Hat,Accessories,79,New Mexico,M,Indigo,Summer,4.4,No,Standard,No,42,Venmo,Annually,1,0.7375,0.8367346938775511,0.7871173469387756,High Value,0.0,0.41836734693877553,0.41836734693877553,0,Satisfied,Mid Loyalty
2846,26,Female,Backpack,Accessories,77,South Dakota,L,Lavender,Summer,4.1,No,Express,No,39,Debit Card,Quarterly,2,0.7125,0.7755102040816326,0.7440051020408163,High Value,0.25,0.5127551020408163,0.5127551020408163,0,Satisfied,Mid Loyalty
2847,50,Female,Socks,Clothing,36,Oklahoma,XL,Black,Fall,2.8,No,Next Day Air,No,15,PayPal,Fortnightly,4,0.2,0.2857142857142857,0.24285714285714285,Low Value,0.75,0.5178571428571428,0.5178571428571428,0,Unsatisfied,Mid Loyalty
2848,68,Female,Jewelry,Accessories,21,Connecticut,L,Charcoal,Winter,2.8,No,Free Shipping,No,3,PayPal,Quarterly,2,0.0125,0.04081632653061224,0.026658163265306123,Low Value,0.25,0.14540816326530612,0.14540816326530612,0,Unsatisfied,Low Loyalty
2849,33,Female,Boots,Footwear,72,Wisconsin,L,Gray,Fall,4.9,No,Store Pickup,No,28,Bank Transfer,Quarterly,2,0.65,0.5510204081632653,0.6005102040816326,Mid Value,0.25,0.4005102040816326,0.4005102040816326,0,Satisfied,Mid Loyalty
2850,56,Female,Coat,Outerwear,25,New Hampshire,M,Gold,Spring,4.1,No,Express,No,27,PayPal,Fortnightly,4,0.0625,0.5306122448979592,0.2965561224489796,Low Value,0.75,0.6403061224489797,0.6403061224489797,0,Satisfied,Mid Loyalty
2851,57,Female,Sweater,Clothing,79,Nebraska,M,Silver,Spring,3.0,No,Store Pickup,No,36,Debit Card,Annually,1,0.7375,0.7142857142857143,0.7258928571428571,High Value,0.0,0.35714285714285715,0.35714285714285715,0,Unsatisfied,Mid Loyalty
2852,58,Female,Blouse,Clothing,73,Nevada,L,Teal,Summer,3.0,No,Store Pickup,No,42,Debit Card,Monthly,3,0.6625,0.8367346938775511,0.7496173469387755,High Value,0.5,0.6683673469387755,0.6683673469387755,0,Unsatisfied,High Loyalty
2853,40,Female,Belt,Accessories,71,New York,M,Magenta,Spring,3.0,No,Store Pickup,No,30,Venmo,Weekly,5,0.6375,0.5918367346938775,0.6146683673469387,Mid Value,1.0,0.7959183673469388,0.7959183673469388,0,Unsatisfied,High Loyalty
2854,37,Female,Hat,Accessories,48,Pennsylvania,M,Magenta,Winter,3.2,No,Next Day Air,No,9,PayPal,Weekly,5,0.35,0.16326530612244897,0.25663265306122446,Low Value,1.0,0.5816326530612245,0.5816326530612245,0,Unsatisfied,Mid Loyalty
2855,36,Female,Sandals,Footwear,28,Delaware,M,Beige,Fall,2.7,No,Store Pickup,No,25,Venmo,Monthly,3,0.1,0.4897959183673469,0.29489795918367345,Low Value,0.5,0.49489795918367346,0.49489795918367346,0,Unsatisfied,Mid Loyalty
2856,29,Female,Boots,Footwear,95,Mississippi,S,Maroon,Winter,3.8,No,2-Day Shipping,No,33,PayPal,Quarterly,2,0.9375,0.6530612244897959,0.7952806122448979,High Value,0.25,0.45153061224489793,0.45153061224489793,0,Unsatisfied,Mid Loyalty
2857,65,Female,Jacket,Outerwear,48,Iowa,M,Indigo,Winter,3.5,No,2-Day Shipping,No,31,Credit Card,Monthly,3,0.35,0.6122448979591837,0.48112244897959183,Mid Value,0.5,0.5561224489795918,0.5561224489795918,0,Unsatisfied,Mid Loyalty
2858,44,Female,Dress,Clothing,93,Utah,S,Maroon,Spring,3.8,No,Next Day Air,No,35,Debit Card,Monthly,3,0.9125,0.6938775510204082,0.8031887755102041,High Value,0.5,0.596938775510204,0.596938775510204,0,Unsatisfied,Mid Loyalty
2859,34,Female,Jeans,Clothing,87,Maryland,L,Teal,Summer,3.8,No,2-Day Shipping,No,46,Bank Transfer,Monthly,3,0.8375,0.9183673469387755,0.8779336734693878,High Value,0.5,0.7091836734693877,0.7091836734693877,0,Unsatisfied,High Loyalty
2860,31,Female,Shorts,Clothing,32,Utah,L,Yellow,Fall,3.4,No,Express,No,29,Bank Transfer,Annually,1,0.15,0.5714285714285714,0.3607142857142857,Mid Value,0.0,0.2857142857142857,0.2857142857142857,0,Unsatisfied,Low Loyalty
2861,28,Female,Shirt,Clothing,38,Rhode Island,M,Gold,Spring,2.9,No,Next Day Air,No,49,Bank Transfer,Weekly,5,0.225,0.9795918367346939,0.602295918367347,Mid Value,1.0,0.9897959183673469,0.9897959183673469,0,Unsatisfied,High Loyalty
2862,66,Female,Coat,Outerwear,54,Maryland,M,Teal,Fall,3.4,No,Free Shipping,No,27,Credit Card,Monthly,3,0.425,0.5306122448979592,0.4778061224489796,Mid Value,0.5,0.5153061224489797,0.5153061224489797,0,Unsatisfied,Mid Loyalty
2863,68,Female,Coat,Outerwear,75,Hawaii,S,Violet,Summer,4.7,No,Store Pickup,No,5,Bank Transfer,Quarterly,2,0.6875,0.08163265306122448,0.38456632653061223,Mid Value,0.25,0.16581632653061223,0.16581632653061223,0,Satisfied,Low Loyalty
2864,37,Female,T-shirt,Clothing,56,Connecticut,M,Yellow,Fall,3.9,No,2-Day Shipping,No,18,Venmo,Monthly,3,0.45,0.3469387755102041,0.39846938775510204,Mid Value,0.5,0.423469387755102,0.423469387755102,0,Satisfied,Mid Loyalty
2865,58,Female,Sweater,Clothing,43,Illinois,S,Maroon,Fall,3.6,No,Store Pickup,No,31,Venmo,Weekly,5,0.2875,0.6122448979591837,0.44987244897959183,Mid Value,1.0,0.8061224489795918,0.8061224489795918,0,Unsatisfied,High Loyalty
2866,28,Female,Skirt,Clothing,97,California,M,Silver,Fall,3.7,No,Free Shipping,No,27,Cash,Fortnightly,4,0.9625,0.5306122448979592,0.7465561224489796,High Value,0.75,0.6403061224489797,0.6403061224489797,0,Unsatisfied,Mid Loyalty
2867,54,Female,Blouse,Clothing,75,Connecticut,S,Violet,Summer,3.1,No,Free Shipping,No,19,Cash,Annually,1,0.6875,0.3673469387755102,0.5274234693877551,Mid Value,0.0,0.1836734693877551,0.1836734693877551,0,Unsatisfied,Low Loyalty
2868,21,Female,Sneakers,Footwear,55,Colorado,L,White,Summer,4.9,No,Next Day Air,No,33,Cash,Fortnightly,4,0.4375,0.6530612244897959,0.5452806122448979,Mid Value,0.75,0.7015306122448979,0.7015306122448979,0,Satisfied,High Loyalty
2869,45,Female,Backpack,Accessories,49,Colorado,M,Black,Winter,2.6,No,Next Day Air,No,42,PayPal,Quarterly,2,0.3625,0.8367346938775511,0.5996173469387756,Mid Value,0.25,0.5433673469387755,0.5433673469387755,0,Unsatisfied,Mid Loyalty
2870,57,Female,Socks,Clothing,58,Georgia,M,White,Summer,4.2,No,Standard,No,16,Bank Transfer,Weekly,5,0.475,0.30612244897959184,0.3905612244897959,Mid Value,1.0,0.653061224489796,0.653061224489796,0,Satisfied,Mid Loyalty
2871,47,Female,Jewelry,Accessories,34,North Dakota,M,Blue,Winter,4.8,No,Free Shipping,No,49,Debit Card,Quarterly,2,0.175,0.9795918367346939,0.577295918367347,Mid Value,0.25,0.6147959183673469,0.6147959183673469,0,Satisfied,Mid Loyalty
2872,46,Female,Shorts,Clothing,43,Idaho,S,Black,Summer,2.7,No,2-Day Shipping,No,40,Venmo,Fortnightly,4,0.2875,0.7959183673469388,0.5417091836734693,Mid Value,0.75,0.7729591836734694,0.7729591836734694,0,Unsatisfied,High Loyalty
2873,63,Female,Jewelry,Accessories,48,Connecticut,L,Olive,Fall,2.6,No,Next Day Air,No,5,Cash,Annually,1,0.35,0.08163265306122448,0.21581632653061222,Low Value,0.0,0.04081632653061224,0.04081632653061224,0,Unsatisfied,Low Loyalty
2874,44,Female,Sweater,Clothing,40,Montana,M,Teal,Spring,2.6,No,Free Shipping,No,8,Bank Transfer,Monthly,3,0.25,0.14285714285714285,0.19642857142857142,Low Value,0.5,0.3214285714285714,0.3214285714285714,0,Unsatisfied,Low Loyalty
2875,36,Female,Shirt,Clothing,29,Colorado,L,Silver,Summer,3.1,No,Standard,No,2,Debit Card,Annually,1,0.1125,0.02040816326530612,0.06645408163265307,Low Value,0.0,0.01020408163265306,0.01020408163265306,0,Unsatisfied,Low Loyalty
2876,24,Female,Pants,Clothing,81,Kentucky,M,Pink,Fall,2.6,No,Free Shipping,No,14,Debit Card,Weekly,5,0.7625,0.2653061224489796,0.5139030612244898,Mid Value,1.0,0.6326530612244898,0.6326530612244898,0,Unsatisfied,Mid Loyalty
2877,65,Female,Hoodie,Clothing,84,New Mexico,M,Charcoal,Spring,3.4,No,2-Day Shipping,No,5,Bank Transfer,Fortnightly,4,0.8,0.08163265306122448,0.44081632653061226,Mid Value,0.75,0.41581632653061223,0.41581632653061223,0,Unsatisfied,Mid Loyalty
2878,32,Female,Socks,Clothing,46,New Jersey,M,Silver,Summer,3.6,No,Standard,No,34,Venmo,Monthly,3,0.325,0.673469387755102,0.49923469387755104,Mid Value,0.5,0.5867346938775511,0.5867346938775511,0,Unsatisfied,Mid Loyalty
2879,63,Female,Dress,Clothing,86,California,L,Turquoise,Summer,4.3,No,Next Day Air,No,13,Bank Transfer,Annually,1,0.825,0.24489795918367346,0.5349489795918367,Mid Value,0.0,0.12244897959183673,0.12244897959183673,0,Satisfied,Low Loyalty
2880,62,Female,Blouse,Clothing,57,North Dakota,XL,Turquoise,Winter,4.9,No,Free Shipping,No,31,Venmo,Annually,1,0.4625,0.6122448979591837,0.5373724489795919,Mid Value,0.0,0.30612244897959184,0.30612244897959184,0,Satisfied,Low Loyalty
2881,19,Female,Skirt,Clothing,61,Florida,L,Beige,Winter,4.8,No,Store Pickup,No,43,PayPal,Quarterly,2,0.5125,0.8571428571428571,0.6848214285714285,High Value,0.25,0.5535714285714286,0.5535714285714286,0,Satisfied,Mid Loyalty
2882,38,Female,Backpack,Accessories,90,Texas,M,Cyan,Winter,4.2,No,Free Shipping,No,6,Bank Transfer,Annually,1,0.875,0.10204081632653061,0.4885204081632653,Mid Value,0.0,0.05102040816326531,0.05102040816326531,0,Satisfied,Low Loyalty
2883,59,Female,Blouse,Clothing,51,Oklahoma,L,Gold,Winter,2.6,No,Store Pickup,No,23,Credit Card,Fortnightly,4,0.3875,0.4489795918367347,0.41823979591836735,Mid Value,0.75,0.5994897959183674,0.5994897959183674,0,Unsatisfied,Mid Loyalty
2884,22,Female,Socks,Clothing,48,Rhode Island,XL,Silver,Spring,3.2,No,Standard,No,10,PayPal,Weekly,5,0.35,0.1836734693877551,0.26683673469387753,Low Value,1.0,0.5918367346938775,0.5918367346938775,0,Unsatisfied,Mid Loyalty
2885,55,Female,Boots,Footwear,50,Arkansas,M,Purple,Summer,3.4,No,2-Day Shipping,No,47,Credit Card,Quarterly,2,0.375,0.9387755102040817,0.6568877551020409,Mid Value,0.25,0.5943877551020409,0.5943877551020409,0,Unsatisfied,Mid Loyalty
2886,29,Female,Backpack,Accessories,82,Nevada,M,Yellow,Summer,3.5,No,Next Day Air,No,14,Credit Card,Fortnightly,4,0.775,0.2653061224489796,0.5201530612244898,Mid Value,0.75,0.5076530612244898,0.5076530612244898,0,Unsatisfied,Mid Loyalty
2887,42,Female,Hat,Accessories,33,Utah,L,Blue,Spring,4.2,No,Free Shipping,No,29,PayPal,Weekly,5,0.1625,0.5714285714285714,0.3669642857142857,Mid Value,1.0,0.7857142857142857,0.7857142857142857,0,Satisfied,High Loyalty
2888,23,Female,Sandals,Footwear,28,Kentucky,L,Blue,Winter,2.8,No,Express,No,12,Cash,Fortnightly,4,0.1,0.22448979591836735,0.16224489795918368,Low Value,0.75,0.4872448979591837,0.4872448979591837,0,Unsatisfied,Mid Loyalty
2889,70,Female,Hoodie,Clothing,42,Wisconsin,L,Green,Spring,5.0,No,2-Day Shipping,No,25,Debit Card,Quarterly,2,0.275,0.4897959183673469,0.3823979591836735,Mid Value,0.25,0.36989795918367346,0.36989795918367346,0,Satisfied,Mid Loyalty
2890,64,Female,Sunglasses,Accessories,43,Minnesota,M,Charcoal,Fall,3.3,No,Store Pickup,No,21,Venmo,Annually,1,0.2875,0.40816326530612246,0.3478316326530612,Mid Value,0.0,0.20408163265306123,0.20408163265306123,0,Unsatisfied,Low Loyalty
2891,39,Female,Jeans,Clothing,55,North Dakota,M,Violet,Winter,3.7,No,Free Shipping,No,23,Credit Card,Monthly,3,0.4375,0.4489795918367347,0.4432397959183674,Mid Value,0.5,0.4744897959183674,0.4744897959183674,0,Unsatisfied,Mid Loyalty
2892,47,Female,T-shirt,Clothing,73,Ohio,XL,Black,Winter,2.5,No,Free Shipping,No,10,PayPal,Monthly,3,0.6625,0.1836734693877551,0.42308673469387753,Mid Value,0.5,0.34183673469387754,0.34183673469387754,0,Unsatisfied,Mid Loyalty
2893,22,Female,Dress,Clothing,39,Nevada,M,Teal,Spring,3.2,No,Standard,No,47,Credit Card,Monthly,3,0.2375,0.9387755102040817,0.5881377551020408,Mid Value,0.5,0.7193877551020409,0.7193877551020409,0,Unsatisfied,High Loyalty
2894,69,Female,Belt,Accessories,20,Kentucky,S,Orange,Spring,3.1,No,Free Shipping,No,44,Debit Card,Quarterly,2,0.0,0.8775510204081632,0.4387755102040816,Mid Value,0.25,0.5637755102040816,0.5637755102040816,0,Unsatisfied,Mid Loyalty
2895,35,Female,Jewelry,Accessories,32,Kentucky,S,Brown,Spring,3.5,No,Standard,No,41,Venmo,Annually,1,0.15,0.8163265306122449,0.48316326530612247,Mid Value,0.0,0.40816326530612246,0.40816326530612246,0,Unsatisfied,Mid Loyalty
2896,56,Female,Hoodie,Clothing,86,Montana,L,Green,Summer,4.6,No,Standard,No,29,Bank Transfer,Monthly,3,0.825,0.5714285714285714,0.6982142857142857,High Value,0.5,0.5357142857142857,0.5357142857142857,0,Satisfied,Mid Loyalty
2897,30,Female,Blouse,Clothing,91,Delaware,M,Silver,Summer,3.3,No,Free Shipping,No,2,Venmo,Quarterly,2,0.8875,0.02040816326530612,0.45395408163265305,Mid Value,0.25,0.13520408163265307,0.13520408163265307,0,Unsatisfied,Low Loyalty
2898,43,Female,Jacket,Outerwear,59,Montana,L,Violet,Fall,2.5,No,Free Shipping,No,2,Cash,Fortnightly,4,0.4875,0.02040816326530612,0.25395408163265304,Low Value,0.75,0.3852040816326531,0.3852040816326531,0,Unsatisfied,Mid Loyalty
2899,23,Female,Sneakers,Footwear,33,New Jersey,XL,Peach,Summer,4.6,No,Express,No,29,Credit Card,Annually,1,0.1625,0.5714285714285714,0.3669642857142857,Mid Value,0.0,0.2857142857142857,0.2857142857142857,0,Satisfied,Low Loyalty
2900,50,Female,Boots,Footwear,64,Nebraska,M,Gold,Spring,4.2,No,2-Day Shipping,No,22,Bank Transfer,Fortnightly,4,0.55,0.42857142857142855,0.4892857142857143,Mid Value,0.75,0.5892857142857143,0.5892857142857143,0,Satisfied,Mid Loyalty
2901,41,Female,Blouse,Clothing,67,Maryland,XL,Violet,Winter,4.0,No,Standard,No,23,Cash,Fortnightly,4,0.5875,0.4489795918367347,0.5182397959183673,Mid Value,0.75,0.5994897959183674,0.5994897959183674,0,Satisfied,Mid Loyalty
2902,41,Female,Blouse,Clothing,43,Alabama,L,Olive,Winter,2.6,No,Free Shipping,No,46,Credit Card,Quarterly,2,0.2875,0.9183673469387755,0.6029336734693878,Mid Value,0.25,0.5841836734693877,0.5841836734693877,0,Unsatisfied,Mid Loyalty
2903,27,Female,Boots,Footwear,32,North Carolina,S,Orange,Spring,4.6,No,Standard,No,19,PayPal,Fortnightly,4,0.15,0.3673469387755102,0.2586734693877551,Low Value,0.75,0.5586734693877551,0.5586734693877551,0,Satisfied,Mid Loyalty
2904,38,Female,Scarf,Accessories,39,Delaware,S,Teal,Spring,3.5,No,2-Day Shipping,No,24,Credit Card,Quarterly,2,0.2375,0.46938775510204084,0.3534438775510204,Mid Value,0.25,0.35969387755102045,0.35969387755102045,0,Unsatisfied,Mid Loyalty
2905,41,Female,Sandals,Footwear,41,Iowa,M,Gray,Spring,4.0,No,2-Day Shipping,No,43,Venmo,Monthly,3,0.2625,0.8571428571428571,0.5598214285714286,Mid Value,0.5,0.6785714285714286,0.6785714285714286,0,Satisfied,High Loyalty
2906,58,Female,Sunglasses,Accessories,53,New York,L,Black,Winter,4.8,No,Standard,No,14,Debit Card,Fortnightly,4,0.4125,0.2653061224489796,0.33890306122448977,Mid Value,0.75,0.5076530612244898,0.5076530612244898,0,Satisfied,Mid Loyalty
2907,58,Female,Coat,Outerwear,27,Virginia,M,Indigo,Spring,3.9,No,Standard,No,7,Venmo,Annually,1,0.0875,0.12244897959183673,0.10497448979591836,Low Value,0.0,0.061224489795918366,0.061224489795918366,0,Satisfied,Low Loyalty
2908,19,Female,Sunglasses,Accessories,82,Maryland,XL,Lavender,Summer,3.7,No,Next Day Air,No,50,PayPal,Fortnightly,4,0.775,1.0,0.8875,High Value,0.75,0.875,0.875,0,Unsatisfied,High Loyalty
2909,43,Female,Blouse,Clothing,87,Texas,M,Beige,Winter,3.1,No,Store Pickup,No,15,Debit Card,Quarterly,2,0.8375,0.2857142857142857,0.5616071428571429,Mid Value,0.25,0.26785714285714285,0.26785714285714285,0,Unsatisfied,Low Loyalty
2910,27,Female,Backpack,Accessories,78,Louisiana,M,Indigo,Winter,3.0,No,Next Day Air,No,40,Credit Card,Quarterly,2,0.725,0.7959183673469388,0.7604591836734693,High Value,0.25,0.5229591836734694,0.5229591836734694,0,Unsatisfied,Mid Loyalty
2911,32,Female,Belt,Accessories,32,Mississippi,M,Blue,Summer,2.9,No,Store Pickup,No,41,Credit Card,Monthly,3,0.15,0.8163265306122449,0.48316326530612247,Mid Value,0.5,0.6581632653061225,0.6581632653061225,0,Unsatisfied,Mid Loyalty
2912,28,Female,Socks,Clothing,38,Ohio,XL,Orange,Fall,2.9,No,Next Day Air,No,34,Venmo,Quarterly,2,0.225,0.673469387755102,0.449234693877551,Mid Value,0.25,0.461734693877551,0.461734693877551,0,Unsatisfied,Mid Loyalty
2913,48,Female,Shoes,Footwear,37,Oregon,M,Yellow,Winter,4.0,No,Standard,No,27,Cash,Fortnightly,4,0.2125,0.5306122448979592,0.3715561224489796,Mid Value,0.75,0.6403061224489797,0.6403061224489797,0,Satisfied,Mid Loyalty
2914,43,Female,Coat,Outerwear,83,Wyoming,L,Cyan,Winter,3.5,No,Express,No,12,Cash,Quarterly,2,0.7875,0.22448979591836735,0.5059948979591836,Mid Value,0.25,0.2372448979591837,0.2372448979591837,0,Unsatisfied,Low Loyalty
2915,45,Female,Sweater,Clothing,72,Pennsylvania,M,Yellow,Fall,3.8,No,Express,No,1,Debit Card,Fortnightly,4,0.65,0.0,0.325,Low Value,0.75,0.375,0.375,0,Unsatisfied,Mid Loyalty
2916,26,Female,Shirt,Clothing,30,Oregon,M,Cyan,Fall,4.5,No,Express,No,39,Debit Card,Fortnightly,4,0.125,0.7755102040816326,0.4502551020408163,Mid Value,0.75,0.7627551020408163,0.7627551020408163,0,Satisfied,High Loyalty
2917,62,Female,Shorts,Clothing,66,Oklahoma,M,Green,Winter,2.7,No,Express,No,13,Credit Card,Fortnightly,4,0.575,0.24489795918367346,0.40994897959183674,Mid Value,0.75,0.49744897959183676,0.49744897959183676,0,Unsatisfied,Mid Loyalty
2918,58,Female,Shirt,Clothing,45,Colorado,XL,White,Winter,2.9,No,Store Pickup,No,50,Venmo,Annually,1,0.3125,1.0,0.65625,Mid Value,0.0,0.5,0.5,0,Unsatisfied,Mid Loyalty
2919,19,Female,Sunglasses,Accessories,73,New York,S,Black,Fall,4.9,No,Free Shipping,No,36,Cash,Weekly,5,0.6625,0.7142857142857143,0.6883928571428571,High Value,1.0,0.8571428571428572,0.8571428571428572,0,Satisfied,High Loyalty
2920,64,Female,Shoes,Footwear,67,Minnesota,L,Charcoal,Winter,3.8,No,Standard,No,31,Debit Card,Monthly,3,0.5875,0.6122448979591837,0.5998724489795919,Mid Value,0.5,0.5561224489795918,0.5561224489795918,0,Unsatisfied,Mid Loyalty
2921,33,Female,Sunglasses,Accessories,72,Texas,XL,Brown,Spring,4.9,No,Free Shipping,No,3,Debit Card,Fortnightly,4,0.65,0.04081632653061224,0.34540816326530616,Mid Value,0.75,0.39540816326530615,0.39540816326530615,0,Satisfied,Mid Loyalty
2922,20,Female,Handbag,Accessories,24,Wisconsin,M,Cyan,Fall,4.6,No,Standard,No,11,Cash,Fortnightly,4,0.05,0.20408163265306123,0.1270408163265306,Low Value,0.75,0.4770408163265306,0.4770408163265306,0,Satisfied,Mid Loyalty
2923,45,Female,Sunglasses,Accessories,68,Kentucky,L,Beige,Winter,3.5,No,Express,No,16,PayPal,Quarterly,2,0.6,0.30612244897959184,0.4530612244897959,Mid Value,0.25,0.2780612244897959,0.2780612244897959,0,Unsatisfied,Low Loyalty
2924,28,Female,Shirt,Clothing,70,Pennsylvania,M,Magenta,Spring,4.2,No,2-Day Shipping,No,12,Cash,Quarterly,2,0.625,0.22448979591836735,0.4247448979591837,Mid Value,0.25,0.2372448979591837,0.2372448979591837,0,Satisfied,Low Loyalty
2925,47,Female,Shirt,Clothing,64,Rhode Island,L,Indigo,Winter,3.7,No,Free Shipping,No,37,Debit Card,Quarterly,2,0.55,0.7346938775510204,0.6423469387755103,Mid Value,0.25,0.4923469387755102,0.4923469387755102,0,Unsatisfied,Mid Loyalty
2926,54,Female,Sweater,Clothing,91,Illinois,M,Maroon,Spring,2.8,No,Store Pickup,No,43,Credit Card,Quarterly,2,0.8875,0.8571428571428571,0.8723214285714285,High Value,0.25,0.5535714285714286,0.5535714285714286,0,Unsatisfied,Mid Loyalty
2927,64,Female,Handbag,Accessories,82,Maryland,M,Gray,Winter,4.8,No,2-Day Shipping,No,9,Cash,Weekly,5,0.775,0.16326530612244897,0.4691326530612245,Mid Value,1.0,0.5816326530612245,0.5816326530612245,0,Satisfied,Mid Loyalty
2928,45,Female,Shirt,Clothing,24,Missouri,M,Black,Summer,2.7,No,Express,No,15,Venmo,Fortnightly,4,0.05,0.2857142857142857,0.16785714285714284,Low Value,0.75,0.5178571428571428,0.5178571428571428,0,Unsatisfied,Mid Loyalty
2929,40,Female,Jewelry,Accessories,80,Alabama,L,Yellow,Spring,3.6,No,Store Pickup,No,17,Credit Card,Weekly,5,0.75,0.32653061224489793,0.5382653061224489,Mid Value,1.0,0.6632653061224489,0.6632653061224489,0,Unsatisfied,Mid Loyalty
2930,31,Female,Socks,Clothing,53,Maine,XL,White,Winter,4.5,No,Next Day Air,No,42,Venmo,Fortnightly,4,0.4125,0.8367346938775511,0.6246173469387755,Mid Value,0.75,0.7933673469387755,0.7933673469387755,0,Satisfied,High Loyalty
2931,38,Female,T-shirt,Clothing,50,Mississippi,M,Orange,Spring,4.0,No,Free Shipping,No,14,Venmo,Monthly,3,0.375,0.2653061224489796,0.32015306122448983,Low Value,0.5,0.38265306122448983,0.38265306122448983,0,Satisfied,Mid Loyalty
2932,36,Female,Jewelry,Accessories,31,Alabama,M,Magenta,Fall,4.5,No,2-Day Shipping,No,49,Credit Card,Fortnightly,4,0.1375,0.9795918367346939,0.5585459183673469,Mid Value,0.75,0.8647959183673469,0.8647959183673469,0,Satisfied,High Loyalty
2933,65,Female,Backpack,Accessories,88,Alaska,L,Black,Spring,3.9,No,Express,No,3,PayPal,Quarterly,2,0.85,0.04081632653061224,0.44540816326530613,Mid Value,0.25,0.14540816326530612,0.14540816326530612,0,Satisfied,Low Loyalty
2934,27,Female,Hat,Accessories,52,Illinois,M,Brown,Summer,3.8,No,Standard,No,28,Venmo,Monthly,3,0.4,0.5510204081632653,0.47551020408163264,Mid Value,0.5,0.5255102040816326,0.5255102040816326,0,Unsatisfied,Mid Loyalty
2935,38,Female,Gloves,Accessories,22,Idaho,M,Orange,Fall,4.7,No,Next Day Air,No,41,Bank Transfer,Quarterly,2,0.025,0.8163265306122449,0.42066326530612247,Mid Value,0.25,0.5331632653061225,0.5331632653061225,0,Satisfied,Mid Loyalty
2936,58,Female,Sneakers,Footwear,27,North Carolina,XL,Gray,Spring,4.6,No,Standard,No,11,Venmo,Weekly,5,0.0875,0.20408163265306123,0.14579081632653063,Low Value,1.0,0.6020408163265306,0.6020408163265306,0,Satisfied,Mid Loyalty
2937,31,Female,Skirt,Clothing,34,Washington,M,White,Spring,3.6,No,Express,No,46,PayPal,Weekly,5,0.175,0.9183673469387755,0.5466836734693877,Mid Value,1.0,0.9591836734693877,0.9591836734693877,0,Unsatisfied,High Loyalty
2938,28,Female,Handbag,Accessories,39,West Virginia,M,White,Spring,4.3,No,2-Day Shipping,No,15,Credit Card,Weekly,5,0.2375,0.2857142857142857,0.2616071428571428,Low Value,1.0,0.6428571428571428,0.6428571428571428,0,Satisfied,Mid Loyalty
2939,28,Female,Sunglasses,Accessories,53,Maine,M,Violet,Fall,3.0,No,Standard,No,15,Cash,Monthly,3,0.4125,0.2857142857142857,0.34910714285714284,Mid Value,0.5,0.39285714285714285,0.39285714285714285,0,Unsatisfied,Mid Loyalty
2940,32,Female,Sweater,Clothing,46,Kentucky,M,Beige,Winter,4.3,No,Express,No,34,Venmo,Weekly,5,0.325,0.673469387755102,0.49923469387755104,Mid Value,1.0,0.8367346938775511,0.8367346938775511,0,Satisfied,High Loyalty
2941,61,Female,Handbag,Accessories,85,Massachusetts,L,Beige,Summer,4.8,No,Next Day Air,No,13,Cash,Monthly,3,0.8125,0.24489795918367346,0.5286989795918368,Mid Value,0.5,0.37244897959183676,0.37244897959183676,0,Satisfied,Mid Loyalty
2942,38,Female,Skirt,Clothing,86,Pennsylvania,L,Purple,Spring,3.7,No,Free Shipping,No,27,PayPal,Monthly,3,0.825,0.5306122448979592,0.6778061224489795,High Value,0.5,0.5153061224489797,0.5153061224489797,0,Unsatisfied,Mid Loyalty
2943,54,Female,Socks,Clothing,63,Hawaii,M,Brown,Summer,2.6,No,Free Shipping,No,37,Bank Transfer,Weekly,5,0.5375,0.7346938775510204,0.6360969387755102,Mid Value,1.0,0.8673469387755102,0.8673469387755102,0,Unsatisfied,High Loyalty
2944,29,Female,Shirt,Clothing,44,Virginia,M,Orange,Spring,3.4,No,Standard,No,37,Credit Card,Monthly,3,0.3,0.7346938775510204,0.5173469387755102,Mid Value,0.5,0.6173469387755102,0.6173469387755102,0,Unsatisfied,Mid Loyalty
2945,50,Female,Sneakers,Footwear,95,New York,XL,Cyan,Summer,3.9,No,Free Shipping,No,4,Venmo,Quarterly,2,0.9375,0.061224489795918366,0.49936224489795916,Mid Value,0.25,0.1556122448979592,0.1556122448979592,0,Satisfied,Low Loyalty
2946,32,Female,Belt,Accessories,49,Delaware,M,Charcoal,Summer,4.8,No,Free Shipping,No,1,Credit Card,Quarterly,2,0.3625,0.0,0.18125,Low Value,0.25,0.125,0.125,0,Satisfied,Low Loyalty
2947,38,Female,Pants,Clothing,77,Hawaii,L,Purple,Spring,2.8,No,Free Shipping,No,29,Bank Transfer,Quarterly,2,0.7125,0.5714285714285714,0.6419642857142858,Mid Value,0.25,0.4107142857142857,0.4107142857142857,0,Unsatisfied,Mid Loyalty
2948,52,Female,Jewelry,Accessories,63,Nebraska,L,Peach,Spring,4.4,No,Standard,No,50,Venmo,Annually,1,0.5375,1.0,0.76875,High Value,0.0,0.5,0.5,0,Satisfied,Mid Loyalty
2949,61,Female,Pants,Clothing,83,Vermont,M,Violet,Winter,3.1,No,Standard,No,38,Debit Card,Fortnightly,4,0.7875,0.7551020408163265,0.7713010204081632,High Value,0.75,0.7525510204081632,0.7525510204081632,0,Unsatisfied,High Loyalty
2950,25,Female,Jewelry,Accessories,93,Iowa,M,Peach,Spring,3.8,No,Store Pickup,No,15,PayPal,Annually,1,0.9125,0.2857142857142857,0.5991071428571428,Mid Value,0.0,0.14285714285714285,0.14285714285714285,0,Unsatisfied,Low Loyalty
2951,22,Female,Jeans,Clothing,91,Iowa,S,Maroon,Winter,4.1,No,2-Day Shipping,No,44,Debit Card,Quarterly,2,0.8875,0.8775510204081632,0.8825255102040817,High Value,0.25,0.5637755102040816,0.5637755102040816,0,Satisfied,Mid Loyalty
2952,47,Female,Scarf,Accessories,99,Arkansas,L,Maroon,Fall,4.6,No,Free Shipping,No,14,Cash,Weekly,5,0.9875,0.2653061224489796,0.6264030612244899,Mid Value,1.0,0.6326530612244898,0.6326530612244898,0,Satisfied,Mid Loyalty
2953,50,Female,Belt,Accessories,24,Alabama,M,Peach,Spring,4.9,No,Next Day Air,No,5,Debit Card,Monthly,3,0.05,0.08163265306122448,0.06581632653061224,Low Value,0.5,0.29081632653061223,0.29081632653061223,0,Satisfied,Low Loyalty
2954,45,Female,Dress,Clothing,82,Maryland,M,Silver,Summer,4.8,No,Next Day Air,No,11,Credit Card,Annually,1,0.775,0.20408163265306123,0.4895408163265306,Mid Value,0.0,0.10204081632653061,0.10204081632653061,0,Satisfied,Low Loyalty
2955,33,Female,T-shirt,Clothing,28,South Dakota,M,Indigo,Winter,3.9,No,Express,No,15,Credit Card,Annually,1,0.1,0.2857142857142857,0.19285714285714284,Low Value,0.0,0.14285714285714285,0.14285714285714285,0,Satisfied,Low Loyalty
2956,42,Female,Boots,Footwear,67,Vermont,M,Silver,Winter,2.6,No,Free Shipping,No,46,Credit Card,Annually,1,0.5875,0.9183673469387755,0.7529336734693878,High Value,0.0,0.45918367346938777,0.45918367346938777,0,Unsatisfied,Mid Loyalty
2957,52,Female,Dress,Clothing,88,Montana,M,Olive,Fall,3.7,No,Standard,No,30,Venmo,Monthly,3,0.85,0.5918367346938775,0.7209183673469388,High Value,0.5,0.5459183673469388,0.5459183673469388,0,Unsatisfied,Mid Loyalty
2958,69,Female,Jewelry,Accessories,70,South Dakota,S,Gray,Fall,4.7,No,Standard,No,2,Cash,Annually,1,0.625,0.02040816326530612,0.3227040816326531,Low Value,0.0,0.01020408163265306,0.01020408163265306,0,Satisfied,Low Loyalty
2959,55,Female,Skirt,Clothing,100,Ohio,M,Black,Summer,4.5,No,Standard,No,28,PayPal,Monthly,3,1.0,0.5510204081632653,0.7755102040816326,High Value,0.5,0.5255102040816326,0.5255102040816326,0,Satisfied,Mid Loyalty
2960,38,Female,Handbag,Accessories,28,Texas,L,Maroon,Summer,4.7,No,Free Shipping,No,9,PayPal,Quarterly,2,0.1,0.16326530612244897,0.13163265306122449,Low Value,0.25,0.20663265306122447,0.20663265306122447,0,Satisfied,Low Loyalty
2961,57,Female,Coat,Outerwear,48,Indiana,S,Olive,Spring,3.6,No,Standard,No,47,Credit Card,Weekly,5,0.35,0.9387755102040817,0.6443877551020408,Mid Value,1.0,0.9693877551020409,0.9693877551020409,0,Unsatisfied,High Loyalty
2962,33,Female,Hoodie,Clothing,43,New Hampshire,S,Gold,Fall,2.8,No,Free Shipping,No,21,Debit Card,Fortnightly,4,0.2875,0.40816326530612246,0.3478316326530612,Mid Value,0.75,0.5790816326530612,0.5790816326530612,0,Unsatisfied,Mid Loyalty
2963,57,Female,Pants,Clothing,40,California,L,Pink,Fall,4.0,No,Express,No,42,Credit Card,Quarterly,2,0.25,0.8367346938775511,0.5433673469387755,Mid Value,0.25,0.5433673469387755,0.5433673469387755,0,Satisfied,Mid Loyalty
2964,52,Female,Boots,Footwear,97,Maine,M,Brown,Spring,3.6,No,Free Shipping,No,28,Credit Card,Weekly,5,0.9625,0.5510204081632653,0.7567602040816326,High Value,1.0,0.7755102040816326,0.7755102040816326,0,Unsatisfied,High Loyalty
2965,44,Female,Coat,Outerwear,25,Ohio,S,White,Fall,3.8,No,2-Day Shipping,No,13,Venmo,Fortnightly,4,0.0625,0.24489795918367346,0.15369897959183673,Low Value,0.75,0.49744897959183676,0.49744897959183676,0,Unsatisfied,Mid Loyalty
2966,48,Female,Scarf,Accessories,45,Delaware,M,Blue,Summer,4.4,No,Standard,No,25,PayPal,Fortnightly,4,0.3125,0.4897959183673469,0.40114795918367346,Mid Value,0.75,0.6198979591836735,0.6198979591836735,0,Satisfied,Mid Loyalty
2967,52,Female,Boots,Footwear,49,Oklahoma,L,Orange,Fall,2.8,No,Store Pickup,No,38,Debit Card,Quarterly,2,0.3625,0.7551020408163265,0.5588010204081633,Mid Value,0.25,0.5025510204081632,0.5025510204081632,0,Unsatisfied,Mid Loyalty
2968,34,Female,Sneakers,Footwear,36,Indiana,L,Silver,Summer,3.4,No,Free Shipping,No,40,Venmo,Annually,1,0.2,0.7959183673469388,0.49795918367346936,Mid Value,0.0,0.3979591836734694,0.3979591836734694,0,Unsatisfied,Mid Loyalty
2969,26,Female,Sweater,Clothing,48,South Carolina,S,Gray,Fall,4.9,No,Express,No,25,Cash,Quarterly,2,0.35,0.4897959183673469,0.41989795918367345,Mid Value,0.25,0.36989795918367346,0.36989795918367346,0,Satisfied,Mid Loyalty
2970,36,Female,Belt,Accessories,62,Vermont,S,Blue,Fall,4.3,No,Next Day Air,No,20,Cash,Quarterly,2,0.525,0.3877551020408163,0.45637755102040817,Mid Value,0.25,0.31887755102040816,0.31887755102040816,0,Satisfied,Low Loyalty
2971,24,Female,Jewelry,Accessories,74,Kansas,M,White,Winter,3.4,No,Free Shipping,No,44,Credit Card,Fortnightly,4,0.675,0.8775510204081632,0.7762755102040817,High Value,0.75,0.8137755102040816,0.8137755102040816,0,Unsatisfied,High Loyalty
2972,30,Female,Handbag,Accessories,100,Utah,L,Yellow,Fall,3.9,No,Next Day Air,No,9,PayPal,Quarterly,2,1.0,0.16326530612244897,0.5816326530612245,Mid Value,0.25,0.20663265306122447,0.20663265306122447,0,Satisfied,Low Loyalty
2973,31,Female,Jacket,Outerwear,39,New York,S,Indigo,Fall,4.2,No,Free Shipping,No,11,Venmo,Quarterly,2,0.2375,0.20408163265306123,0.2207908163265306,Low Value,0.25,0.22704081632653061,0.22704081632653061,0,Satisfied,Low Loyalty
2974,25,Female,Boots,Footwear,65,Indiana,M,Blue,Summer,2.7,No,Store Pickup,No,3,Bank Transfer,Fortnightly,4,0.5625,0.04081632653061224,0.30165816326530615,Low Value,0.75,0.39540816326530615,0.39540816326530615,0,Unsatisfied,Mid Loyalty
2975,57,Female,Sneakers,Footwear,99,Tennessee,XL,Peach,Summer,4.1,No,Store Pickup,No,34,Credit Card,Weekly,5,0.9875,0.673469387755102,0.830484693877551,High Value,1.0,0.8367346938775511,0.8367346938775511,0,Satisfied,High Loyalty
2976,61,Female,Scarf,Accessories,68,Georgia,XL,Lavender,Winter,4.5,No,2-Day Shipping,No,48,Cash,Quarterly,2,0.6,0.9591836734693877,0.7795918367346939,High Value,0.25,0.6045918367346939,0.6045918367346939,0,Satisfied,Mid Loyalty
2977,30,Female,Coat,Outerwear,97,Nebraska,M,Silver,Summer,2.8,No,Express,No,28,Cash,Fortnightly,4,0.9625,0.5510204081632653,0.7567602040816326,High Value,0.75,0.6505102040816326,0.6505102040816326,0,Unsatisfied,Mid Loyalty
2978,38,Female,Shorts,Clothing,47,Washington,L,Gold,Winter,3.4,No,Standard,No,20,Venmo,Annually,1,0.3375,0.3877551020408163,0.36262755102040817,Mid Value,0.0,0.19387755102040816,0.19387755102040816,0,Unsatisfied,Low Loyalty
2979,53,Female,Shorts,Clothing,56,Idaho,S,Cyan,Spring,3.9,No,Free Shipping,No,49,Bank Transfer,Fortnightly,4,0.45,0.9795918367346939,0.7147959183673469,High Value,0.75,0.8647959183673469,0.8647959183673469,0,Satisfied,High Loyalty
2980,31,Female,Jeans,Clothing,91,Louisiana,L,Olive,Fall,2.6,No,Next Day Air,No,14,PayPal,Weekly,5,0.8875,0.2653061224489796,0.5764030612244898,Mid Value,1.0,0.6326530612244898,0.6326530612244898,0,Unsatisfied,Mid Loyalty
2981,70,Female,Gloves,Accessories,93,New Jersey,L,Teal,Fall,4.4,No,2-Day Shipping,No,9,Bank Transfer,Monthly,3,0.9125,0.16326530612244897,0.5378826530612245,Mid Value,0.5,0.33163265306122447,0.33163265306122447,0,Satisfied,Low Loyalty
2982,21,Female,Pants,Clothing,36,Delaware,L,Pink,Winter,4.9,No,Standard,No,37,Venmo,Annually,1,0.2,0.7346938775510204,0.46734693877551026,Mid Value,0.0,0.3673469387755102,0.3673469387755102,0,Satisfied,Mid Loyalty
2983,33,Female,Dress,Clothing,45,Wisconsin,M,Orange,Summer,3.6,No,Store Pickup,No,4,Credit Card,Weekly,5,0.3125,0.061224489795918366,0.1868622448979592,Low Value,1.0,0.5306122448979592,0.5306122448979592,0,Unsatisfied,Mid Loyalty
2984,60,Female,Pants,Clothing,44,West Virginia,M,Charcoal,Winter,2.8,No,2-Day Shipping,No,1,Credit Card,Quarterly,2,0.3,0.0,0.15,Low Value,0.25,0.125,0.125,0,Unsatisfied,Low Loyalty
2985,45,Female,Gloves,Accessories,32,Texas,L,Red,Spring,4.3,No,2-Day Shipping,No,36,Debit Card,Fortnightly,4,0.15,0.7142857142857143,0.43214285714285716,Mid Value,0.75,0.7321428571428572,0.7321428571428572,0,Satisfied,High Loyalty
2986,46,Female,Belt,Accessories,36,Hawaii,S,Teal,Summer,3.0,No,Express,No,21,Cash,Fortnightly,4,0.2,0.40816326530612246,0.3040816326530612,Low Value,0.75,0.5790816326530612,0.5790816326530612,0,Unsatisfied,Mid Loyalty
2987,62,Female,Belt,Accessories,85,Arizona,S,Silver,Summer,3.3,No,2-Day Shipping,No,16,Credit Card,Monthly,3,0.8125,0.30612244897959184,0.559311224489796,Mid Value,0.5,0.4030612244897959,0.4030612244897959,0,Unsatisfied,Mid Loyalty
2988,63,Female,Skirt,Clothing,36,Louisiana,L,Black,Winter,2.5,No,Store Pickup,No,42,Cash,Monthly,3,0.2,0.8367346938775511,0.5183673469387755,Mid Value,0.5,0.6683673469387755,0.6683673469387755,0,Unsatisfied,High Loyalty
2989,69,Female,Socks,Clothing,55,Nevada,S,Pink,Spring,5.0,No,2-Day Shipping,No,31,Debit Card,Monthly,3,0.4375,0.6122448979591837,0.5248724489795918,Mid Value,0.5,0.5561224489795918,0.5561224489795918,0,Satisfied,Mid Loyalty
2990,46,Female,Belt,Accessories,20,Rhode Island,XL,Teal,Summer,4.3,No,2-Day Shipping,No,6,Credit Card,Weekly,5,0.0,0.10204081632653061,0.05102040816326531,Low Value,1.0,0.5510204081632653,0.5510204081632653,0,Satisfied,Mid Loyalty
2991,69,Female,Shirt,Clothing,91,Illinois,M,Teal,Fall,4.2,No,Free Shipping,No,24,Venmo,Monthly,3,0.8875,0.46938775510204084,0.6784438775510204,High Value,0.5,0.48469387755102045,0.48469387755102045,0,Satisfied,Mid Loyalty
2992,66,Female,Dress,Clothing,71,Utah,L,Green,Summer,3.9,No,Standard,No,7,PayPal,Fortnightly,4,0.6375,0.12244897959183673,0.37997448979591836,Mid Value,0.75,0.4362244897959184,0.4362244897959184,0,Satisfied,Mid Loyalty
2993,41,Female,Socks,Clothing,64,North Dakota,M,Charcoal,Spring,3.9,No,Store Pickup,No,25,Venmo,Weekly,5,0.55,0.4897959183673469,0.5198979591836734,Mid Value,1.0,0.7448979591836735,0.7448979591836735,0,Satisfied,High Loyalty
2994,32,Female,Jacket,Outerwear,21,Kansas,L,Indigo,Spring,4.2,No,Free Shipping,No,18,Cash,Fortnightly,4,0.0125,0.3469387755102041,0.17971938775510204,Low Value,0.75,0.548469387755102,0.548469387755102,0,Satisfied,Mid Loyalty
2995,69,Female,Sweater,Clothing,100,Nevada,S,White,Winter,3.5,No,Store Pickup,No,14,Bank Transfer,Quarterly,2,1.0,0.2653061224489796,0.6326530612244898,Mid Value,0.25,0.25765306122448983,0.25765306122448983,0,Unsatisfied,Low Loyalty
2996,29,Female,Jeans,Clothing,96,Virginia,M,Orange,Summer,2.5,No,Standard,No,42,Debit Card,Fortnightly,4,0.95,0.8367346938775511,0.8933673469387755,High Value,0.75,0.7933673469387755,0.7933673469387755,0,Unsatisfied,High Loyalty
2997,70,Female,Jewelry,Accessories,91,Utah,M,White,Spring,2.9,No,Express,No,6,Venmo,Quarterly,2,0.8875,0.10204081632653061,0.4947704081632653,Mid Value,0.25,0.1760204081632653,0.1760204081632653,0,Unsatisfied,Low Loyalty
2998,41,Female,Sweater,Clothing,40,Idaho,S,Yellow,Spring,2.7,No,Next Day Air,No,14,Venmo,Quarterly,2,0.25,0.2653061224489796,0.25765306122448983,Low Value,0.25,0.25765306122448983,0.25765306122448983,0,Unsatisfied,Low Loyalty
2999,31,Female,Hoodie,Clothing,53,Alaska,M,Red,Summer,4.7,No,Express,No,30,Debit Card,Quarterly,2,0.4125,0.5918367346938775,0.5021683673469388,Mid Value,0.25,0.42091836734693877,0.42091836734693877,0,Satisfied,Mid Loyalty
3000,31,Female,Sunglasses,Accessories,48,New Hampshire,S,Charcoal,Winter,3.8,No,Standard,No,10,Cash,Monthly,3,0.35,0.1836734693877551,0.26683673469387753,Low Value,0.5,0.34183673469387754,0.34183673469387754,0,Unsatisfied,Mid Loyalty
3001,57,Female,Sandals,Footwear,70,Ohio,M,Lavender,Winter,3.7,No,Express,No,7,PayPal,Weekly,5,0.625,0.12244897959183673,0.3737244897959184,Mid Value,1.0,0.5612244897959183,0.5612244897959183,0,Unsatisfied,Mid Loyalty
3002,29,Female,Coat,Outerwear,29,Montana,L,Charcoal,Summer,4.7,No,Express,No,28,Credit Card,Quarterly,2,0.1125,0.5510204081632653,0.33176020408163265,Low Value,0.25,0.4005102040816326,0.4005102040816326,0,Satisfied,Mid Loyalty
3003,70,Female,Belt,Accessories,29,Louisiana,M,Maroon,Fall,3.6,No,Next Day Air,No,19,Bank Transfer,Quarterly,2,0.1125,0.3673469387755102,0.2399234693877551,Low Value,0.25,0.3086734693877551,0.3086734693877551,0,Unsatisfied,Low Loyalty
3004,51,Female,Blouse,Clothing,53,Oregon,M,Brown,Fall,2.8,No,Express,No,13,Credit Card,Quarterly,2,0.4125,0.24489795918367346,0.3286989795918367,Low Value,0.25,0.24744897959183673,0.24744897959183673,0,Unsatisfied,Low Loyalty
3005,45,Female,Skirt,Clothing,79,Arizona,M,Lavender,Winter,3.7,No,Store Pickup,No,23,Venmo,Fortnightly,4,0.7375,0.4489795918367347,0.5932397959183674,Mid Value,0.75,0.5994897959183674,0.5994897959183674,0,Unsatisfied,Mid Loyalty
3006,18,Female,Shorts,Clothing,65,Alaska,XL,Brown,Spring,3.5,No,Express,No,5,Venmo,Weekly,5,0.5625,0.08163265306122448,0.32206632653061223,Low Value,1.0,0.5408163265306123,0.5408163265306123,0,Unsatisfied,Mid Loyalty
3007,37,Female,Dress,Clothing,99,Utah,M,Olive,Summer,3.7,No,Store Pickup,No,17,Venmo,Fortnightly,4,0.9875,0.32653061224489793,0.657015306122449,Mid Value,0.75,0.5382653061224489,0.5382653061224489,0,Unsatisfied,Mid Loyalty
3008,23,Female,Sunglasses,Accessories,60,New York,L,Lavender,Winter,3.0,No,Next Day Air,No,31,Venmo,Weekly,5,0.5,0.6122448979591837,0.5561224489795918,Mid Value,1.0,0.8061224489795918,0.8061224489795918,0,Unsatisfied,High Loyalty
3009,39,Female,Shoes,Footwear,86,New Mexico,M,Gold,Winter,4.9,No,Free Shipping,No,19,PayPal,Weekly,5,0.825,0.3673469387755102,0.5961734693877551,Mid Value,1.0,0.6836734693877551,0.6836734693877551,0,Satisfied,High Loyalty
3010,62,Female,Belt,Accessories,73,Louisiana,M,Silver,Winter,4.6,No,Free Shipping,No,8,Venmo,Fortnightly,4,0.6625,0.14285714285714285,0.40267857142857144,Mid Value,0.75,0.4464285714285714,0.4464285714285714,0,Satisfied,Mid Loyalty
3011,70,Female,Belt,Accessories,45,Ohio,M,Violet,Winter,3.3,No,Free Shipping,No,15,Credit Card,Annually,1,0.3125,0.2857142857142857,0.29910714285714285,Low Value,0.0,0.14285714285714285,0.14285714285714285,0,Unsatisfied,Low Loyalty
3012,20,Female,Belt,Accessories,70,Nevada,S,Brown,Summer,3.0,No,Next Day Air,No,18,Credit Card,Quarterly,2,0.625,0.3469387755102041,0.485969387755102,Mid Value,0.25,0.298469387755102,0.298469387755102,0,Unsatisfied,Low Loyalty
3013,42,Female,Belt,Accessories,65,Idaho,M,Teal,Fall,3.5,No,Standard,No,16,PayPal,Annually,1,0.5625,0.30612244897959184,0.4343112244897959,Mid Value,0.0,0.15306122448979592,0.15306122448979592,0,Unsatisfied,Low Loyalty
3014,41,Female,Skirt,Clothing,55,Arizona,L,Peach,Summer,4.2,No,Store Pickup,No,13,Cash,Monthly,3,0.4375,0.24489795918367346,0.34119897959183676,Mid Value,0.5,0.37244897959183676,0.37244897959183676,0,Satisfied,Mid Loyalty
3015,24,Female,T-shirt,Clothing,65,Utah,M,Maroon,Spring,4.5,No,Express,No,38,PayPal,Quarterly,2,0.5625,0.7551020408163265,0.6588010204081632,Mid Value,0.25,0.5025510204081632,0.5025510204081632,0,Satisfied,Mid Loyalty
3016,37,Female,Scarf,Accessories,21,Wyoming,XL,Lavender,Spring,2.8,No,Express,No,27,Bank Transfer,Fortnightly,4,0.0125,0.5306122448979592,0.2715561224489796,Low Value,0.75,0.6403061224489797,0.6403061224489797,0,Unsatisfied,Mid Loyalty
3017,30,Female,Blouse,Clothing,26,Indiana,L,Lavender,Summer,4.9,No,Store Pickup,No,31,Bank Transfer,Quarterly,2,0.075,0.6122448979591837,0.3436224489795918,Mid Value,0.25,0.43112244897959184,0.43112244897959184,0,Satisfied,Mid Loyalty
3018,58,Female,Sunglasses,Accessories,71,Wisconsin,S,Purple,Summer,3.3,No,Next Day Air,No,24,Cash,Fortnightly,4,0.6375,0.46938775510204084,0.5534438775510204,Mid Value,0.75,0.6096938775510204,0.6096938775510204,0,Unsatisfied,Mid Loyalty
3019,43,Female,Boots,Footwear,41,Texas,M,Green,Summer,3.0,No,Free Shipping,No,21,Debit Card,Fortnightly,4,0.2625,0.40816326530612246,0.3353316326530612,Low Value,0.75,0.5790816326530612,0.5790816326530612,0,Unsatisfied,Mid Loyalty
3020,19,Female,Jacket,Outerwear,44,Utah,M,Yellow,Winter,3.9,No,2-Day Shipping,No,15,PayPal,Annually,1,0.3,0.2857142857142857,0.2928571428571428,Low Value,0.0,0.14285714285714285,0.14285714285714285,0,Satisfied,Low Loyalty
3021,23,Female,Jeans,Clothing,81,Arkansas,S,Charcoal,Fall,2.8,No,Store Pickup,No,48,Venmo,Quarterly,2,0.7625,0.9591836734693877,0.8608418367346938,High Value,0.25,0.6045918367346939,0.6045918367346939,0,Unsatisfied,Mid Loyalty
3022,65,Female,Sunglasses,Accessories,77,Pennsylvania,S,Blue,Summer,4.5,No,2-Day Shipping,No,47,Cash,Quarterly,2,0.7125,0.9387755102040817,0.8256377551020408,High Value,0.25,0.5943877551020409,0.5943877551020409,0,Satisfied,Mid Loyalty
3023,58,Female,Sandals,Footwear,26,Georgia,M,Lavender,Fall,4.0,No,Free Shipping,No,23,PayPal,Weekly,5,0.075,0.4489795918367347,0.26198979591836735,Low Value,1.0,0.7244897959183674,0.7244897959183674,0,Satisfied,High Loyalty
3024,50,Female,Backpack,Accessories,31,Indiana,M,Brown,Summer,2.9,No,Express,No,4,PayPal,Quarterly,2,0.1375,0.061224489795918366,0.0993622448979592,Low Value,0.25,0.1556122448979592,0.1556122448979592,0,Unsatisfied,Low Loyalty
3025,67,Female,Blouse,Clothing,82,Idaho,S,White,Spring,4.0,No,Free Shipping,No,47,Credit Card,Quarterly,2,0.775,0.9387755102040817,0.8568877551020408,High Value,0.25,0.5943877551020409,0.5943877551020409,0,Satisfied,Mid Loyalty
3026,40,Female,Shoes,Footwear,60,Montana,XL,Green,Summer,3.4,No,Store Pickup,No,7,PayPal,Monthly,3,0.5,0.12244897959183673,0.3112244897959184,Low Value,0.5,0.3112244897959184,0.3112244897959184,0,Unsatisfied,Low Loyalty
3027,55,Female,Shirt,Clothing,70,Tennessee,L,Magenta,Fall,2.5,No,Free Shipping,No,6,Credit Card,Annually,1,0.625,0.10204081632653061,0.3635204081632653,Mid Value,0.0,0.05102040816326531,0.05102040816326531,0,Unsatisfied,Low Loyalty
3028,52,Female,Hoodie,Clothing,26,West Virginia,XL,Peach,Winter,2.8,No,2-Day Shipping,No,47,Credit Card,Quarterly,2,0.075,0.9387755102040817,0.5068877551020409,Mid Value,0.25,0.5943877551020409,0.5943877551020409,0,Unsatisfied,Mid Loyalty
3029,62,Female,Dress,Clothing,100,California,L,Charcoal,Summer,3.0,No,Free Shipping,No,7,PayPal,Quarterly,2,1.0,0.12244897959183673,0.5612244897959183,Mid Value,0.25,0.18622448979591838,0.18622448979591838,0,Unsatisfied,Low Loyalty
3030,64,Female,Dress,Clothing,82,Georgia,M,Gold,Summer,3.1,No,Free Shipping,No,1,Debit Card,Quarterly,2,0.775,0.0,0.3875,Mid Value,0.25,0.125,0.125,0,Unsatisfied,Low Loyalty
3031,43,Female,Sneakers,Footwear,24,Maryland,XL,Purple,Spring,2.6,No,2-Day Shipping,No,23,Credit Card,Weekly,5,0.05,0.4489795918367347,0.24948979591836734,Low Value,1.0,0.7244897959183674,0.7244897959183674,0,Unsatisfied,High Loyalty
3032,61,Female,Blouse,Clothing,74,Idaho,L,Teal,Summer,4.9,No,2-Day Shipping,No,30,Credit Card,Monthly,3,0.675,0.5918367346938775,0.6334183673469388,Mid Value,0.5,0.5459183673469388,0.5459183673469388,0,Satisfied,Mid Loyalty
3033,26,Female,Backpack,Accessories,58,California,XL,Green,Summer,3.5,No,Next Day Air,No,24,Credit Card,Quarterly,2,0.475,0.46938775510204084,0.4721938775510204,Mid Value,0.25,0.35969387755102045,0.35969387755102045,0,Unsatisfied,Mid Loyalty
3034,22,Female,Sweater,Clothing,56,Alabama,L,Orange,Spring,2.6,No,Store Pickup,No,9,PayPal,Weekly,5,0.45,0.16326530612244897,0.3066326530612245,Low Value,1.0,0.5816326530612245,0.5816326530612245,0,Unsatisfied,Mid Loyalty
3035,51,Female,Boots,Footwear,37,Utah,L,Peach,Spring,3.5,No,2-Day Shipping,No,25,Credit Card,Quarterly,2,0.2125,0.4897959183673469,0.3511479591836735,Mid Value,0.25,0.36989795918367346,0.36989795918367346,0,Unsatisfied,Mid Loyalty
3036,69,Female,Handbag,Accessories,64,Kentucky,M,Gold,Spring,4.5,No,Free Shipping,No,18,Cash,Fortnightly,4,0.55,0.3469387755102041,0.44846938775510203,Mid Value,0.75,0.548469387755102,0.548469387755102,0,Satisfied,Mid Loyalty
3037,50,Female,Hoodie,Clothing,58,Vermont,S,Violet,Spring,4.3,No,Next Day Air,No,7,Venmo,Fortnightly,4,0.475,0.12244897959183673,0.29872448979591837,Low Value,0.75,0.4362244897959184,0.4362244897959184,0,Satisfied,Mid Loyalty
3038,51,Female,Belt,Accessories,44,Iowa,L,Charcoal,Summer,4.8,No,Next Day Air,No,2,Cash,Annually,1,0.3,0.02040816326530612,0.16020408163265307,Low Value,0.0,0.01020408163265306,0.01020408163265306,0,Satisfied,Low Loyalty
3039,56,Female,Jewelry,Accessories,39,Georgia,M,Brown,Summer,4.2,No,Free Shipping,No,36,Debit Card,Annually,1,0.2375,0.7142857142857143,0.4758928571428571,Mid Value,0.0,0.35714285714285715,0.35714285714285715,0,Satisfied,Mid Loyalty
3040,59,Female,Blouse,Clothing,48,Alabama,L,Blue,Spring,3.2,No,Next Day Air,No,31,PayPal,Fortnightly,4,0.35,0.6122448979591837,0.48112244897959183,Mid Value,0.75,0.6811224489795918,0.6811224489795918,0,Unsatisfied,High Loyalty
3041,18,Female,Handbag,Accessories,32,Nebraska,M,Gold,Fall,4.1,No,Express,No,10,Cash,Fortnightly,4,0.15,0.1836734693877551,0.16683673469387755,Low Value,0.75,0.46683673469387754,0.46683673469387754,0,Satisfied,Mid Loyalty
3042,48,Female,Handbag,Accessories,79,Rhode Island,M,Orange,Winter,4.0,No,Express,No,27,PayPal,Monthly,3,0.7375,0.5306122448979592,0.6340561224489796,Mid Value,0.5,0.5153061224489797,0.5153061224489797,0,Satisfied,Mid Loyalty
3043,53,Female,Coat,Outerwear,27,South Dakota,L,Turquoise,Winter,2.9,No,Next Day Air,No,14,PayPal,Quarterly,2,0.0875,0.2653061224489796,0.1764030612244898,Low Value,0.25,0.25765306122448983,0.25765306122448983,0,Unsatisfied,Low Loyalty
3044,45,Female,Belt,Accessories,98,Illinois,S,Peach,Fall,2.6,No,Store Pickup,No,17,Credit Card,Monthly,3,0.975,0.32653061224489793,0.650765306122449,Mid Value,0.5,0.41326530612244894,0.41326530612244894,0,Unsatisfied,Mid Loyalty
3045,21,Female,Boots,Footwear,67,North Carolina,M,Magenta,Winter,2.7,No,Free Shipping,No,10,Bank Transfer,Quarterly,2,0.5875,0.1836734693877551,0.38558673469387755,Mid Value,0.25,0.21683673469387754,0.21683673469387754,0,Unsatisfied,Low Loyalty
3046,42,Female,Socks,Clothing,37,Florida,L,Black,Winter,4.6,No,2-Day Shipping,No,4,PayPal,Fortnightly,4,0.2125,0.061224489795918366,0.13686224489795917,Low Value,0.75,0.40561224489795916,0.40561224489795916,0,Satisfied,Mid Loyalty
3047,60,Female,Shoes,Footwear,49,Pennsylvania,M,White,Spring,3.2,No,Store Pickup,No,25,Cash,Quarterly,2,0.3625,0.4897959183673469,0.42614795918367343,Mid Value,0.25,0.36989795918367346,0.36989795918367346,0,Unsatisfied,Mid Loyalty
3048,21,Female,Sneakers,Footwear,74,Vermont,M,Violet,Fall,4.1,No,2-Day Shipping,No,3,PayPal,Fortnightly,4,0.675,0.04081632653061224,0.35790816326530617,Mid Value,0.75,0.39540816326530615,0.39540816326530615,0,Satisfied,Mid Loyalty
3049,69,Female,Jewelry,Accessories,93,Colorado,M,Olive,Summer,3.9,No,Standard,No,47,Venmo,Fortnightly,4,0.9125,0.9387755102040817,0.9256377551020408,High Value,0.75,0.8443877551020409,0.8443877551020409,0,Satisfied,High Loyalty
3050,40,Female,Handbag,Accessories,60,Utah,L,Red,Summer,3.0,No,Next Day Air,No,41,Bank Transfer,Fortnightly,4,0.5,0.8163265306122449,0.6581632653061225,Mid Value,0.75,0.7831632653061225,0.7831632653061225,0,Unsatisfied,High Loyalty
3051,31,Female,Coat,Outerwear,76,Kentucky,S,Green,Spring,3.6,No,Standard,No,28,Venmo,Quarterly,2,0.7,0.5510204081632653,0.6255102040816326,Mid Value,0.25,0.4005102040816326,0.4005102040816326,0,Unsatisfied,Mid Loyalty
3052,44,Female,Sunglasses,Accessories,64,Wyoming,L,Gold,Summer,4.6,No,Express,No,49,Debit Card,Quarterly,2,0.55,0.9795918367346939,0.764795918367347,High Value,0.25,0.6147959183673469,0.6147959183673469,0,Satisfied,Mid Loyalty
3053,48,Female,Shoes,Footwear,38,Maine,XL,Olive,Spring,4.5,No,Store Pickup,No,7,Bank Transfer,Fortnightly,4,0.225,0.12244897959183673,0.17372448979591837,Low Value,0.75,0.4362244897959184,0.4362244897959184,0,Satisfied,Mid Loyalty
3054,32,Female,Shoes,Footwear,91,Maine,L,Brown,Winter,3.2,No,Next Day Air,No,22,Bank Transfer,Monthly,3,0.8875,0.42857142857142855,0.6580357142857143,Mid Value,0.5,0.4642857142857143,0.4642857142857143,0,Unsatisfied,Mid Loyalty
3055,42,Female,Boots,Footwear,70,New Hampshire,S,Magenta,Summer,4.9,No,2-Day Shipping,No,34,Venmo,Monthly,3,0.625,0.673469387755102,0.6492346938775511,Mid Value,0.5,0.5867346938775511,0.5867346938775511,0,Satisfied,Mid Loyalty
3056,27,Female,Sandals,Footwear,22,Kansas,M,Violet,Fall,5.0,No,Standard,No,5,Debit Card,Fortnightly,4,0.025,0.08163265306122448,0.053316326530612246,Low Value,0.75,0.41581632653061223,0.41581632653061223,0,Satisfied,Mid Loyalty
3057,69,Female,Gloves,Accessories,59,New Jersey,M,Beige,Spring,3.8,No,Standard,No,15,Cash,Fortnightly,4,0.4875,0.2857142857142857,0.3866071428571428,Mid Value,0.75,0.5178571428571428,0.5178571428571428,0,Unsatisfied,Mid Loyalty
3058,67,Female,Backpack,Accessories,22,North Carolina,M,Blue,Spring,3.4,No,Next Day Air,No,26,Bank Transfer,Weekly,5,0.025,0.5102040816326531,0.26760204081632655,Low Value,1.0,0.7551020408163265,0.7551020408163265,0,Unsatisfied,High Loyalty
3059,41,Female,Handbag,Accessories,74,West Virginia,S,Orange,Winter,3.8,No,Store Pickup,No,3,Bank Transfer,Fortnightly,4,0.675,0.04081632653061224,0.35790816326530617,Mid Value,0.75,0.39540816326530615,0.39540816326530615,0,Unsatisfied,Mid Loyalty
3060,46,Female,Sweater,Clothing,71,Kentucky,L,Maroon,Spring,3.2,No,Express,No,42,Credit Card,Quarterly,2,0.6375,0.8367346938775511,0.7371173469387755,High Value,0.25,0.5433673469387755,0.5433673469387755,0,Unsatisfied,Mid Loyalty
3061,47,Female,Coat,Outerwear,80,California,S,Charcoal,Summer,4.7,No,Store Pickup,No,1,Venmo,Monthly,3,0.75,0.0,0.375,Mid Value,0.5,0.25,0.25,0,Satisfied,Low Loyalty
3062,33,Female,T-shirt,Clothing,59,South Dakota,L,Olive,Fall,4.5,No,Express,No,20,PayPal,Quarterly,2,0.4875,0.3877551020408163,0.4376275510204082,Mid Value,0.25,0.31887755102040816,0.31887755102040816,0,Satisfied,Low Loyalty
3063,51,Female,Backpack,Accessories,96,California,L,Green,Fall,3.3,No,Standard,No,39,PayPal,Monthly,3,0.95,0.7755102040816326,0.8627551020408163,High Value,0.5,0.6377551020408163,0.6377551020408163,0,Unsatisfied,Mid Loyalty
3064,26,Female,Sunglasses,Accessories,43,Connecticut,L,Brown,Winter,3.9,No,Store Pickup,No,24,Credit Card,Fortnightly,4,0.2875,0.46938775510204084,0.3784438775510204,Mid Value,0.75,0.6096938775510204,0.6096938775510204,0,Satisfied,Mid Loyalty
3065,22,Female,Belt,Accessories,76,Idaho,S,Cyan,Winter,3.6,No,Express,No,49,Bank Transfer,Quarterly,2,0.7,0.9795918367346939,0.8397959183673469,High Value,0.25,0.6147959183673469,0.6147959183673469,0,Unsatisfied,Mid Loyalty
3066,49,Female,Jacket,Outerwear,59,North Dakota,M,Beige,Fall,2.8,No,Store Pickup,No,7,Venmo,Fortnightly,4,0.4875,0.12244897959183673,0.30497448979591835,Low Value,0.75,0.4362244897959184,0.4362244897959184,0,Unsatisfied,Mid Loyalty
3067,58,Female,Skirt,Clothing,48,Michigan,L,Teal,Summer,4.3,No,Free Shipping,No,13,Venmo,Quarterly,2,0.35,0.24489795918367346,0.2974489795918367,Low Value,0.25,0.24744897959183673,0.24744897959183673,0,Satisfied,Low Loyalty
3068,70,Female,Belt,Accessories,22,Missouri,S,Gray,Spring,3.5,No,Free Shipping,No,2,Cash,Weekly,5,0.025,0.02040816326530612,0.022704081632653063,Low Value,1.0,0.5102040816326531,0.5102040816326531,0,Unsatisfied,Mid Loyalty
3069,32,Female,Boots,Footwear,40,California,M,Indigo,Winter,4.2,No,Express,No,4,Debit Card,Weekly,5,0.25,0.061224489795918366,0.1556122448979592,Low Value,1.0,0.5306122448979592,0.5306122448979592,0,Satisfied,Mid Loyalty
3070,62,Female,Jeans,Clothing,73,Delaware,L,Magenta,Spring,4.6,No,Express,No,17,Debit Card,Quarterly,2,0.6625,0.32653061224489793,0.494515306122449,Mid Value,0.25,0.28826530612244894,0.28826530612244894,0,Satisfied,Low Loyalty
3071,52,Female,Shoes,Footwear,26,Alabama,XL,Red,Fall,2.6,No,Free Shipping,No,43,PayPal,Fortnightly,4,0.075,0.8571428571428571,0.4660714285714285,Mid Value,0.75,0.8035714285714286,0.8035714285714286,0,Unsatisfied,High Loyalty
3072,23,Female,Sweater,Clothing,41,New Hampshire,L,Turquoise,Spring,3.4,No,Next Day Air,No,6,PayPal,Monthly,3,0.2625,0.10204081632653061,0.1822704081632653,Low Value,0.5,0.3010204081632653,0.3010204081632653,0,Unsatisfied,Low Loyalty
3073,26,Female,Jewelry,Accessories,98,New York,L,Peach,Spring,3.1,No,Standard,No,46,PayPal,Quarterly,2,0.975,0.9183673469387755,0.9466836734693878,High Value,0.25,0.5841836734693877,0.5841836734693877,0,Unsatisfied,Mid Loyalty
3074,58,Female,Shirt,Clothing,63,Oregon,L,White,Winter,3.6,No,Free Shipping,No,7,Debit Card,Fortnightly,4,0.5375,0.12244897959183673,0.32997448979591837,Low Value,0.75,0.4362244897959184,0.4362244897959184,0,Unsatisfied,Mid Loyalty
3075,26,Female,Boots,Footwear,55,Massachusetts,L,Maroon,Winter,4.2,No,Next Day Air,No,34,Debit Card,Fortnightly,4,0.4375,0.673469387755102,0.5554846938775511,Mid Value,0.75,0.7117346938775511,0.7117346938775511,0,Satisfied,High Loyalty
3076,54,Female,Shorts,Clothing,90,Utah,XL,Beige,Winter,3.6,No,Standard,No,21,PayPal,Quarterly,2,0.875,0.40816326530612246,0.6415816326530612,Mid Value,0.25,0.32908163265306123,0.32908163265306123,0,Unsatisfied,Low Loyalty
3077,66,Female,Handbag,Accessories,46,New Hampshire,M,Blue,Summer,3.6,No,Express,No,13,Venmo,Fortnightly,4,0.325,0.24489795918367346,0.28494897959183674,Low Value,0.75,0.49744897959183676,0.49744897959183676,0,Unsatisfied,Mid Loyalty
3078,60,Female,Sweater,Clothing,88,Illinois,S,Red,Spring,3.0,No,Store Pickup,No,33,Debit Card,Fortnightly,4,0.85,0.6530612244897959,0.7515306122448979,High Value,0.75,0.7015306122448979,0.7015306122448979,0,Unsatisfied,High Loyalty
3079,32,Female,Belt,Accessories,95,Alaska,M,Blue,Spring,2.5,No,2-Day Shipping,No,24,Bank Transfer,Fortnightly,4,0.9375,0.46938775510204084,0.7034438775510204,High Value,0.75,0.6096938775510204,0.6096938775510204,0,Unsatisfied,Mid Loyalty
3080,48,Female,Belt,Accessories,31,Wyoming,M,Maroon,Fall,4.0,No,Store Pickup,No,4,Bank Transfer,Annually,1,0.1375,0.061224489795918366,0.0993622448979592,Low Value,0.0,0.030612244897959183,0.030612244897959183,0,Satisfied,Low Loyalty
3081,69,Female,Hoodie,Clothing,42,Colorado,L,Yellow,Spring,4.1,No,Next Day Air,No,5,Cash,Fortnightly,4,0.275,0.08163265306122448,0.17831632653061225,Low Value,0.75,0.41581632653061223,0.41581632653061223,0,Satisfied,Mid Loyalty
3082,64,Female,Sneakers,Footwear,44,Vermont,L,Pink,Winter,4.9,No,Next Day Air,No,11,Credit Card,Weekly,5,0.3,0.20408163265306123,0.25204081632653064,Low Value,1.0,0.6020408163265306,0.6020408163265306,0,Satisfied,Mid Loyalty
3083,56,Female,T-shirt,Clothing,99,Utah,M,Maroon,Spring,4.0,No,Next Day Air,No,20,Bank Transfer,Annually,1,0.9875,0.3877551020408163,0.6876275510204082,High Value,0.0,0.19387755102040816,0.19387755102040816,0,Satisfied,Low Loyalty
3084,22,Female,Pants,Clothing,20,Illinois,S,Purple,Summer,3.5,No,Store Pickup,No,28,PayPal,Quarterly,2,0.0,0.5510204081632653,0.2755102040816326,Low Value,0.25,0.4005102040816326,0.4005102040816326,0,Unsatisfied,Mid Loyalty
3085,46,Female,Scarf,Accessories,37,Idaho,S,Indigo,Spring,3.2,No,Store Pickup,No,43,PayPal,Monthly,3,0.2125,0.8571428571428571,0.5348214285714286,Mid Value,0.5,0.6785714285714286,0.6785714285714286,0,Unsatisfied,High Loyalty
3086,24,Female,Sweater,Clothing,50,Nevada,L,Gray,Winter,2.8,No,Store Pickup,No,10,Venmo,Quarterly,2,0.375,0.1836734693877551,0.27933673469387754,Low Value,0.25,0.21683673469387754,0.21683673469387754,0,Unsatisfied,Low Loyalty
3087,47,Female,Handbag,Accessories,73,Utah,M,Lavender,Summer,3.5,No,Next Day Air,No,26,Venmo,Quarterly,2,0.6625,0.5102040816326531,0.5863520408163265,Mid Value,0.25,0.38010204081632654,0.38010204081632654,0,Unsatisfied,Mid Loyalty
3088,62,Female,Shirt,Clothing,84,North Carolina,M,Charcoal,Spring,3.1,No,Free Shipping,No,29,Bank Transfer,Monthly,3,0.8,0.5714285714285714,0.6857142857142857,High Value,0.5,0.5357142857142857,0.5357142857142857,0,Unsatisfied,Mid Loyalty
3089,34,Female,Dress,Clothing,64,Arkansas,M,Teal,Spring,3.3,No,Store Pickup,No,35,Bank Transfer,Quarterly,2,0.55,0.6938775510204082,0.6219387755102042,Mid Value,0.25,0.4719387755102041,0.4719387755102041,0,Unsatisfied,Mid Loyalty
3090,50,Female,Sandals,Footwear,21,North Carolina,L,Blue,Fall,4.6,No,Free Shipping,No,23,Cash,Fortnightly,4,0.0125,0.4489795918367347,0.23073979591836735,Low Value,0.75,0.5994897959183674,0.5994897959183674,0,Satisfied,Mid Loyalty
3091,29,Female,Shirt,Clothing,36,Texas,M,Peach,Summer,4.9,No,Store Pickup,No,15,Bank Transfer,Quarterly,2,0.2,0.2857142857142857,0.24285714285714285,Low Value,0.25,0.26785714285714285,0.26785714285714285,0,Satisfied,Low Loyalty
3092,68,Female,Dress,Clothing,81,Nevada,L,Orange,Winter,3.4,No,2-Day Shipping,No,46,Credit Card,Annually,1,0.7625,0.9183673469387755,0.8404336734693878,High Value,0.0,0.45918367346938777,0.45918367346938777,0,Unsatisfied,Mid Loyalty
3093,52,Female,Sunglasses,Accessories,54,Utah,L,Silver,Fall,3.5,No,Next Day Air,No,14,Bank Transfer,Fortnightly,4,0.425,0.2653061224489796,0.3451530612244898,Mid Value,0.75,0.5076530612244898,0.5076530612244898,0,Unsatisfied,Mid Loyalty
3094,29,Female,Socks,Clothing,63,Pennsylvania,L,Red,Summer,4.8,No,Store Pickup,No,17,Cash,Quarterly,2,0.5375,0.32653061224489793,0.432015306122449,Mid Value,0.25,0.28826530612244894,0.28826530612244894,0,Satisfied,Low Loyalty
3095,22,Female,Sandals,Footwear,59,Georgia,M,Gray,Summer,2.7,No,Store Pickup,No,9,Cash,Weekly,5,0.4875,0.16326530612244897,0.3253826530612245,Low Value,1.0,0.5816326530612245,0.5816326530612245,0,Unsatisfied,Mid Loyalty
3096,62,Female,Hat,Accessories,53,Minnesota,S,Beige,Fall,3.4,No,Standard,No,13,Venmo,Fortnightly,4,0.4125,0.24489795918367346,0.3286989795918367,Low Value,0.75,0.49744897959183676,0.49744897959183676,0,Unsatisfied,Mid Loyalty
3097,69,Female,Shirt,Clothing,63,Kansas,L,White,Winter,3.5,No,Next Day Air,No,20,Bank Transfer,Monthly,3,0.5375,0.3877551020408163,0.46262755102040815,Mid Value,0.5,0.44387755102040816,0.44387755102040816,0,Unsatisfied,Mid Loyalty
3098,48,Female,Shoes,Footwear,33,Delaware,M,Silver,Fall,3.7,No,Free Shipping,No,39,Bank Transfer,Quarterly,2,0.1625,0.7755102040816326,0.4690051020408163,Mid Value,0.25,0.5127551020408163,0.5127551020408163,0,Unsatisfied,Mid Loyalty
3099,66,Female,Pants,Clothing,64,New Mexico,L,Cyan,Summer,3.3,No,Next Day Air,No,50,Bank Transfer,Quarterly,2,0.55,1.0,0.775,High Value,0.25,0.625,0.625,0,Unsatisfied,Mid Loyalty
3100,42,Female,Shirt,Clothing,98,Michigan,S,Maroon,Fall,2.9,No,Free Shipping,No,21,Bank Transfer,Fortnightly,4,0.975,0.40816326530612246,0.6915816326530613,High Value,0.75,0.5790816326530612,0.5790816326530612,0,Unsatisfied,Mid Loyalty
3101,50,Female,Hat,Accessories,85,Vermont,L,Purple,Winter,3.9,No,Express,No,3,Bank Transfer,Weekly,5,0.8125,0.04081632653061224,0.42665816326530615,Mid Value,1.0,0.5204081632653061,0.5204081632653061,0,Satisfied,Mid Loyalty
3102,32,Female,Jewelry,Accessories,82,Idaho,S,Brown,Summer,2.7,No,Express,No,9,PayPal,Fortnightly,4,0.775,0.16326530612244897,0.4691326530612245,Mid Value,0.75,0.45663265306122447,0.45663265306122447,0,Unsatisfied,Mid Loyalty
3103,51,Female,Jacket,Outerwear,85,South Dakota,M,Green,Summer,4.3,No,Standard,No,29,Cash,Fortnightly,4,0.8125,0.5714285714285714,0.6919642857142857,High Value,0.75,0.6607142857142857,0.6607142857142857,0,Satisfied,Mid Loyalty
3104,27,Female,Shirt,Clothing,37,Illinois,S,Peach,Winter,3.0,No,2-Day Shipping,No,42,Bank Transfer,Weekly,5,0.2125,0.8367346938775511,0.5246173469387755,Mid Value,1.0,0.9183673469387755,0.9183673469387755,0,Unsatisfied,High Loyalty
3105,43,Female,Pants,Clothing,56,Georgia,S,Turquoise,Summer,5.0,No,2-Day Shipping,No,41,Debit Card,Fortnightly,4,0.45,0.8163265306122449,0.6331632653061224,Mid Value,0.75,0.7831632653061225,0.7831632653061225,0,Satisfied,High Loyalty
3106,48,Female,Skirt,Clothing,33,Oregon,M,Olive,Fall,2.7,No,Express,No,17,Debit Card,Monthly,3,0.1625,0.32653061224489793,0.24451530612244898,Low Value,0.5,0.41326530612244894,0.41326530612244894,0,Unsatisfied,Mid Loyalty
3107,62,Female,Sandals,Footwear,57,Alabama,M,Yellow,Winter,4.7,No,Next Day Air,No,20,PayPal,Annually,1,0.4625,0.3877551020408163,0.42512755102040817,Mid Value,0.0,0.19387755102040816,0.19387755102040816,0,Satisfied,Low Loyalty
3108,65,Female,Blouse,Clothing,31,Hawaii,L,Gray,Winter,4.6,No,Standard,No,18,Credit Card,Fortnightly,4,0.1375,0.3469387755102041,0.24221938775510204,Low Value,0.75,0.548469387755102,0.548469387755102,0,Satisfied,Mid Loyalty
3109,50,Female,Socks,Clothing,69,Oregon,M,Purple,Fall,3.2,No,2-Day Shipping,No,7,PayPal,Monthly,3,0.6125,0.12244897959183673,0.3674744897959184,Mid Value,0.5,0.3112244897959184,0.3112244897959184,0,Unsatisfied,Low Loyalty
3110,60,Female,Jacket,Outerwear,92,Illinois,M,Gray,Winter,4.3,No,Free Shipping,No,47,Bank Transfer,Fortnightly,4,0.9,0.9387755102040817,0.9193877551020408,High Value,0.75,0.8443877551020409,0.8443877551020409,0,Satisfied,High Loyalty
3111,19,Female,Handbag,Accessories,46,Texas,L,Lavender,Fall,4.6,No,Next Day Air,No,2,Bank Transfer,Fortnightly,4,0.325,0.02040816326530612,0.17270408163265308,Low Value,0.75,0.3852040816326531,0.3852040816326531,0,Satisfied,Mid Loyalty
3112,21,Female,Belt,Accessories,81,Kansas,XL,Indigo,Spring,4.9,No,Free Shipping,No,25,Debit Card,Quarterly,2,0.7625,0.4897959183673469,0.6261479591836734,Mid Value,0.25,0.36989795918367346,0.36989795918367346,0,Satisfied,Mid Loyalty
3113,19,Female,Blouse,Clothing,97,Texas,S,Green,Fall,3.8,No,Express,No,26,Venmo,Annually,1,0.9625,0.5102040816326531,0.7363520408163265,High Value,0.0,0.25510204081632654,0.25510204081632654,0,Unsatisfied,Low Loyalty
3114,46,Female,Shirt,Clothing,93,Nebraska,L,Green,Summer,2.6,No,Express,No,2,Debit Card,Weekly,5,0.9125,0.02040816326530612,0.46645408163265306,Mid Value,1.0,0.5102040816326531,0.5102040816326531,0,Unsatisfied,Mid Loyalty
3115,21,Female,Handbag,Accessories,56,Arkansas,M,Olive,Spring,4.7,No,Store Pickup,No,45,Venmo,Fortnightly,4,0.45,0.8979591836734694,0.6739795918367347,High Value,0.75,0.8239795918367347,0.8239795918367347,0,Satisfied,High Loyalty
3116,26,Female,Scarf,Accessories,53,South Dakota,M,Charcoal,Fall,4.1,No,Free Shipping,No,9,Bank Transfer,Fortnightly,4,0.4125,0.16326530612244897,0.28788265306122446,Low Value,0.75,0.45663265306122447,0.45663265306122447,0,Satisfied,Mid Loyalty
3117,50,Female,Coat,Outerwear,66,Montana,L,Gray,Spring,3.7,No,Store Pickup,No,1,Venmo,Weekly,5,0.575,0.0,0.2875,Low Value,1.0,0.5,0.5,0,Unsatisfied,Mid Loyalty
3118,43,Female,Hoodie,Clothing,50,Florida,M,Olive,Fall,3.0,No,Free Shipping,No,4,PayPal,Fortnightly,4,0.375,0.061224489795918366,0.2181122448979592,Low Value,0.75,0.40561224489795916,0.40561224489795916,0,Unsatisfied,Mid Loyalty
3119,61,Female,Shorts,Clothing,97,Virginia,L,Blue,Summer,4.7,No,Standard,No,31,Debit Card,Quarterly,2,0.9625,0.6122448979591837,0.7873724489795919,High Value,0.25,0.43112244897959184,0.43112244897959184,0,Satisfied,Mid Loyalty
3120,63,Female,Sandals,Footwear,79,Louisiana,XL,Silver,Winter,4.7,No,2-Day Shipping,No,21,Credit Card,Quarterly,2,0.7375,0.40816326530612246,0.5728316326530613,Mid Value,0.25,0.32908163265306123,0.32908163265306123,0,Satisfied,Low Loyalty
3121,46,Female,Shirt,Clothing,76,Louisiana,M,Magenta,Fall,4.0,No,Store Pickup,No,32,Debit Card,Fortnightly,4,0.7,0.6326530612244898,0.6663265306122449,Mid Value,0.75,0.6913265306122449,0.6913265306122449,0,Satisfied,High Loyalty
3122,63,Female,Hoodie,Clothing,38,Louisiana,L,Black,Fall,2.6,No,Standard,No,16,Venmo,Weekly,5,0.225,0.30612244897959184,0.2655612244897959,Low Value,1.0,0.653061224489796,0.653061224489796,0,Unsatisfied,Mid Loyalty
3123,23,Female,Socks,Clothing,45,Georgia,M,Pink,Fall,3.0,No,Express,No,34,Credit Card,Fortnightly,4,0.3125,0.673469387755102,0.492984693877551,Mid Value,0.75,0.7117346938775511,0.7117346938775511,0,Unsatisfied,High Loyalty
3124,57,Female,Handbag,Accessories,77,Iowa,XL,Red,Fall,3.3,No,Next Day Air,No,40,Venmo,Fortnightly,4,0.7125,0.7959183673469388,0.7542091836734695,High Value,0.75,0.7729591836734694,0.7729591836734694,0,Unsatisfied,High Loyalty
3125,57,Female,Jewelry,Accessories,51,California,M,Peach,Summer,3.4,No,Standard,No,4,Cash,Quarterly,2,0.3875,0.061224489795918366,0.2243622448979592,Low Value,0.25,0.1556122448979592,0.1556122448979592,0,Unsatisfied,Low Loyalty
3126,33,Female,Coat,Outerwear,26,Oregon,L,Lavender,Spring,4.0,No,Standard,No,3,Cash,Quarterly,2,0.075,0.04081632653061224,0.05790816326530612,Low Value,0.25,0.14540816326530612,0.14540816326530612,0,Satisfied,Low Loyalty
3127,57,Female,Sunglasses,Accessories,76,Maine,L,Lavender,Winter,2.6,No,Store Pickup,No,28,Bank Transfer,Fortnightly,4,0.7,0.5510204081632653,0.6255102040816326,Mid Value,0.75,0.6505102040816326,0.6505102040816326,0,Unsatisfied,Mid Loyalty
3128,55,Female,Gloves,Accessories,94,Louisiana,M,Beige,Winter,3.4,No,Free Shipping,No,43,Credit Card,Quarterly,2,0.925,0.8571428571428571,0.8910714285714285,High Value,0.25,0.5535714285714286,0.5535714285714286,0,Unsatisfied,Mid Loyalty
3129,65,Female,Jacket,Outerwear,32,Arkansas,S,Indigo,Fall,4.4,No,Standard,No,20,Cash,Annually,1,0.15,0.3877551020408163,0.26887755102040817,Low Value,0.0,0.19387755102040816,0.19387755102040816,0,Satisfied,Low Loyalty
3130,60,Female,Sandals,Footwear,20,Maryland,S,Cyan,Summer,4.7,No,Express,No,40,Venmo,Quarterly,2,0.0,0.7959183673469388,0.3979591836734694,Mid Value,0.25,0.5229591836734694,0.5229591836734694,0,Satisfied,Mid Loyalty
3131,52,Female,Pants,Clothing,20,Vermont,M,Yellow,Summer,4.5,No,Store Pickup,No,34,Venmo,Quarterly,2,0.0,0.673469387755102,0.336734693877551,Low Value,0.25,0.461734693877551,0.461734693877551,0,Satisfied,Mid Loyalty
3132,34,Female,Jacket,Outerwear,59,North Dakota,M,Peach,Fall,2.9,No,Store Pickup,No,11,Bank Transfer,Quarterly,2,0.4875,0.20408163265306123,0.34579081632653064,Mid Value,0.25,0.22704081632653061,0.22704081632653061,0,Unsatisfied,Low Loyalty
3133,33,Female,Sweater,Clothing,97,Michigan,M,Yellow,Summer,4.2,No,Express,No,26,Cash,Quarterly,2,0.9625,0.5102040816326531,0.7363520408163265,High Value,0.25,0.38010204081632654,0.38010204081632654,0,Satisfied,Mid Loyalty
3134,58,Female,T-shirt,Clothing,68,Arkansas,M,Orange,Spring,4.1,No,Next Day Air,No,29,Cash,Fortnightly,4,0.6,0.5714285714285714,0.5857142857142856,Mid Value,0.75,0.6607142857142857,0.6607142857142857,0,Satisfied,Mid Loyalty
3135,35,Female,Boots,Footwear,66,Kentucky,L,Gray,Spring,4.4,No,Store Pickup,No,47,Bank Transfer,Weekly,5,0.575,0.9387755102040817,0.7568877551020408,High Value,1.0,0.9693877551020409,0.9693877551020409,0,Satisfied,High Loyalty
3136,68,Female,Shoes,Footwear,85,Indiana,L,Yellow,Spring,4.7,No,Free Shipping,No,48,Venmo,Fortnightly,4,0.8125,0.9591836734693877,0.8858418367346939,High Value,0.75,0.8545918367346939,0.8545918367346939,0,Satisfied,High Loyalty
3137,58,Female,Skirt,Clothing,32,Minnesota,M,Gray,Fall,3.1,No,Next Day Air,No,29,Cash,Fortnightly,4,0.15,0.5714285714285714,0.3607142857142857,Mid Value,0.75,0.6607142857142857,0.6607142857142857,0,Unsatisfied,Mid Loyalty
3138,34,Female,Coat,Outerwear,44,Louisiana,M,Turquoise,Spring,2.7,No,2-Day Shipping,No,14,Bank Transfer,Monthly,3,0.3,0.2653061224489796,0.2826530612244898,Low Value,0.5,0.38265306122448983,0.38265306122448983,0,Unsatisfied,Mid Loyalty
3139,47,Female,Blouse,Clothing,95,Kentucky,L,Gray,Fall,4.6,No,Next Day Air,No,40,Cash,Quarterly,2,0.9375,0.7959183673469388,0.8667091836734694,High Value,0.25,0.5229591836734694,0.5229591836734694,0,Satisfied,Mid Loyalty
3140,35,Female,Sunglasses,Accessories,85,Georgia,M,Olive,Winter,4.4,No,Next Day Air,No,4,Venmo,Weekly,5,0.8125,0.061224489795918366,0.43686224489795916,Mid Value,1.0,0.5306122448979592,0.5306122448979592,0,Satisfied,Mid Loyalty
3141,34,Female,Gloves,Accessories,44,Alaska,XL,Peach,Summer,4.6,No,Free Shipping,No,37,Bank Transfer,Weekly,5,0.3,0.7346938775510204,0.5173469387755102,Mid Value,1.0,0.8673469387755102,0.8673469387755102,0,Satisfied,High Loyalty
3142,36,Female,Sunglasses,Accessories,30,Mississippi,S,Peach,Winter,4.9,No,Express,No,47,Credit Card,Fortnightly,4,0.125,0.9387755102040817,0.5318877551020409,Mid Value,0.75,0.8443877551020409,0.8443877551020409,0,Satisfied,High Loyalty
3143,23,Female,Sneakers,Footwear,21,Kansas,L,Magenta,Winter,4.0,No,2-Day Shipping,No,1,Venmo,Quarterly,2,0.0125,0.0,0.00625,Low Value,0.25,0.125,0.125,0,Satisfied,Low Loyalty
3144,68,Female,Hoodie,Clothing,22,Arizona,M,Purple,Summer,2.9,No,Store Pickup,No,26,Cash,Quarterly,2,0.025,0.5102040816326531,0.26760204081632655,Low Value,0.25,0.38010204081632654,0.38010204081632654,0,Unsatisfied,Mid Loyalty
3145,23,Female,Boots,Footwear,70,Maine,L,Beige,Spring,2.6,No,Free Shipping,No,12,Debit Card,Quarterly,2,0.625,0.22448979591836735,0.4247448979591837,Mid Value,0.25,0.2372448979591837,0.2372448979591837,0,Unsatisfied,Low Loyalty
3146,57,Female,Handbag,Accessories,29,Texas,XL,Purple,Spring,4.6,No,Standard,No,16,PayPal,Fortnightly,4,0.1125,0.30612244897959184,0.20931122448979592,Low Value,0.75,0.528061224489796,0.528061224489796,0,Satisfied,Mid Loyalty
3147,21,Female,Shirt,Clothing,83,Virginia,S,Yellow,Winter,4.9,No,Free Shipping,No,19,PayPal,Annually,1,0.7875,0.3673469387755102,0.5774234693877551,Mid Value,0.0,0.1836734693877551,0.1836734693877551,0,Satisfied,Low Loyalty
3148,45,Female,Sweater,Clothing,99,North Dakota,M,Pink,Winter,4.3,No,Express,No,21,Credit Card,Weekly,5,0.9875,0.40816326530612246,0.6978316326530613,High Value,1.0,0.7040816326530612,0.7040816326530612,0,Satisfied,High Loyalty
3149,37,Female,Shorts,Clothing,35,West Virginia,L,Purple,Fall,4.3,No,Free Shipping,No,15,Venmo,Weekly,5,0.1875,0.2857142857142857,0.23660714285714285,Low Value,1.0,0.6428571428571428,0.6428571428571428,0,Satisfied,Mid Loyalty
3150,18,Female,Belt,Accessories,40,North Carolina,M,Lavender,Winter,4.6,No,Free Shipping,No,9,Venmo,Annually,1,0.25,0.16326530612244897,0.20663265306122447,Low Value,0.0,0.08163265306122448,0.08163265306122448,0,Satisfied,Low Loyalty
3151,55,Female,Blouse,Clothing,25,Georgia,M,Peach,Spring,2.6,No,Express,No,7,Bank Transfer,Fortnightly,4,0.0625,0.12244897959183673,0.09247448979591837,Low Value,0.75,0.4362244897959184,0.4362244897959184,0,Unsatisfied,Mid Loyalty
3152,52,Female,T-shirt,Clothing,64,New Mexico,L,Orange,Fall,3.1,No,2-Day Shipping,No,47,Bank Transfer,Quarterly,2,0.55,0.9387755102040817,0.7443877551020408,High Value,0.25,0.5943877551020409,0.5943877551020409,0,Unsatisfied,Mid Loyalty
3153,49,Female,Belt,Accessories,90,North Carolina,M,Red,Fall,3.1,No,Store Pickup,No,17,PayPal,Monthly,3,0.875,0.32653061224489793,0.6007653061224489,Mid Value,0.5,0.41326530612244894,0.41326530612244894,0,Unsatisfied,Mid Loyalty
3154,56,Female,Socks,Clothing,88,Alabama,L,Red,Fall,3.1,No,Next Day Air,No,46,Venmo,Fortnightly,4,0.85,0.9183673469387755,0.8841836734693878,High Value,0.75,0.8341836734693877,0.8341836734693877,0,Unsatisfied,High Loyalty
3155,27,Female,Belt,Accessories,55,Connecticut,M,Gold,Winter,4.4,No,Standard,No,32,Cash,Quarterly,2,0.4375,0.6326530612244898,0.5350765306122449,Mid Value,0.25,0.4413265306122449,0.4413265306122449,0,Satisfied,Mid Loyalty
3156,22,Female,Handbag,Accessories,90,Montana,M,Brown,Fall,4.3,No,Free Shipping,No,34,Cash,Annually,1,0.875,0.673469387755102,0.7742346938775511,High Value,0.0,0.336734693877551,0.336734693877551,0,Satisfied,Mid Loyalty
3157,18,Female,Shirt,Clothing,50,Montana,M,Black,Winter,3.1,No,2-Day Shipping,No,18,Cash,Monthly,3,0.375,0.3469387755102041,0.360969387755102,Mid Value,0.5,0.423469387755102,0.423469387755102,0,Unsatisfied,Mid Loyalty
3158,21,Female,Belt,Accessories,34,Maine,L,Red,Fall,3.1,No,Store Pickup,No,5,Debit Card,Fortnightly,4,0.175,0.08163265306122448,0.12831632653061223,Low Value,0.75,0.41581632653061223,0.41581632653061223,0,Unsatisfied,Mid Loyalty
3159,30,Female,Jewelry,Accessories,77,Mississippi,M,Gray,Winter,4.9,No,2-Day Shipping,No,44,Credit Card,Monthly,3,0.7125,0.8775510204081632,0.7950255102040816,High Value,0.5,0.6887755102040816,0.6887755102040816,0,Satisfied,High Loyalty
3160,62,Female,Hat,Accessories,89,Louisiana,L,Pink,Winter,2.9,No,Store Pickup,No,4,Bank Transfer,Quarterly,2,0.8625,0.061224489795918366,0.4618622448979592,Mid Value,0.25,0.1556122448979592,0.1556122448979592,0,Unsatisfied,Low Loyalty
3161,28,Female,Backpack,Accessories,87,Nebraska,XL,Turquoise,Fall,3.8,No,Next Day Air,No,37,Cash,Fortnightly,4,0.8375,0.7346938775510204,0.7860969387755102,High Value,0.75,0.7423469387755102,0.7423469387755102,0,Unsatisfied,High Loyalty
3162,66,Female,Dress,Clothing,77,Massachusetts,S,Charcoal,Winter,4.2,No,2-Day Shipping,No,43,Cash,Monthly,3,0.7125,0.8571428571428571,0.7848214285714286,High Value,0.5,0.6785714285714286,0.6785714285714286,0,Satisfied,High Loyalty
3163,66,Female,Shoes,Footwear,85,Wisconsin,L,Blue,Winter,3.9,No,Standard,No,28,Bank Transfer,Quarterly,2,0.8125,0.5510204081632653,0.6817602040816326,High Value,0.25,0.4005102040816326,0.4005102040816326,0,Satisfied,Mid Loyalty
3164,49,Female,Pants,Clothing,66,Nebraska,XL,Turquoise,Summer,2.8,No,Express,No,36,Cash,Monthly,3,0.575,0.7142857142857143,0.6446428571428571,Mid Value,0.5,0.6071428571428572,0.6071428571428572,0,Unsatisfied,Mid Loyalty
3165,40,Female,Dress,Clothing,32,Arizona,L,Silver,Winter,2.6,No,Standard,No,16,Credit Card,Annually,1,0.15,0.30612244897959184,0.22806122448979593,Low Value,0.0,0.15306122448979592,0.15306122448979592,0,Unsatisfied,Low Loyalty
3166,49,Female,Jacket,Outerwear,92,Hawaii,M,Lavender,Spring,3.0,No,Store Pickup,No,38,Bank Transfer,Quarterly,2,0.9,0.7551020408163265,0.8275510204081633,High Value,0.25,0.5025510204081632,0.5025510204081632,0,Unsatisfied,Mid Loyalty
3167,19,Female,Shirt,Clothing,80,Georgia,M,Gold,Winter,2.7,No,Next Day Air,No,37,Bank Transfer,Fortnightly,4,0.75,0.7346938775510204,0.7423469387755102,High Value,0.75,0.7423469387755102,0.7423469387755102,0,Unsatisfied,High Loyalty
3168,24,Female,Dress,Clothing,78,Oregon,M,Blue,Fall,2.8,No,2-Day Shipping,No,9,Cash,Fortnightly,4,0.725,0.16326530612244897,0.44413265306122446,Mid Value,0.75,0.45663265306122447,0.45663265306122447,0,Unsatisfied,Mid Loyalty
3169,31,Female,Jeans,Clothing,24,Montana,M,Orange,Spring,2.9,No,2-Day Shipping,No,14,PayPal,Fortnightly,4,0.05,0.2653061224489796,0.1576530612244898,Low Value,0.75,0.5076530612244898,0.5076530612244898,0,Unsatisfied,Mid Loyalty
3170,35,Female,T-shirt,Clothing,59,Georgia,M,White,Fall,3.8,No,Free Shipping,No,3,Venmo,Weekly,5,0.4875,0.04081632653061224,0.2641581632653061,Low Value,1.0,0.5204081632653061,0.5204081632653061,0,Unsatisfied,Mid Loyalty
3171,65,Female,Sunglasses,Accessories,41,Rhode Island,XL,Charcoal,Spring,4.4,No,Express,No,10,Credit Card,Fortnightly,4,0.2625,0.1836734693877551,0.22308673469387758,Low Value,0.75,0.46683673469387754,0.46683673469387754,0,Satisfied,Mid Loyalty
3172,68,Female,Jewelry,Accessories,26,Tennessee,M,Maroon,Spring,3.1,No,Express,No,26,Bank Transfer,Fortnightly,4,0.075,0.5102040816326531,0.2926020408163265,Low Value,0.75,0.6301020408163265,0.6301020408163265,0,Unsatisfied,Mid Loyalty
3173,57,Female,Socks,Clothing,52,Missouri,M,Olive,Fall,3.7,No,Standard,No,30,Debit Card,Fortnightly,4,0.4,0.5918367346938775,0.4959183673469388,Mid Value,0.75,0.6709183673469388,0.6709183673469388,0,Unsatisfied,High Loyalty
3174,69,Female,Skirt,Clothing,46,Washington,L,Teal,Summer,4.9,No,Next Day Air,No,32,PayPal,Fortnightly,4,0.325,0.6326530612244898,0.4788265306122449,Mid Value,0.75,0.6913265306122449,0.6913265306122449,0,Satisfied,High Loyalty
3175,45,Female,Pants,Clothing,52,Oklahoma,L,Orange,Winter,3.8,No,Store Pickup,No,35,PayPal,Monthly,3,0.4,0.6938775510204082,0.5469387755102041,Mid Value,0.5,0.596938775510204,0.596938775510204,0,Unsatisfied,Mid Loyalty
3176,35,Female,Socks,Clothing,42,Connecticut,M,Maroon,Fall,3.4,No,Store Pickup,No,26,Debit Card,Quarterly,2,0.275,0.5102040816326531,0.39260204081632655,Mid Value,0.25,0.38010204081632654,0.38010204081632654,0,Unsatisfied,Mid Loyalty
3177,36,Female,Sandals,Footwear,37,Arkansas,XL,Turquoise,Spring,4.6,No,2-Day Shipping,No,39,Credit Card,Monthly,3,0.2125,0.7755102040816326,0.4940051020408163,Mid Value,0.5,0.6377551020408163,0.6377551020408163,0,Satisfied,Mid Loyalty
3178,55,Female,Belt,Accessories,52,Missouri,L,Beige,Fall,3.2,No,Standard,No,31,Credit Card,Monthly,3,0.4,0.6122448979591837,0.5061224489795919,Mid Value,0.5,0.5561224489795918,0.5561224489795918,0,Unsatisfied,Mid Loyalty
3179,66,Female,Sandals,Footwear,34,Washington,L,Beige,Spring,2.7,No,Free Shipping,No,28,Credit Card,Annually,1,0.175,0.5510204081632653,0.36301020408163265,Mid Value,0.0,0.2755102040816326,0.2755102040816326,0,Unsatisfied,Low Loyalty
3180,57,Female,Shorts,Clothing,88,Idaho,M,Olive,Spring,4.3,No,Free Shipping,No,12,Debit Card,Fortnightly,4,0.85,0.22448979591836735,0.5372448979591836,Mid Value,0.75,0.4872448979591837,0.4872448979591837,0,Satisfied,Mid Loyalty
3181,18,Female,Handbag,Accessories,88,Montana,L,Turquoise,Fall,3.8,No,Standard,No,46,PayPal,Weekly,5,0.85,0.9183673469387755,0.8841836734693878,High Value,1.0,0.9591836734693877,0.9591836734693877,0,Unsatisfied,High Loyalty
3182,31,Female,Jacket,Outerwear,51,Montana,M,Charcoal,Summer,4.4,No,Free Shipping,No,27,PayPal,Quarterly,2,0.3875,0.5306122448979592,0.45905612244897964,Mid Value,0.25,0.3903061224489796,0.3903061224489796,0,Satisfied,Mid Loyalty
3183,50,Female,Sunglasses,Accessories,97,Georgia,L,Green,Fall,3.6,No,Free Shipping,No,4,Credit Card,Annually,1,0.9625,0.061224489795918366,0.5118622448979592,Mid Value,0.0,0.030612244897959183,0.030612244897959183,0,Unsatisfied,Low Loyalty
3184,50,Female,Sneakers,Footwear,56,Mississippi,M,Green,Winter,3.5,No,Standard,No,14,Cash,Quarterly,2,0.45,0.2653061224489796,0.3576530612244898,Mid Value,0.25,0.25765306122448983,0.25765306122448983,0,Unsatisfied,Low Loyalty
3185,61,Female,Sweater,Clothing,53,Hawaii,L,Green,Spring,4.2,No,2-Day Shipping,No,30,Venmo,Quarterly,2,0.4125,0.5918367346938775,0.5021683673469388,Mid Value,0.25,0.42091836734693877,0.42091836734693877,0,Satisfied,Mid Loyalty
3186,52,Female,Skirt,Clothing,71,Ohio,L,Gold,Fall,4.7,No,Express,No,6,PayPal,Annually,1,0.6375,0.10204081632653061,0.3697704081632653,Mid Value,0.0,0.05102040816326531,0.05102040816326531,0,Satisfied,Low Loyalty
3187,38,Female,Jewelry,Accessories,93,Virginia,S,Cyan,Winter,4.8,No,Store Pickup,No,43,Venmo,Annually,1,0.9125,0.8571428571428571,0.8848214285714285,High Value,0.0,0.42857142857142855,0.42857142857142855,0,Satisfied,Mid Loyalty
3188,67,Female,Blouse,Clothing,72,Texas,L,Indigo,Winter,3.2,No,Free Shipping,No,28,Debit Card,Weekly,5,0.65,0.5510204081632653,0.6005102040816326,Mid Value,1.0,0.7755102040816326,0.7755102040816326,0,Unsatisfied,High Loyalty
3189,42,Female,Blouse,Clothing,59,Vermont,M,Lavender,Winter,3.5,No,Standard,No,39,Bank Transfer,Monthly,3,0.4875,0.7755102040816326,0.6315051020408163,Mid Value,0.5,0.6377551020408163,0.6377551020408163,0,Unsatisfied,Mid Loyalty
3190,25,Female,Boots,Footwear,87,Kansas,M,Beige,Summer,4.2,No,Store Pickup,No,30,PayPal,Fortnightly,4,0.8375,0.5918367346938775,0.7146683673469387,High Value,0.75,0.6709183673469388,0.6709183673469388,0,Satisfied,High Loyalty
3191,41,Female,Jeans,Clothing,78,California,S,Purple,Fall,3.4,No,Free Shipping,No,5,Credit Card,Fortnightly,4,0.725,0.08163265306122448,0.4033163265306122,Mid Value,0.75,0.41581632653061223,0.41581632653061223,0,Unsatisfied,Mid Loyalty
3192,62,Female,Hoodie,Clothing,68,Mississippi,XL,Maroon,Winter,4.7,No,Store Pickup,No,42,Credit Card,Quarterly,2,0.6,0.8367346938775511,0.7183673469387755,High Value,0.25,0.5433673469387755,0.5433673469387755,0,Satisfied,Mid Loyalty
3193,19,Female,Sweater,Clothing,76,Iowa,S,Maroon,Fall,3.0,No,Free Shipping,No,20,Cash,Fortnightly,4,0.7,0.3877551020408163,0.5438775510204081,Mid Value,0.75,0.5688775510204082,0.5688775510204082,0,Unsatisfied,Mid Loyalty
3194,63,Female,Gloves,Accessories,99,Virginia,L,Teal,Winter,4.0,No,Express,No,35,Credit Card,Fortnightly,4,0.9875,0.6938775510204082,0.8406887755102042,High Value,0.75,0.721938775510204,0.721938775510204,0,Satisfied,High Loyalty
3195,43,Female,Sneakers,Footwear,52,Maryland,L,Gold,Summer,4.6,No,Standard,No,10,Credit Card,Fortnightly,4,0.4,0.1836734693877551,0.29183673469387755,Low Value,0.75,0.46683673469387754,0.46683673469387754,0,Satisfied,Mid Loyalty
3196,68,Female,Sunglasses,Accessories,58,Missouri,S,Red,Spring,4.9,No,Next Day Air,No,36,Credit Card,Quarterly,2,0.475,0.7142857142857143,0.5946428571428571,Mid Value,0.25,0.48214285714285715,0.48214285714285715,0,Satisfied,Mid Loyalty
3197,24,Female,Belt,Accessories,59,Wisconsin,L,Maroon,Winter,2.8,No,Express,No,21,Debit Card,Fortnightly,4,0.4875,0.40816326530612246,0.44783163265306125,Mid Value,0.75,0.5790816326530612,0.5790816326530612,0,Unsatisfied,Mid Loyalty
3198,27,Female,Sweater,Clothing,71,Maine,M,Teal,Spring,3.2,No,Free Shipping,No,29,Credit Card,Quarterly,2,0.6375,0.5714285714285714,0.6044642857142857,Mid Value,0.25,0.4107142857142857,0.4107142857142857,0,Unsatisfied,Mid Loyalty
3199,61,Female,Gloves,Accessories,94,Pennsylvania,L,Peach,Winter,2.8,No,Free Shipping,No,39,Debit Card,Weekly,5,0.925,0.7755102040816326,0.8502551020408163,High Value,1.0,0.8877551020408163,0.8877551020408163,0,Unsatisfied,High Loyalty
3200,59,Female,Handbag,Accessories,40,Maine,XL,Pink,Winter,4.2,No,Express,No,16,PayPal,Monthly,3,0.25,0.30612244897959184,0.2780612244897959,Low Value,0.5,0.4030612244897959,0.4030612244897959,0,Satisfied,Mid Loyalty
3201,67,Female,Socks,Clothing,24,Missouri,L,Black,Spring,4.8,No,Free Shipping,No,32,Credit Card,Monthly,3,0.05,0.6326530612244898,0.34132653061224494,Mid Value,0.5,0.5663265306122449,0.5663265306122449,0,Satisfied,Mid Loyalty
3202,46,Female,Pants,Clothing,38,Vermont,S,Indigo,Fall,2.8,No,2-Day Shipping,No,34,Cash,Monthly,3,0.225,0.673469387755102,0.449234693877551,Mid Value,0.5,0.5867346938775511,0.5867346938775511,0,Unsatisfied,Mid Loyalty
3203,65,Female,Scarf,Accessories,37,Wisconsin,L,Green,Fall,4.5,No,Standard,No,38,Venmo,Annually,1,0.2125,0.7551020408163265,0.48380102040816325,Mid Value,0.0,0.37755102040816324,0.37755102040816324,0,Satisfied,Mid Loyalty
3204,63,Female,Coat,Outerwear,29,New Jersey,L,Teal,Spring,4.1,No,Express,No,14,Venmo,Annually,1,0.1125,0.2653061224489796,0.1889030612244898,Low Value,0.0,0.1326530612244898,0.1326530612244898,0,Satisfied,Low Loyalty
3205,57,Female,Jacket,Outerwear,92,New Mexico,XL,Lavender,Fall,4.3,No,Free Shipping,No,23,Debit Card,Fortnightly,4,0.9,0.4489795918367347,0.6744897959183673,High Value,0.75,0.5994897959183674,0.5994897959183674,0,Satisfied,Mid Loyalty
3206,40,Female,Hoodie,Clothing,24,Colorado,XL,Magenta,Fall,4.4,No,2-Day Shipping,No,50,Bank Transfer,Quarterly,2,0.05,1.0,0.525,Mid Value,0.25,0.625,0.625,0,Satisfied,Mid Loyalty
3207,36,Female,Boots,Footwear,52,California,M,Brown,Winter,3.0,No,Free Shipping,No,49,PayPal,Monthly,3,0.4,0.9795918367346939,0.689795918367347,High Value,0.5,0.7397959183673469,0.7397959183673469,0,Unsatisfied,High Loyalty
3208,67,Female,Socks,Clothing,29,Arizona,XL,Beige,Summer,2.7,No,Next Day Air,No,14,PayPal,Annually,1,0.1125,0.2653061224489796,0.1889030612244898,Low Value,0.0,0.1326530612244898,0.1326530612244898,0,Unsatisfied,Low Loyalty
3209,61,Female,Jewelry,Accessories,30,Indiana,L,Indigo,Winter,3.3,No,2-Day Shipping,No,42,PayPal,Weekly,5,0.125,0.8367346938775511,0.48086734693877553,Mid Value,1.0,0.9183673469387755,0.9183673469387755,0,Unsatisfied,High Loyalty
3210,64,Female,Shoes,Footwear,31,Arkansas,L,Peach,Fall,4.3,No,Standard,No,39,Debit Card,Annually,1,0.1375,0.7755102040816326,0.4565051020408163,Mid Value,0.0,0.3877551020408163,0.3877551020408163,0,Satisfied,Mid Loyalty
3211,30,Female,Socks,Clothing,67,Nevada,M,Magenta,Summer,2.9,No,Express,No,43,Venmo,Fortnightly,4,0.5875,0.8571428571428571,0.7223214285714286,High Value,0.75,0.8035714285714286,0.8035714285714286,0,Unsatisfied,High Loyalty
3212,53,Female,Pants,Clothing,65,Rhode Island,L,Turquoise,Winter,4.9,No,Standard,No,12,Cash,Monthly,3,0.5625,0.22448979591836735,0.3934948979591837,Mid Value,0.5,0.3622448979591837,0.3622448979591837,0,Satisfied,Mid Loyalty
3213,27,Female,Sneakers,Footwear,22,Wyoming,M,Indigo,Winter,3.6,No,2-Day Shipping,No,21,Debit Card,Weekly,5,0.025,0.40816326530612246,0.21658163265306124,Low Value,1.0,0.7040816326530612,0.7040816326530612,0,Unsatisfied,High Loyalty
3214,27,Female,Sunglasses,Accessories,56,Texas,M,Brown,Winter,3.3,No,Standard,No,33,Credit Card,Monthly,3,0.45,0.6530612244897959,0.551530612244898,Mid Value,0.5,0.5765306122448979,0.5765306122448979,0,Unsatisfied,Mid Loyalty
3215,53,Female,Skirt,Clothing,78,Washington,M,Yellow,Spring,3.1,No,Free Shipping,No,6,Debit Card,Annually,1,0.725,0.10204081632653061,0.4135204081632653,Mid Value,0.0,0.05102040816326531,0.05102040816326531,0,Unsatisfied,Low Loyalty
3216,34,Female,Coat,Outerwear,90,Rhode Island,M,Magenta,Summer,2.7,No,Free Shipping,No,10,PayPal,Quarterly,2,0.875,0.1836734693877551,0.5293367346938775,Mid Value,0.25,0.21683673469387754,0.21683673469387754,0,Unsatisfied,Low Loyalty
3217,39,Female,Hoodie,Clothing,85,Illinois,S,Olive,Winter,3.4,No,Next Day Air,No,18,Cash,Weekly,5,0.8125,0.3469387755102041,0.579719387755102,Mid Value,1.0,0.673469387755102,0.673469387755102,0,Unsatisfied,High Loyalty
3218,44,Female,Sunglasses,Accessories,58,Oregon,M,Silver,Fall,3.4,No,Express,No,46,Venmo,Weekly,5,0.475,0.9183673469387755,0.6966836734693878,High Value,1.0,0.9591836734693877,0.9591836734693877,0,Unsatisfied,High Loyalty
3219,37,Female,Skirt,Clothing,34,Florida,M,Teal,Fall,3.9,No,Express,No,49,PayPal,Monthly,3,0.175,0.9795918367346939,0.577295918367347,Mid Value,0.5,0.7397959183673469,0.7397959183673469,0,Satisfied,High Loyalty
3220,57,Female,Coat,Outerwear,40,Kansas,L,White,Summer,3.5,No,2-Day Shipping,No,39,Credit Card,Weekly,5,0.25,0.7755102040816326,0.5127551020408163,Mid Value,1.0,0.8877551020408163,0.8877551020408163,0,Unsatisfied,High Loyalty
3221,38,Female,Handbag,Accessories,29,North Dakota,M,Blue,Fall,4.1,No,Free Shipping,No,16,Cash,Monthly,3,0.1125,0.30612244897959184,0.20931122448979592,Low Value,0.5,0.4030612244897959,0.4030612244897959,0,Satisfied,Mid Loyalty
3222,21,Female,T-shirt,Clothing,76,New Hampshire,M,Yellow,Winter,3.2,No,Standard,No,28,Cash,Annually,1,0.7,0.5510204081632653,0.6255102040816326,Mid Value,0.0,0.2755102040816326,0.2755102040816326,0,Unsatisfied,Low Loyalty
3223,45,Female,Sunglasses,Accessories,84,Texas,S,Maroon,Fall,4.6,No,Store Pickup,No,22,PayPal,Quarterly,2,0.8,0.42857142857142855,0.6142857142857143,Mid Value,0.25,0.3392857142857143,0.3392857142857143,0,Satisfied,Mid Loyalty
3224,68,Female,Shirt,Clothing,65,Montana,S,Gray,Spring,3.9,No,Standard,No,36,Venmo,Fortnightly,4,0.5625,0.7142857142857143,0.6383928571428572,Mid Value,0.75,0.7321428571428572,0.7321428571428572,0,Satisfied,High Loyalty
3225,37,Female,Hoodie,Clothing,80,Delaware,L,Indigo,Winter,2.7,No,Free Shipping,No,18,PayPal,Monthly,3,0.75,0.3469387755102041,0.548469387755102,Mid Value,0.5,0.423469387755102,0.423469387755102,0,Unsatisfied,Mid Loyalty
3226,53,Female,Blouse,Clothing,98,New Hampshire,M,Pink,Fall,3.0,No,Store Pickup,No,31,Credit Card,Weekly,5,0.975,0.6122448979591837,0.7936224489795918,High Value,1.0,0.8061224489795918,0.8061224489795918,0,Unsatisfied,High Loyalty
3227,57,Female,Sneakers,Footwear,71,Minnesota,XL,Beige,Spring,3.3,No,Next Day Air,No,38,Bank Transfer,Fortnightly,4,0.6375,0.7551020408163265,0.6963010204081632,High Value,0.75,0.7525510204081632,0.7525510204081632,0,Unsatisfied,High Loyalty
3228,28,Female,Scarf,Accessories,69,Alaska,XL,White,Fall,2.7,No,Free Shipping,No,42,Debit Card,Quarterly,2,0.6125,0.8367346938775511,0.7246173469387756,High Value,0.25,0.5433673469387755,0.5433673469387755,0,Unsatisfied,Mid Loyalty
3229,37,Female,Jewelry,Accessories,95,Connecticut,M,Yellow,Spring,4.6,No,2-Day Shipping,No,27,PayPal,Annually,1,0.9375,0.5306122448979592,0.7340561224489797,High Value,0.0,0.2653061224489796,0.2653061224489796,0,Satisfied,Low Loyalty
3230,54,Female,Pants,Clothing,67,Connecticut,M,Teal,Fall,2.7,No,Express,No,24,Cash,Monthly,3,0.5875,0.46938775510204084,0.5284438775510204,Mid Value,0.5,0.48469387755102045,0.48469387755102045,0,Unsatisfied,Mid Loyalty
3231,49,Female,Sneakers,Footwear,49,Kansas,M,Olive,Summer,2.5,No,Next Day Air,No,38,Debit Card,Annually,1,0.3625,0.7551020408163265,0.5588010204081633,Mid Value,0.0,0.37755102040816324,0.37755102040816324,0,Unsatisfied,Mid Loyalty
3232,62,Female,Shoes,Footwear,97,Nevada,M,Maroon,Winter,4.4,No,Free Shipping,No,9,Credit Card,Annually,1,0.9625,0.16326530612244897,0.5628826530612245,Mid Value,0.0,0.08163265306122448,0.08163265306122448,0,Satisfied,Low Loyalty
3233,45,Female,T-shirt,Clothing,34,Massachusetts,M,White,Spring,4.0,No,Next Day Air,No,19,Bank Transfer,Monthly,3,0.175,0.3673469387755102,0.2711734693877551,Low Value,0.5,0.4336734693877551,0.4336734693877551,0,Satisfied,Mid Loyalty
3234,45,Female,Belt,Accessories,74,Indiana,M,Lavender,Fall,3.8,No,Express,No,11,Debit Card,Fortnightly,4,0.675,0.20408163265306123,0.43954081632653064,Mid Value,0.75,0.4770408163265306,0.4770408163265306,0,Unsatisfied,Mid Loyalty
3235,49,Female,Jewelry,Accessories,96,Washington,M,Black,Winter,2.5,No,2-Day Shipping,No,16,Debit Card,Quarterly,2,0.95,0.30612244897959184,0.6280612244897958,Mid Value,0.25,0.2780612244897959,0.2780612244897959,0,Unsatisfied,Low Loyalty
3236,27,Female,Belt,Accessories,68,Kansas,M,Green,Summer,4.0,No,Free Shipping,No,18,Venmo,Monthly,3,0.6,0.3469387755102041,0.47346938775510206,Mid Value,0.5,0.423469387755102,0.423469387755102,0,Satisfied,Mid Loyalty
3237,63,Female,Belt,Accessories,84,South Carolina,L,Olive,Fall,4.1,No,Next Day Air,No,8,Cash,Monthly,3,0.8,0.14285714285714285,0.4714285714285714,Mid Value,0.5,0.3214285714285714,0.3214285714285714,0,Satisfied,Low Loyalty
3238,61,Female,T-shirt,Clothing,57,Vermont,M,Gray,Summer,2.8,No,Express,No,4,Cash,Weekly,5,0.4625,0.061224489795918366,0.2618622448979592,Low Value,1.0,0.5306122448979592,0.5306122448979592,0,Unsatisfied,Mid Loyalty
3239,25,Female,Sneakers,Footwear,84,Wyoming,XL,Teal,Fall,3.4,No,2-Day Shipping,No,37,Cash,Quarterly,2,0.8,0.7346938775510204,0.7673469387755103,High Value,0.25,0.4923469387755102,0.4923469387755102,0,Unsatisfied,Mid Loyalty
3240,33,Female,Sunglasses,Accessories,32,Colorado,M,Charcoal,Fall,2.7,No,2-Day Shipping,No,30,Cash,Monthly,3,0.15,0.5918367346938775,0.3709183673469388,Mid Value,0.5,0.5459183673469388,0.5459183673469388,0,Unsatisfied,Mid Loyalty
3241,56,Female,Sandals,Footwear,37,West Virginia,M,Violet,Fall,3.8,No,2-Day Shipping,No,37,Bank Transfer,Monthly,3,0.2125,0.7346938775510204,0.47359693877551023,Mid Value,0.5,0.6173469387755102,0.6173469387755102,0,Unsatisfied,Mid Loyalty
3242,50,Female,Handbag,Accessories,58,Connecticut,M,Lavender,Summer,4.4,No,Store Pickup,No,30,PayPal,Quarterly,2,0.475,0.5918367346938775,0.5334183673469388,Mid Value,0.25,0.42091836734693877,0.42091836734693877,0,Satisfied,Mid Loyalty
3243,45,Female,Socks,Clothing,74,Oregon,S,Beige,Fall,2.8,No,Express,No,17,Venmo,Weekly,5,0.675,0.32653061224489793,0.500765306122449,Mid Value,1.0,0.6632653061224489,0.6632653061224489,0,Unsatisfied,Mid Loyalty
3244,45,Female,Hoodie,Clothing,99,Idaho,L,Black,Summer,5.0,No,Store Pickup,No,11,Bank Transfer,Quarterly,2,0.9875,0.20408163265306123,0.5957908163265306,Mid Value,0.25,0.22704081632653061,0.22704081632653061,0,Satisfied,Low Loyalty
3245,65,Female,Sweater,Clothing,81,Arkansas,M,Black,Fall,4.7,No,Express,No,42,Credit Card,Annually,1,0.7625,0.8367346938775511,0.7996173469387755,High Value,0.0,0.41836734693877553,0.41836734693877553,0,Satisfied,Mid Loyalty
3246,63,Female,Pants,Clothing,76,Kansas,M,Purple,Fall,3.2,No,Next Day Air,No,20,Cash,Weekly,5,0.7,0.3877551020408163,0.5438775510204081,Mid Value,1.0,0.6938775510204082,0.6938775510204082,0,Unsatisfied,High Loyalty
3247,70,Female,Sneakers,Footwear,98,Michigan,M,Magenta,Summer,2.9,No,Store Pickup,No,37,Cash,Monthly,3,0.975,0.7346938775510204,0.8548469387755102,High Value,0.5,0.6173469387755102,0.6173469387755102,0,Unsatisfied,Mid Loyalty
3248,53,Female,Gloves,Accessories,91,Arkansas,M,Teal,Summer,3.7,No,Express,No,12,PayPal,Fortnightly,4,0.8875,0.22448979591836735,0.5559948979591837,Mid Value,0.75,0.4872448979591837,0.4872448979591837,0,Unsatisfied,Mid Loyalty
3249,22,Female,T-shirt,Clothing,79,Pennsylvania,S,Teal,Summer,4.2,No,Free Shipping,No,41,Bank Transfer,Quarterly,2,0.7375,0.8163265306122449,0.7769132653061225,High Value,0.25,0.5331632653061225,0.5331632653061225,0,Satisfied,Mid Loyalty
3250,26,Female,Backpack,Accessories,83,Virginia,M,Pink,Summer,3.4,No,Express,No,32,Credit Card,Quarterly,2,0.7875,0.6326530612244898,0.710076530612245,High Value,0.25,0.4413265306122449,0.4413265306122449,0,Unsatisfied,Mid Loyalty
3251,23,Female,Coat,Outerwear,90,Minnesota,M,Teal,Spring,2.9,No,2-Day Shipping,No,15,Venmo,Weekly,5,0.875,0.2857142857142857,0.5803571428571428,Mid Value,1.0,0.6428571428571428,0.6428571428571428,0,Unsatisfied,Mid Loyalty
3252,25,Female,Coat,Outerwear,20,Nevada,M,Gold,Winter,3.7,No,Standard,No,39,Venmo,Quarterly,2,0.0,0.7755102040816326,0.3877551020408163,Mid Value,0.25,0.5127551020408163,0.5127551020408163,0,Unsatisfied,Mid Loyalty
3253,69,Female,Sandals,Footwear,21,Montana,L,Brown,Spring,2.7,No,Store Pickup,No,48,Credit Card,Fortnightly,4,0.0125,0.9591836734693877,0.48584183673469383,Mid Value,0.75,0.8545918367346939,0.8545918367346939,0,Unsatisfied,High Loyalty
3254,36,Female,Backpack,Accessories,60,Nebraska,M,Brown,Fall,3.2,No,2-Day Shipping,No,8,Venmo,Fortnightly,4,0.5,0.14285714285714285,0.3214285714285714,Low Value,0.75,0.4464285714285714,0.4464285714285714,0,Unsatisfied,Mid Loyalty
3255,21,Female,Sweater,Clothing,31,Indiana,S,Magenta,Winter,4.9,No,Store Pickup,No,11,Bank Transfer,Quarterly,2,0.1375,0.20408163265306123,0.17079081632653062,Low Value,0.25,0.22704081632653061,0.22704081632653061,0,Satisfied,Low Loyalty
3256,57,Female,Shorts,Clothing,40,New Jersey,M,Black,Fall,2.8,No,Next Day Air,No,36,Bank Transfer,Monthly,3,0.25,0.7142857142857143,0.48214285714285715,Mid Value,0.5,0.6071428571428572,0.6071428571428572,0,Unsatisfied,Mid Loyalty
3257,60,Female,Sunglasses,Accessories,26,Wisconsin,L,Teal,Winter,4.7,No,Free Shipping,No,50,Venmo,Quarterly,2,0.075,1.0,0.5375,Mid Value,0.25,0.625,0.625,0,Satisfied,Mid Loyalty
3258,44,Female,Shirt,Clothing,98,Minnesota,M,Brown,Fall,3.3,No,Express,No,39,Venmo,Quarterly,2,0.975,0.7755102040816326,0.8752551020408164,High Value,0.25,0.5127551020408163,0.5127551020408163,0,Unsatisfied,Mid Loyalty
3259,31,Female,Shoes,Footwear,51,New Jersey,M,Magenta,Spring,4.3,No,Express,No,11,Credit Card,Fortnightly,4,0.3875,0.20408163265306123,0.2957908163265306,Low Value,0.75,0.4770408163265306,0.4770408163265306,0,Satisfied,Mid Loyalty
3260,57,Female,Hat,Accessories,95,Oklahoma,XL,Indigo,Fall,3.7,No,2-Day Shipping,No,5,Debit Card,Quarterly,2,0.9375,0.08163265306122448,0.5095663265306123,Mid Value,0.25,0.16581632653061223,0.16581632653061223,0,Unsatisfied,Low Loyalty
3261,39,Female,Scarf,Accessories,36,Wisconsin,M,Violet,Summer,4.5,No,2-Day Shipping,No,7,Credit Card,Annually,1,0.2,0.12244897959183673,0.16122448979591836,Low Value,0.0,0.061224489795918366,0.061224489795918366,0,Satisfied,Low Loyalty
3262,48,Female,Belt,Accessories,52,Rhode Island,L,Cyan,Winter,3.4,No,Store Pickup,No,50,Debit Card,Weekly,5,0.4,1.0,0.7,High Value,1.0,1.0,1.0,0,Unsatisfied,High Loyalty
3263,42,Female,T-shirt,Clothing,35,Indiana,M,Violet,Spring,2.7,No,Standard,No,21,Cash,Quarterly,2,0.1875,0.40816326530612246,0.29783163265306123,Low Value,0.25,0.32908163265306123,0.32908163265306123,0,Unsatisfied,Low Loyalty
3264,56,Female,Shorts,Clothing,68,Vermont,S,Black,Fall,4.4,No,Express,No,31,Debit Card,Fortnightly,4,0.6,0.6122448979591837,0.6061224489795918,Mid Value,0.75,0.6811224489795918,0.6811224489795918,0,Satisfied,High Loyalty
3265,28,Female,Pants,Clothing,50,Maine,S,Charcoal,Winter,4.0,No,Express,No,39,Cash,Fortnightly,4,0.375,0.7755102040816326,0.5752551020408163,Mid Value,0.75,0.7627551020408163,0.7627551020408163,0,Satisfied,High Loyalty
3266,40,Female,Sunglasses,Accessories,100,Alabama,M,White,Winter,3.2,No,Express,No,28,Credit Card,Fortnightly,4,1.0,0.5510204081632653,0.7755102040816326,High Value,0.75,0.6505102040816326,0.6505102040816326,0,Unsatisfied,Mid Loyalty
3267,49,Female,Coat,Outerwear,74,Alabama,S,Gray,Winter,4.2,No,Next Day Air,No,33,Bank Transfer,Weekly,5,0.675,0.6530612244897959,0.664030612244898,Mid Value,1.0,0.8265306122448979,0.8265306122448979,0,Satisfied,High Loyalty
3268,37,Female,Hoodie,Clothing,45,Idaho,L,Pink,Winter,3.0,No,Store Pickup,No,42,Credit Card,Quarterly,2,0.3125,0.8367346938775511,0.5746173469387755,Mid Value,0.25,0.5433673469387755,0.5433673469387755,0,Unsatisfied,Mid Loyalty
3269,22,Female,Dress,Clothing,97,Arkansas,M,Cyan,Fall,2.8,No,Free Shipping,No,5,Bank Transfer,Quarterly,2,0.9625,0.08163265306122448,0.5220663265306122,Mid Value,0.25,0.16581632653061223,0.16581632653061223,0,Unsatisfied,Low Loyalty
3270,27,Female,Blouse,Clothing,60,Ohio,M,Blue,Winter,4.9,No,Express,No,25,Cash,Monthly,3,0.5,0.4897959183673469,0.49489795918367346,Mid Value,0.5,0.49489795918367346,0.49489795918367346,0,Satisfied,Mid Loyalty
3271,59,Female,Socks,Clothing,25,Illinois,M,Indigo,Winter,4.7,No,Express,No,48,PayPal,Annually,1,0.0625,0.9591836734693877,0.5108418367346939,Mid Value,0.0,0.47959183673469385,0.47959183673469385,0,Satisfied,Mid Loyalty
3272,35,Female,Socks,Clothing,55,Nevada,XL,Magenta,Spring,4.4,No,Standard,No,30,Credit Card,Weekly,5,0.4375,0.5918367346938775,0.5146683673469388,Mid Value,1.0,0.7959183673469388,0.7959183673469388,0,Satisfied,High Loyalty
3273,58,Female,Shoes,Footwear,99,Texas,M,Lavender,Winter,3.1,No,Next Day Air,No,34,PayPal,Quarterly,2,0.9875,0.673469387755102,0.830484693877551,High Value,0.25,0.461734693877551,0.461734693877551,0,Unsatisfied,Mid Loyalty
3274,58,Female,Belt,Accessories,45,Nevada,S,Orange,Summer,2.6,No,Free Shipping,No,34,PayPal,Quarterly,2,0.3125,0.673469387755102,0.492984693877551,Mid Value,0.25,0.461734693877551,0.461734693877551,0,Unsatisfied,Mid Loyalty
3275,46,Female,Sweater,Clothing,20,Oklahoma,M,Cyan,Spring,3.9,No,Store Pickup,No,14,Cash,Fortnightly,4,0.0,0.2653061224489796,0.1326530612244898,Low Value,0.75,0.5076530612244898,0.5076530612244898,0,Satisfied,Mid Loyalty
3276,43,Female,Pants,Clothing,88,Alabama,XL,Green,Summer,2.6,No,2-Day Shipping,No,2,Debit Card,Weekly,5,0.85,0.02040816326530612,0.43520408163265306,Mid Value,1.0,0.5102040816326531,0.5102040816326531,0,Unsatisfied,Mid Loyalty
3277,39,Female,Scarf,Accessories,99,South Dakota,M,White,Summer,4.0,No,Store Pickup,No,41,PayPal,Quarterly,2,0.9875,0.8163265306122449,0.9019132653061225,High Value,0.25,0.5331632653061225,0.5331632653061225,0,Satisfied,Mid Loyalty
3278,59,Female,Skirt,Clothing,86,Texas,M,Blue,Spring,4.9,No,Store Pickup,No,3,Credit Card,Monthly,3,0.825,0.04081632653061224,0.4329081632653061,Mid Value,0.5,0.27040816326530615,0.27040816326530615,0,Satisfied,Low Loyalty
3279,59,Female,Dress,Clothing,70,Montana,M,Black,Summer,3.3,No,2-Day Shipping,No,18,Bank Transfer,Weekly,5,0.625,0.3469387755102041,0.485969387755102,Mid Value,1.0,0.673469387755102,0.673469387755102,0,Unsatisfied,High Loyalty
3280,59,Female,Hat,Accessories,50,Wyoming,S,Red,Fall,3.0,No,Express,No,1,Debit Card,Fortnightly,4,0.375,0.0,0.1875,Low Value,0.75,0.375,0.375,0,Unsatisfied,Mid Loyalty
3281,45,Female,Handbag,Accessories,57,New York,L,Red,Winter,2.7,No,Next Day Air,No,5,PayPal,Monthly,3,0.4625,0.08163265306122448,0.27206632653061225,Low Value,0.5,0.29081632653061223,0.29081632653061223,0,Unsatisfied,Low Loyalty
3282,27,Female,Pants,Clothing,69,Oregon,L,Gold,Winter,3.1,No,Free Shipping,No,41,Bank Transfer,Annually,1,0.6125,0.8163265306122449,0.7144132653061225,High Value,0.0,0.40816326530612246,0.40816326530612246,0,Unsatisfied,Mid Loyalty
3283,24,Female,T-shirt,Clothing,94,California,M,Red,Fall,4.8,No,Next Day Air,No,5,Credit Card,Monthly,3,0.925,0.08163265306122448,0.5033163265306123,Mid Value,0.5,0.29081632653061223,0.29081632653061223,0,Satisfied,Low Loyalty
3284,47,Female,Jacket,Outerwear,24,North Carolina,L,Purple,Spring,2.9,No,Express,No,10,Debit Card,Quarterly,2,0.05,0.1836734693877551,0.11683673469387756,Low Value,0.25,0.21683673469387754,0.21683673469387754,0,Unsatisfied,Low Loyalty
3285,70,Female,Scarf,Accessories,79,Kentucky,L,White,Spring,4.5,No,2-Day Shipping,No,20,Venmo,Annually,1,0.7375,0.3877551020408163,0.5626275510204082,Mid Value,0.0,0.19387755102040816,0.19387755102040816,0,Satisfied,Low Loyalty
3286,58,Female,Hat,Accessories,31,Hawaii,XL,Magenta,Fall,4.6,No,Free Shipping,No,11,Cash,Weekly,5,0.1375,0.20408163265306123,0.17079081632653062,Low Value,1.0,0.6020408163265306,0.6020408163265306,0,Satisfied,Mid Loyalty
3287,45,Female,Jacket,Outerwear,67,Illinois,L,Pink,Winter,5.0,No,Express,No,4,Venmo,Fortnightly,4,0.5875,0.061224489795918366,0.3243622448979592,Low Value,0.75,0.40561224489795916,0.40561224489795916,0,Satisfied,Mid Loyalty
3288,24,Female,Skirt,Clothing,63,West Virginia,L,Black,Spring,4.3,No,2-Day Shipping,No,38,Credit Card,Weekly,5,0.5375,0.7551020408163265,0.6463010204081632,Mid Value,1.0,0.8775510204081632,0.8775510204081632,0,Satisfied,High Loyalty
3289,67,Female,Handbag,Accessories,61,South Carolina,XL,White,Spring,4.9,No,Next Day Air,No,19,Credit Card,Fortnightly,4,0.5125,0.3673469387755102,0.43992346938775506,Mid Value,0.75,0.5586734693877551,0.5586734693877551,0,Satisfied,Mid Loyalty
3290,31,Female,Backpack,Accessories,50,Montana,M,Maroon,Summer,4.0,No,2-Day Shipping,No,16,Venmo,Quarterly,2,0.375,0.30612244897959184,0.3405612244897959,Mid Value,0.25,0.2780612244897959,0.2780612244897959,0,Satisfied,Low Loyalty
3291,52,Female,Coat,Outerwear,82,North Dakota,L,Black,Spring,3.1,No,Free Shipping,No,2,PayPal,Monthly,3,0.775,0.02040816326530612,0.3977040816326531,Mid Value,0.5,0.2602040816326531,0.2602040816326531,0,Unsatisfied,Low Loyalty
3292,29,Female,Belt,Accessories,51,New Mexico,L,Olive,Fall,2.6,No,2-Day Shipping,No,11,Cash,Monthly,3,0.3875,0.20408163265306123,0.2957908163265306,Low Value,0.5,0.3520408163265306,0.3520408163265306,0,Unsatisfied,Mid Loyalty
3293,62,Female,Handbag,Accessories,23,Missouri,L,Gray,Spring,4.9,No,Standard,No,18,Bank Transfer,Fortnightly,4,0.0375,0.3469387755102041,0.19221938775510203,Low Value,0.75,0.548469387755102,0.548469387755102,0,Satisfied,Mid Loyalty
3294,19,Female,Coat,Outerwear,91,West Virginia,M,Gold,Spring,3.5,No,2-Day Shipping,No,47,Credit Card,Fortnightly,4,0.8875,0.9387755102040817,0.9131377551020408,High Value,0.75,0.8443877551020409,0.8443877551020409,0,Unsatisfied,High Loyalty
3295,62,Female,Sweater,Clothing,60,South Carolina,S,Magenta,Spring,4.5,No,Store Pickup,No,15,Bank Transfer,Fortnightly,4,0.5,0.2857142857142857,0.39285714285714285,Mid Value,0.75,0.5178571428571428,0.5178571428571428,0,Satisfied,Mid Loyalty
3296,70,Female,Blouse,Clothing,34,West Virginia,S,Lavender,Summer,2.8,No,Next Day Air,No,15,Cash,Weekly,5,0.175,0.2857142857142857,0.23035714285714284,Low Value,1.0,0.6428571428571428,0.6428571428571428,0,Unsatisfied,Mid Loyalty
3297,20,Female,Blouse,Clothing,23,Alaska,M,Green,Spring,4.2,No,Next Day Air,No,47,Venmo,Quarterly,2,0.0375,0.9387755102040817,0.4881377551020408,Mid Value,0.25,0.5943877551020409,0.5943877551020409,0,Satisfied,Mid Loyalty
3298,67,Female,Belt,Accessories,82,West Virginia,M,Violet,Fall,4.1,No,Free Shipping,No,47,PayPal,Monthly,3,0.775,0.9387755102040817,0.8568877551020408,High Value,0.5,0.7193877551020409,0.7193877551020409,0,Satisfied,High Loyalty
3299,65,Female,Jacket,Outerwear,73,New Mexico,M,Brown,Fall,3.5,No,Express,No,6,Bank Transfer,Quarterly,2,0.6625,0.10204081632653061,0.3822704081632653,Mid Value,0.25,0.1760204081632653,0.1760204081632653,0,Unsatisfied,Low Loyalty
3300,45,Female,Shorts,Clothing,32,South Dakota,L,Teal,Spring,4.0,No,2-Day Shipping,No,18,Venmo,Monthly,3,0.15,0.3469387755102041,0.24846938775510202,Low Value,0.5,0.423469387755102,0.423469387755102,0,Satisfied,Mid Loyalty
3301,26,Female,Hat,Accessories,80,Oklahoma,M,Charcoal,Spring,4.0,No,Express,No,40,Bank Transfer,Fortnightly,4,0.75,0.7959183673469388,0.7729591836734694,High Value,0.75,0.7729591836734694,0.7729591836734694,0,Satisfied,High Loyalty
3302,36,Female,Pants,Clothing,58,Oklahoma,XL,Charcoal,Summer,2.5,No,Free Shipping,No,31,Credit Card,Fortnightly,4,0.475,0.6122448979591837,0.5436224489795918,Mid Value,0.75,0.6811224489795918,0.6811224489795918,0,Unsatisfied,High Loyalty
3303,36,Female,Blouse,Clothing,82,Alabama,XL,Beige,Winter,4.2,No,Standard,No,31,Venmo,Fortnightly,4,0.775,0.6122448979591837,0.6936224489795919,High Value,0.75,0.6811224489795918,0.6811224489795918,0,Satisfied,High Loyalty
3304,20,Female,Belt,Accessories,60,Mississippi,S,Turquoise,Summer,3.4,No,Next Day Air,No,4,Credit Card,Fortnightly,4,0.5,0.061224489795918366,0.28061224489795916,Low Value,0.75,0.40561224489795916,0.40561224489795916,0,Unsatisfied,Mid Loyalty
3305,30,Female,Handbag,Accessories,79,Mississippi,XL,Orange,Fall,4.8,No,Next Day Air,No,36,Bank Transfer,Quarterly,2,0.7375,0.7142857142857143,0.7258928571428571,High Value,0.25,0.48214285714285715,0.48214285714285715,0,Satisfied,Mid Loyalty
3306,34,Female,Hoodie,Clothing,41,Nebraska,L,Cyan,Summer,4.9,No,Standard,No,31,PayPal,Fortnightly,4,0.2625,0.6122448979591837,0.4373724489795918,Mid Value,0.75,0.6811224489795918,0.6811224489795918,0,Satisfied,High Loyalty
3307,63,Female,Jacket,Outerwear,39,Colorado,L,Orange,Summer,3.6,No,Store Pickup,No,6,Venmo,Fortnightly,4,0.2375,0.10204081632653061,0.1697704081632653,Low Value,0.75,0.4260204081632653,0.4260204081632653,0,Unsatisfied,Mid Loyalty
3308,18,Female,Scarf,Accessories,36,Pennsylvania,S,Green,Winter,4.0,No,Store Pickup,No,1,Cash,Monthly,3,0.2,0.0,0.1,Low Value,0.5,0.25,0.25,0,Satisfied,Low Loyalty
3309,55,Female,Jeans,Clothing,70,Utah,M,Pink,Fall,2.6,No,Express,No,29,Cash,Monthly,3,0.625,0.5714285714285714,0.5982142857142857,Mid Value,0.5,0.5357142857142857,0.5357142857142857,0,Unsatisfied,Mid Loyalty
3310,48,Female,Handbag,Accessories,47,Massachusetts,M,Blue,Summer,3.1,No,Store Pickup,No,19,PayPal,Monthly,3,0.3375,0.3673469387755102,0.35242346938775515,Mid Value,0.5,0.4336734693877551,0.4336734693877551,0,Unsatisfied,Mid Loyalty
3311,45,Female,Jacket,Outerwear,27,Iowa,M,Pink,Winter,3.6,No,Free Shipping,No,12,PayPal,Fortnightly,4,0.0875,0.22448979591836735,0.15599489795918367,Low Value,0.75,0.4872448979591837,0.4872448979591837,0,Unsatisfied,Mid Loyalty
3312,29,Female,Hat,Accessories,52,Florida,L,Blue,Summer,4.0,No,Express,No,18,Bank Transfer,Annually,1,0.4,0.3469387755102041,0.3734693877551021,Mid Value,0.0,0.17346938775510204,0.17346938775510204,0,Satisfied,Low Loyalty
3313,55,Female,Sneakers,Footwear,75,Louisiana,L,Black,Summer,3.9,No,Next Day Air,No,45,Cash,Quarterly,2,0.6875,0.8979591836734694,0.7927295918367347,High Value,0.25,0.5739795918367347,0.5739795918367347,0,Satisfied,Mid Loyalty
3314,55,Female,Hat,Accessories,30,Kansas,XL,Black,Fall,3.9,No,Express,No,45,Credit Card,Monthly,3,0.125,0.8979591836734694,0.5114795918367347,Mid Value,0.5,0.6989795918367347,0.6989795918367347,0,Satisfied,High Loyalty
3315,55,Female,Socks,Clothing,94,Kansas,M,Violet,Spring,3.3,No,Standard,No,8,Credit Card,Quarterly,2,0.925,0.14285714285714285,0.5339285714285714,Mid Value,0.25,0.19642857142857142,0.19642857142857142,0,Unsatisfied,Low Loyalty
3316,48,Female,Scarf,Accessories,68,Kentucky,S,Gold,Summer,2.9,No,Standard,No,4,PayPal,Quarterly,2,0.6,0.061224489795918366,0.33061224489795915,Low Value,0.25,0.1556122448979592,0.1556122448979592,0,Unsatisfied,Low Loyalty
3317,42,Female,Socks,Clothing,45,New Mexico,M,Olive,Summer,3.1,No,Free Shipping,No,5,Debit Card,Fortnightly,4,0.3125,0.08163265306122448,0.19706632653061223,Low Value,0.75,0.41581632653061223,0.41581632653061223,0,Unsatisfied,Mid Loyalty
3318,21,Female,Hat,Accessories,67,North Carolina,XL,Pink,Summer,4.7,No,Standard,No,30,Cash,Quarterly,2,0.5875,0.5918367346938775,0.5896683673469387,Mid Value,0.25,0.42091836734693877,0.42091836734693877,0,Satisfied,Mid Loyalty
3319,45,Female,Jacket,Outerwear,46,North Dakota,M,Olive,Summer,3.9,No,Free Shipping,No,15,PayPal,Monthly,3,0.325,0.2857142857142857,0.3053571428571429,Low Value,0.5,0.39285714285714285,0.39285714285714285,0,Satisfied,Mid Loyalty
3320,23,Female,Shorts,Clothing,31,North Dakota,M,Indigo,Summer,4.3,No,Next Day Air,No,17,Credit Card,Quarterly,2,0.1375,0.32653061224489793,0.23201530612244897,Low Value,0.25,0.28826530612244894,0.28826530612244894,0,Satisfied,Low Loyalty
3321,66,Female,Blouse,Clothing,44,Illinois,XL,Silver,Fall,4.2,No,2-Day Shipping,No,45,Cash,Quarterly,2,0.3,0.8979591836734694,0.5989795918367347,Mid Value,0.25,0.5739795918367347,0.5739795918367347,0,Satisfied,Mid Loyalty
3322,32,Female,Coat,Outerwear,100,Maine,S,Charcoal,Winter,4.3,No,Next Day Air,No,3,Venmo,Annually,1,1.0,0.04081632653061224,0.5204081632653061,Mid Value,0.0,0.02040816326530612,0.02040816326530612,0,Satisfied,Low Loyalty
3323,52,Female,Sweater,Clothing,92,Indiana,XL,Orange,Winter,4.6,No,Next Day Air,No,43,PayPal,Weekly,5,0.9,0.8571428571428571,0.8785714285714286,High Value,1.0,0.9285714285714286,0.9285714285714286,0,Satisfied,High Loyalty
3324,54,Female,Handbag,Accessories,78,North Dakota,M,Yellow,Winter,3.8,No,Free Shipping,No,4,Credit Card,Monthly,3,0.725,0.061224489795918366,0.39311224489795915,Mid Value,0.5,0.28061224489795916,0.28061224489795916,0,Unsatisfied,Low Loyalty
3325,37,Female,T-shirt,Clothing,32,Missouri,S,Red,Fall,3.3,No,Standard,No,41,Venmo,Weekly,5,0.15,0.8163265306122449,0.48316326530612247,Mid Value,1.0,0.9081632653061225,0.9081632653061225,0,Unsatisfied,High Loyalty
3326,29,Female,Sandals,Footwear,97,Alaska,M,Maroon,Fall,3.7,No,2-Day Shipping,No,16,Venmo,Monthly,3,0.9625,0.30612244897959184,0.6343112244897959,Mid Value,0.5,0.4030612244897959,0.4030612244897959,0,Unsatisfied,Mid Loyalty
3327,47,Female,Gloves,Accessories,95,North Dakota,M,Magenta,Summer,4.3,No,Standard,No,10,Debit Card,Annually,1,0.9375,0.1836734693877551,0.5605867346938775,Mid Value,0.0,0.09183673469387756,0.09183673469387756,0,Satisfied,Low Loyalty
3328,47,Female,Shorts,Clothing,64,Connecticut,M,Black,Spring,4.1,No,Express,No,2,Debit Card,Quarterly,2,0.55,0.02040816326530612,0.2852040816326531,Low Value,0.25,0.13520408163265307,0.13520408163265307,0,Satisfied,Low Loyalty
3329,42,Female,Sandals,Footwear,35,Wisconsin,M,Violet,Spring,3.2,No,Free Shipping,No,11,Cash,Fortnightly,4,0.1875,0.20408163265306123,0.19579081632653061,Low Value,0.75,0.4770408163265306,0.4770408163265306,0,Unsatisfied,Mid Loyalty
3330,34,Female,Backpack,Accessories,54,New Jersey,M,Gray,Winter,3.8,No,Express,No,1,Debit Card,Fortnightly,4,0.425,0.0,0.2125,Low Value,0.75,0.375,0.375,0,Unsatisfied,Mid Loyalty
3331,38,Female,Sneakers,Footwear,96,Missouri,M,Black,Spring,3.2,No,2-Day Shipping,No,41,Bank Transfer,Quarterly,2,0.95,0.8163265306122449,0.8831632653061224,High Value,0.25,0.5331632653061225,0.5331632653061225,0,Unsatisfied,Mid Loyalty
3332,55,Female,Sunglasses,Accessories,58,California,M,Pink,Summer,3.5,No,Free Shipping,No,39,PayPal,Quarterly,2,0.475,0.7755102040816326,0.6252551020408164,Mid Value,0.25,0.5127551020408163,0.5127551020408163,0,Unsatisfied,Mid Loyalty
3333,27,Female,T-shirt,Clothing,23,Washington,M,Silver,Summer,3.1,No,2-Day Shipping,No,1,PayPal,Fortnightly,4,0.0375,0.0,0.01875,Low Value,0.75,0.375,0.375,0,Unsatisfied,Mid Loyalty
3334,55,Female,Jeans,Clothing,35,Minnesota,M,Violet,Spring,4.2,No,Express,No,3,PayPal,Monthly,3,0.1875,0.04081632653061224,0.11415816326530612,Low Value,0.5,0.27040816326530615,0.27040816326530615,0,Satisfied,Low Loyalty
3335,66,Female,Shirt,Clothing,23,California,M,Beige,Summer,3.4,No,Free Shipping,No,21,Credit Card,Annually,1,0.0375,0.40816326530612246,0.22283163265306122,Low Value,0.0,0.20408163265306123,0.20408163265306123,0,Unsatisfied,Low Loyalty
3336,44,Female,Hat,Accessories,94,Texas,XL,Cyan,Winter,3.5,No,Express,No,48,Bank Transfer,Quarterly,2,0.925,0.9591836734693877,0.9420918367346939,High Value,0.25,0.6045918367346939,0.6045918367346939,0,Unsatisfied,Mid Loyalty
3337,39,Female,Blouse,Clothing,45,Montana,M,Brown,Fall,4.0,No,Free Shipping,No,24,Debit Card,Annually,1,0.3125,0.46938775510204084,0.39094387755102045,Mid Value,0.0,0.23469387755102042,0.23469387755102042,0,Satisfied,Low Loyalty
3338,23,Female,Jacket,Outerwear,23,Arizona,L,Blue,Winter,4.4,No,2-Day Shipping,No,45,Bank Transfer,Fortnightly,4,0.0375,0.8979591836734694,0.4677295918367347,Mid Value,0.75,0.8239795918367347,0.8239795918367347,0,Satisfied,High Loyalty
3339,29,Female,Skirt,Clothing,94,Minnesota,L,White,Winter,2.9,No,2-Day Shipping,No,46,Credit Card,Monthly,3,0.925,0.9183673469387755,0.9216836734693878,High Value,0.5,0.7091836734693877,0.7091836734693877,0,Unsatisfied,High Loyalty
3340,20,Female,Gloves,Accessories,99,Nebraska,M,Cyan,Fall,3.6,No,Store Pickup,No,35,Cash,Fortnightly,4,0.9875,0.6938775510204082,0.8406887755102042,High Value,0.75,0.721938775510204,0.721938775510204,0,Unsatisfied,High Loyalty
3341,42,Female,T-shirt,Clothing,36,Virginia,XL,Maroon,Fall,4.4,No,Free Shipping,No,47,Credit Card,Fortnightly,4,0.2,0.9387755102040817,0.5693877551020409,Mid Value,0.75,0.8443877551020409,0.8443877551020409,0,Satisfied,High Loyalty
3342,55,Female,Jacket,Outerwear,50,Connecticut,XL,Olive,Summer,4.5,No,Standard,No,35,Credit Card,Monthly,3,0.375,0.6938775510204082,0.534438775510204,Mid Value,0.5,0.596938775510204,0.596938775510204,0,Satisfied,Mid Loyalty
3343,66,Female,Jacket,Outerwear,81,New Jersey,M,Violet,Spring,3.8,No,Free Shipping,No,45,Credit Card,Weekly,5,0.7625,0.8979591836734694,0.8302295918367346,High Value,1.0,0.9489795918367347,0.9489795918367347,0,Unsatisfied,High Loyalty
3344,24,Female,Shorts,Clothing,31,Kentucky,XL,Green,Winter,3.6,No,2-Day Shipping,No,6,Cash,Fortnightly,4,0.1375,0.10204081632653061,0.11977040816326531,Low Value,0.75,0.4260204081632653,0.4260204081632653,0,Unsatisfied,Mid Loyalty
3345,62,Female,Hat,Accessories,48,Washington,XL,Magenta,Fall,4.3,No,Free Shipping,No,20,Cash,Annually,1,0.35,0.3877551020408163,0.36887755102040815,Mid Value,0.0,0.19387755102040816,0.19387755102040816,0,Satisfied,Low Loyalty
3346,28,Female,Handbag,Accessories,91,Florida,M,Turquoise,Summer,4.0,No,2-Day Shipping,No,3,Venmo,Fortnightly,4,0.8875,0.04081632653061224,0.4641581632653061,Mid Value,0.75,0.39540816326530615,0.39540816326530615,0,Satisfied,Mid Loyalty
3347,30,Female,Jeans,Clothing,99,Oklahoma,M,Black,Summer,3.4,No,Express,No,30,Venmo,Quarterly,2,0.9875,0.5918367346938775,0.7896683673469388,High Value,0.25,0.42091836734693877,0.42091836734693877,0,Unsatisfied,Mid Loyalty
3348,22,Female,Shoes,Footwear,70,Iowa,XL,Cyan,Summer,4.4,No,Standard,No,28,PayPal,Fortnightly,4,0.625,0.5510204081632653,0.5880102040816326,Mid Value,0.75,0.6505102040816326,0.6505102040816326,0,Satisfied,Mid Loyalty
3349,28,Female,T-shirt,Clothing,74,New Hampshire,L,Gray,Winter,2.8,No,Standard,No,15,Cash,Quarterly,2,0.675,0.2857142857142857,0.48035714285714287,Mid Value,0.25,0.26785714285714285,0.26785714285714285,0,Unsatisfied,Low Loyalty
3350,35,Female,Jewelry,Accessories,79,Georgia,M,Red,Fall,2.8,No,Store Pickup,No,29,PayPal,Quarterly,2,0.7375,0.5714285714285714,0.6544642857142857,Mid Value,0.25,0.4107142857142857,0.4107142857142857,0,Unsatisfied,Mid Loyalty
3351,45,Female,Handbag,Accessories,33,Mississippi,S,Olive,Fall,4.9,No,2-Day Shipping,No,15,Cash,Fortnightly,4,0.1625,0.2857142857142857,0.22410714285714284,Low Value,0.75,0.5178571428571428,0.5178571428571428,0,Satisfied,Mid Loyalty
3352,43,Female,Shirt,Clothing,49,New Hampshire,L,Cyan,Spring,4.2,No,2-Day Shipping,No,18,Bank Transfer,Fortnightly,4,0.3625,0.3469387755102041,0.35471938775510203,Mid Value,0.75,0.548469387755102,0.548469387755102,0,Satisfied,Mid Loyalty
3353,55,Female,Belt,Accessories,96,Washington,M,Teal,Summer,2.9,No,Next Day Air,No,7,Bank Transfer,Fortnightly,4,0.95,0.12244897959183673,0.5362244897959183,Mid Value,0.75,0.4362244897959184,0.4362244897959184,0,Unsatisfied,Mid Loyalty
3354,31,Female,Dress,Clothing,66,Ohio,L,Teal,Fall,4.6,No,Free Shipping,No,19,Credit Card,Quarterly,2,0.575,0.3673469387755102,0.47117346938775506,Mid Value,0.25,0.3086734693877551,0.3086734693877551,0,Satisfied,Low Loyalty
3355,42,Female,Skirt,Clothing,45,Maryland,M,Orange,Fall,2.8,No,Next Day Air,No,15,PayPal,Weekly,5,0.3125,0.2857142857142857,0.29910714285714285,Low Value,1.0,0.6428571428571428,0.6428571428571428,0,Unsatisfied,Mid Loyalty
3356,40,Female,Blouse,Clothing,28,Delaware,M,Peach,Spring,2.6,No,Store Pickup,No,3,Bank Transfer,Fortnightly,4,0.1,0.04081632653061224,0.07040816326530612,Low Value,0.75,0.39540816326530615,0.39540816326530615,0,Unsatisfied,Mid Loyalty
3357,39,Female,Jeans,Clothing,48,Tennessee,M,Silver,Summer,3.5,No,Store Pickup,No,13,PayPal,Fortnightly,4,0.35,0.24489795918367346,0.2974489795918367,Low Value,0.75,0.49744897959183676,0.49744897959183676,0,Unsatisfied,Mid Loyalty
3358,41,Female,Hoodie,Clothing,67,Arkansas,M,Pink,Winter,3.5,No,Free Shipping,No,37,Credit Card,Monthly,3,0.5875,0.7346938775510204,0.6610969387755102,Mid Value,0.5,0.6173469387755102,0.6173469387755102,0,Unsatisfied,Mid Loyalty
3359,56,Female,T-shirt,Clothing,59,Tennessee,M,Magenta,Fall,3.4,No,2-Day Shipping,No,26,Cash,Annually,1,0.4875,0.5102040816326531,0.4988520408163265,Mid Value,0.0,0.25510204081632654,0.25510204081632654,0,Unsatisfied,Low Loyalty
3360,43,Female,Sunglasses,Accessories,74,New Hampshire,L,Red,Fall,3.9,No,Next Day Air,No,29,Debit Card,Monthly,3,0.675,0.5714285714285714,0.6232142857142857,Mid Value,0.5,0.5357142857142857,0.5357142857142857,0,Satisfied,Mid Loyalty
3361,22,Female,Jacket,Outerwear,81,Minnesota,M,Maroon,Spring,3.3,No,2-Day Shipping,No,47,Cash,Quarterly,2,0.7625,0.9387755102040817,0.8506377551020408,High Value,0.25,0.5943877551020409,0.5943877551020409,0,Unsatisfied,Mid Loyalty
3362,47,Female,Shoes,Footwear,26,Florida,M,Silver,Spring,4.1,No,Free Shipping,No,47,Credit Card,Fortnightly,4,0.075,0.9387755102040817,0.5068877551020409,Mid Value,0.75,0.8443877551020409,0.8443877551020409,0,Satisfied,High Loyalty
3363,50,Female,Handbag,Accessories,61,Tennessee,M,Gray,Summer,3.0,No,Next Day Air,No,48,Venmo,Fortnightly,4,0.5125,0.9591836734693877,0.7358418367346938,High Value,0.75,0.8545918367346939,0.8545918367346939,0,Unsatisfied,High Loyalty
3364,58,Female,Sweater,Clothing,23,California,M,Turquoise,Winter,3.0,No,Next Day Air,No,46,Bank Transfer,Fortnightly,4,0.0375,0.9183673469387755,0.47793367346938775,Mid Value,0.75,0.8341836734693877,0.8341836734693877,0,Unsatisfied,High Loyalty
3365,50,Female,Scarf,Accessories,33,Oregon,M,Peach,Fall,3.2,No,Standard,No,7,Credit Card,Monthly,3,0.1625,0.12244897959183673,0.14247448979591837,Low Value,0.5,0.3112244897959184,0.3112244897959184,0,Unsatisfied,Low Loyalty
3366,43,Female,Skirt,Clothing,58,Tennessee,L,Teal,Fall,3.9,No,Express,No,45,Credit Card,Quarterly,2,0.475,0.8979591836734694,0.6864795918367347,High Value,0.25,0.5739795918367347,0.5739795918367347,0,Satisfied,Mid Loyalty
3367,38,Female,Gloves,Accessories,65,North Carolina,M,Red,Spring,3.6,No,2-Day Shipping,No,47,Debit Card,Quarterly,2,0.5625,0.9387755102040817,0.7506377551020409,High Value,0.25,0.5943877551020409,0.5943877551020409,0,Unsatisfied,Mid Loyalty
3368,44,Female,T-shirt,Clothing,48,Tennessee,M,Blue,Summer,3.1,No,Store Pickup,No,6,Venmo,Fortnightly,4,0.35,0.10204081632653061,0.2260204081632653,Low Value,0.75,0.4260204081632653,0.4260204081632653,0,Unsatisfied,Mid Loyalty
3369,30,Female,Sandals,Footwear,25,Nebraska,M,Blue,Spring,4.8,No,Express,No,29,Bank Transfer,Quarterly,2,0.0625,0.5714285714285714,0.3169642857142857,Low Value,0.25,0.4107142857142857,0.4107142857142857,0,Satisfied,Mid Loyalty
3370,47,Female,Sweater,Clothing,51,Maine,M,Indigo,Winter,3.8,No,2-Day Shipping,No,42,Cash,Monthly,3,0.3875,0.8367346938775511,0.6121173469387755,Mid Value,0.5,0.6683673469387755,0.6683673469387755,0,Unsatisfied,High Loyalty
3371,30,Female,Belt,Accessories,31,Illinois,M,Charcoal,Summer,2.8,No,Store Pickup,No,46,Cash,Fortnightly,4,0.1375,0.9183673469387755,0.5279336734693878,Mid Value,0.75,0.8341836734693877,0.8341836734693877,0,Unsatisfied,High Loyalty
3372,49,Female,Hoodie,Clothing,99,Colorado,S,Turquoise,Winter,4.0,No,Next Day Air,No,28,PayPal,Annually,1,0.9875,0.5510204081632653,0.7692602040816326,High Value,0.0,0.2755102040816326,0.2755102040816326,0,Satisfied,Low Loyalty
3373,56,Female,Socks,Clothing,25,Pennsylvania,M,Maroon,Winter,4.6,No,Free Shipping,No,14,Credit Card,Quarterly,2,0.0625,0.2653061224489796,0.1639030612244898,Low Value,0.25,0.25765306122448983,0.25765306122448983,0,Satisfied,Low Loyalty
3374,70,Female,Sandals,Footwear,52,Minnesota,M,Purple,Spring,3.5,No,Store Pickup,No,12,Debit Card,Quarterly,2,0.4,0.22448979591836735,0.3122448979591837,Low Value,0.25,0.2372448979591837,0.2372448979591837,0,Unsatisfied,Low Loyalty
3375,22,Female,Blouse,Clothing,47,Nevada,S,Lavender,Spring,3.7,No,2-Day Shipping,No,41,Debit Card,Annually,1,0.3375,0.8163265306122449,0.5769132653061224,Mid Value,0.0,0.40816326530612246,0.40816326530612246,0,Unsatisfied,Mid Loyalty
3376,51,Female,Boots,Footwear,98,Connecticut,XL,Yellow,Fall,4.9,No,Express,No,8,Credit Card,Annually,1,0.975,0.14285714285714285,0.5589285714285714,Mid Value,0.0,0.07142857142857142,0.07142857142857142,0,Satisfied,Low Loyalty
3377,22,Female,Hat,Accessories,46,Ohio,M,Green,Winter,4.1,No,Store Pickup,No,24,Cash,Quarterly,2,0.325,0.46938775510204084,0.3971938775510204,Mid Value,0.25,0.35969387755102045,0.35969387755102045,0,Satisfied,Mid Loyalty
3378,37,Female,Shirt,Clothing,32,Kentucky,M,Yellow,Winter,4.6,No,Next Day Air,No,18,PayPal,Fortnightly,4,0.15,0.3469387755102041,0.24846938775510202,Low Value,0.75,0.548469387755102,0.548469387755102,0,Satisfied,Mid Loyalty
3379,49,Female,Shorts,Clothing,75,Minnesota,L,Gold,Fall,4.5,No,Next Day Air,No,6,Cash,Quarterly,2,0.6875,0.10204081632653061,0.3947704081632653,Mid Value,0.25,0.1760204081632653,0.1760204081632653,0,Satisfied,Low Loyalty
3380,61,Female,Handbag,Accessories,51,Tennessee,L,Turquoise,Summer,5.0,No,Store Pickup,No,40,Cash,Weekly,5,0.3875,0.7959183673469388,0.5917091836734694,Mid Value,1.0,0.8979591836734694,0.8979591836734694,0,Satisfied,High Loyalty
3381,41,Female,Dress,Clothing,52,North Dakota,L,Blue,Summer,3.8,No,Standard,No,6,PayPal,Quarterly,2,0.4,0.10204081632653061,0.2510204081632653,Low Value,0.25,0.1760204081632653,0.1760204081632653,0,Unsatisfied,Low Loyalty
3382,57,Female,Hat,Accessories,66,Minnesota,L,Turquoise,Winter,4.7,No,Standard,No,27,Credit Card,Quarterly,2,0.575,0.5306122448979592,0.5528061224489795,Mid Value,0.25,0.3903061224489796,0.3903061224489796,0,Satisfied,Mid Loyalty
3383,34,Female,Sweater,Clothing,35,Nebraska,M,Maroon,Spring,2.8,No,Express,No,2,Bank Transfer,Weekly,5,0.1875,0.02040816326530612,0.10395408163265306,Low Value,1.0,0.5102040816326531,0.5102040816326531,0,Unsatisfied,Mid Loyalty
3384,27,Female,Coat,Outerwear,43,Delaware,M,Pink,Fall,2.6,No,Next Day Air,No,39,Venmo,Fortnightly,4,0.2875,0.7755102040816326,0.5315051020408164,Mid Value,0.75,0.7627551020408163,0.7627551020408163,0,Unsatisfied,High Loyalty
3385,39,Female,Hoodie,Clothing,24,Minnesota,L,Maroon,Summer,3.8,No,Free Shipping,No,9,Venmo,Quarterly,2,0.05,0.16326530612244897,0.10663265306122449,Low Value,0.25,0.20663265306122447,0.20663265306122447,0,Unsatisfied,Low Loyalty
3386,62,Female,Jewelry,Accessories,83,Rhode Island,M,Olive,Winter,2.8,No,Standard,No,16,Credit Card,Quarterly,2,0.7875,0.30612244897959184,0.5468112244897959,Mid Value,0.25,0.2780612244897959,0.2780612244897959,0,Unsatisfied,Low Loyalty
3387,34,Female,T-shirt,Clothing,62,Michigan,M,Lavender,Fall,2.6,No,2-Day Shipping,No,36,Cash,Quarterly,2,0.525,0.7142857142857143,0.6196428571428572,Mid Value,0.25,0.48214285714285715,0.48214285714285715,0,Unsatisfied,Mid Loyalty
3388,53,Female,Pants,Clothing,78,New Jersey,S,Pink,Spring,3.4,No,2-Day Shipping,No,2,Credit Card,Fortnightly,4,0.725,0.02040816326530612,0.37270408163265306,Mid Value,0.75,0.3852040816326531,0.3852040816326531,0,Unsatisfied,Mid Loyalty
3389,35,Female,Sweater,Clothing,61,South Dakota,M,Cyan,Spring,4.5,No,Store Pickup,No,21,Credit Card,Weekly,5,0.5125,0.40816326530612246,0.4603316326530612,Mid Value,1.0,0.7040816326530612,0.7040816326530612,0,Satisfied,High Loyalty
3390,38,Female,Pants,Clothing,57,North Carolina,L,Maroon,Fall,3.8,No,Free Shipping,No,39,Venmo,Annually,1,0.4625,0.7755102040816326,0.6190051020408163,Mid Value,0.0,0.3877551020408163,0.3877551020408163,0,Unsatisfied,Mid Loyalty
3391,32,Female,Socks,Clothing,70,Oregon,S,Red,Summer,3.0,No,Next Day Air,No,38,PayPal,Annually,1,0.625,0.7551020408163265,0.6900510204081632,High Value,0.0,0.37755102040816324,0.37755102040816324,0,Unsatisfied,Mid Loyalty
3392,47,Female,Hoodie,Clothing,57,Montana,M,Silver,Fall,3.7,No,2-Day Shipping,No,6,Debit Card,Quarterly,2,0.4625,0.10204081632653061,0.2822704081632653,Low Value,0.25,0.1760204081632653,0.1760204081632653,0,Unsatisfied,Low Loyalty
3393,53,Female,Scarf,Accessories,74,New Jersey,XL,Blue,Winter,4.4,No,Free Shipping,No,6,Venmo,Fortnightly,4,0.675,0.10204081632653061,0.38852040816326533,Mid Value,0.75,0.4260204081632653,0.4260204081632653,0,Satisfied,Mid Loyalty
3394,60,Female,Dress,Clothing,90,Arizona,M,Gold,Fall,3.1,No,Next Day Air,No,50,Debit Card,Monthly,3,0.875,1.0,0.9375,High Value,0.5,0.75,0.75,0,Unsatisfied,High Loyalty
3395,31,Female,Sandals,Footwear,98,Vermont,S,Yellow,Spring,4.2,No,Store Pickup,No,9,PayPal,Annually,1,0.975,0.16326530612244897,0.5691326530612245,Mid Value,0.0,0.08163265306122448,0.08163265306122448,0,Satisfied,Low Loyalty
3396,44,Female,Dress,Clothing,43,Colorado,M,Silver,Winter,3.1,No,Free Shipping,No,15,Debit Card,Quarterly,2,0.2875,0.2857142857142857,0.28660714285714284,Low Value,0.25,0.26785714285714285,0.26785714285714285,0,Unsatisfied,Low Loyalty
3397,29,Female,Pants,Clothing,37,Tennessee,XL,Black,Winter,5.0,No,Next Day Air,No,5,PayPal,Quarterly,2,0.2125,0.08163265306122448,0.14706632653061225,Low Value,0.25,0.16581632653061223,0.16581632653061223,0,Satisfied,Low Loyalty
3398,19,Female,Blouse,Clothing,38,New Jersey,L,Yellow,Summer,2.7,No,Standard,No,13,Bank Transfer,Fortnightly,4,0.225,0.24489795918367346,0.23494897959183675,Low Value,0.75,0.49744897959183676,0.49744897959183676,0,Unsatisfied,Mid Loyalty
3399,54,Female,Jeans,Clothing,60,Montana,L,Pink,Winter,3.8,No,Standard,No,44,Cash,Fortnightly,4,0.5,0.8775510204081632,0.6887755102040816,High Value,0.75,0.8137755102040816,0.8137755102040816,0,Unsatisfied,High Loyalty
3400,40,Female,Pants,Clothing,55,Montana,XL,Yellow,Winter,3.3,No,Standard,No,36,Debit Card,Annually,1,0.4375,0.7142857142857143,0.5758928571428572,Mid Value,0.0,0.35714285714285715,0.35714285714285715,0,Unsatisfied,Mid Loyalty
3401,39,Female,Sunglasses,Accessories,51,Nevada,M,Lavender,Fall,4.8,No,Free Shipping,No,18,Venmo,Fortnightly,4,0.3875,0.3469387755102041,0.36721938775510204,Mid Value,0.75,0.548469387755102,0.548469387755102,0,Satisfied,Mid Loyalty
3402,44,Female,Backpack,Accessories,71,Nevada,L,Peach,Winter,3.4,No,Standard,No,39,Credit Card,Weekly,5,0.6375,0.7755102040816326,0.7065051020408163,High Value,1.0,0.8877551020408163,0.8877551020408163,0,Unsatisfied,High Loyalty
3403,22,Female,Hoodie,Clothing,61,Louisiana,M,Black,Spring,4.4,No,2-Day Shipping,No,11,PayPal,Quarterly,2,0.5125,0.20408163265306123,0.3582908163265306,Mid Value,0.25,0.22704081632653061,0.22704081632653061,0,Satisfied,Low Loyalty
3404,30,Female,Boots,Footwear,65,Illinois,M,Olive,Summer,3.9,No,Standard,No,1,Cash,Fortnightly,4,0.5625,0.0,0.28125,Low Value,0.75,0.375,0.375,0,Satisfied,Mid Loyalty
3405,69,Female,Gloves,Accessories,34,South Carolina,L,Olive,Fall,3.9,No,2-Day Shipping,No,34,Credit Card,Annually,1,0.175,0.673469387755102,0.424234693877551,Mid Value,0.0,0.336734693877551,0.336734693877551,0,Satisfied,Mid Loyalty
3406,28,Female,Blouse,Clothing,87,Washington,M,White,Summer,4.2,No,Store Pickup,No,47,Bank Transfer,Fortnightly,4,0.8375,0.9387755102040817,0.8881377551020408,High Value,0.75,0.8443877551020409,0.8443877551020409,0,Satisfied,High Loyalty
3407,57,Female,Sweater,Clothing,79,Nebraska,M,Red,Spring,4.0,No,Store Pickup,No,24,Venmo,Quarterly,2,0.7375,0.46938775510204084,0.6034438775510205,Mid Value,0.25,0.35969387755102045,0.35969387755102045,0,Satisfied,Mid Loyalty
3408,46,Female,Dress,Clothing,46,Alabama,S,Purple,Spring,2.6,No,Store Pickup,No,20,Cash,Quarterly,2,0.325,0.3877551020408163,0.35637755102040813,Mid Value,0.25,0.31887755102040816,0.31887755102040816,0,Unsatisfied,Low Loyalty
3409,48,Female,Socks,Clothing,72,Montana,L,Purple,Summer,4.4,No,Standard,No,11,Bank Transfer,Annually,1,0.65,0.20408163265306123,0.4270408163265306,Mid Value,0.0,0.10204081632653061,0.10204081632653061,0,Satisfied,Low Loyalty
3410,24,Female,Shirt,Clothing,93,Minnesota,M,Teal,Summer,3.2,No,Next Day Air,No,3,Credit Card,Quarterly,2,0.9125,0.04081632653061224,0.47665816326530613,Mid Value,0.25,0.14540816326530612,0.14540816326530612,0,Unsatisfied,Low Loyalty
3411,50,Female,Sandals,Footwear,76,Ohio,L,Teal,Summer,4.3,No,Free Shipping,No,38,Bank Transfer,Fortnightly,4,0.7,0.7551020408163265,0.7275510204081632,High Value,0.75,0.7525510204081632,0.7525510204081632,0,Satisfied,High Loyalty
3412,29,Female,Shoes,Footwear,56,New York,L,Gray,Winter,4.9,No,2-Day Shipping,No,45,Cash,Weekly,5,0.45,0.8979591836734694,0.6739795918367347,High Value,1.0,0.9489795918367347,0.9489795918367347,0,Satisfied,High Loyalty
3413,61,Female,Sandals,Footwear,83,Indiana,M,Magenta,Fall,3.8,No,Store Pickup,No,31,Venmo,Quarterly,2,0.7875,0.6122448979591837,0.6998724489795918,High Value,0.25,0.43112244897959184,0.43112244897959184,0,Unsatisfied,Mid Loyalty
3414,34,Female,Gloves,Accessories,90,Delaware,XL,Black,Winter,2.5,No,Express,No,16,PayPal,Fortnightly,4,0.875,0.30612244897959184,0.590561224489796,Mid Value,0.75,0.528061224489796,0.528061224489796,0,Unsatisfied,Mid Loyalty
3415,27,Female,Boots,Footwear,94,Connecticut,M,Maroon,Spring,4.9,No,Next Day Air,No,3,Bank Transfer,Quarterly,2,0.925,0.04081632653061224,0.48290816326530617,Mid Value,0.25,0.14540816326530612,0.14540816326530612,0,Satisfied,Low Loyalty
3416,38,Female,Blouse,Clothing,68,New York,M,Gold,Fall,3.0,No,2-Day Shipping,No,15,Bank Transfer,Annually,1,0.6,0.2857142857142857,0.44285714285714284,Mid Value,0.0,0.14285714285714285,0.14285714285714285,0,Unsatisfied,Low Loyalty
3417,25,Female,Sandals,Footwear,53,Alabama,M,Purple,Spring,3.2,No,Store Pickup,No,11,Bank Transfer,Quarterly,2,0.4125,0.20408163265306123,0.3082908163265306,Low Value,0.25,0.22704081632653061,0.22704081632653061,0,Unsatisfied,Low Loyalty
3418,54,Female,Coat,Outerwear,35,Massachusetts,M,Blue,Summer,2.9,No,2-Day Shipping,No,22,Debit Card,Fortnightly,4,0.1875,0.42857142857142855,0.3080357142857143,Low Value,0.75,0.5892857142857143,0.5892857142857143,0,Unsatisfied,Mid Loyalty
3419,53,Female,Jacket,Outerwear,30,South Carolina,M,Beige,Summer,2.8,No,Free Shipping,No,35,Debit Card,Annually,1,0.125,0.6938775510204082,0.4094387755102041,Mid Value,0.0,0.3469387755102041,0.3469387755102041,0,Unsatisfied,Mid Loyalty
3420,23,Female,Jewelry,Accessories,26,West Virginia,L,Indigo,Winter,3.1,No,Store Pickup,No,5,Venmo,Fortnightly,4,0.075,0.08163265306122448,0.07831632653061224,Low Value,0.75,0.41581632653061223,0.41581632653061223,0,Unsatisfied,Mid Loyalty
3421,19,Female,Hat,Accessories,60,Kentucky,M,Purple,Winter,3.4,No,Express,No,35,PayPal,Fortnightly,4,0.5,0.6938775510204082,0.596938775510204,Mid Value,0.75,0.721938775510204,0.721938775510204,0,Unsatisfied,High Loyalty
3422,57,Female,Shoes,Footwear,30,New Jersey,M,Maroon,Summer,2.9,No,Free Shipping,No,27,PayPal,Weekly,5,0.125,0.5306122448979592,0.3278061224489796,Low Value,1.0,0.7653061224489797,0.7653061224489797,0,Unsatisfied,High Loyalty
3423,19,Female,Coat,Outerwear,91,New York,L,Beige,Winter,3.2,No,Next Day Air,No,9,Venmo,Monthly,3,0.8875,0.16326530612244897,0.5253826530612244,Mid Value,0.5,0.33163265306122447,0.33163265306122447,0,Unsatisfied,Low Loyalty
3424,33,Female,Boots,Footwear,71,Massachusetts,M,Brown,Spring,3.8,No,Next Day Air,No,21,PayPal,Fortnightly,4,0.6375,0.40816326530612246,0.5228316326530612,Mid Value,0.75,0.5790816326530612,0.5790816326530612,0,Unsatisfied,Mid Loyalty
3425,33,Female,Scarf,Accessories,64,Florida,L,Green,Summer,3.6,No,2-Day Shipping,No,23,Credit Card,Monthly,3,0.55,0.4489795918367347,0.4994897959183674,Mid Value,0.5,0.4744897959183674,0.4744897959183674,0,Unsatisfied,Mid Loyalty
3426,38,Female,Hat,Accessories,54,Michigan,M,Blue,Summer,4.3,No,Next Day Air,No,3,Debit Card,Fortnightly,4,0.425,0.04081632653061224,0.2329081632653061,Low Value,0.75,0.39540816326530615,0.39540816326530615,0,Satisfied,Mid Loyalty
3427,47,Female,Socks,Clothing,35,Oregon,XL,Magenta,Fall,4.8,No,2-Day Shipping,No,31,Credit Card,Annually,1,0.1875,0.6122448979591837,0.39987244897959184,Mid Value,0.0,0.30612244897959184,0.30612244897959184,0,Satisfied,Low Loyalty
3428,39,Female,T-shirt,Clothing,38,Michigan,XL,Turquoise,Winter,2.5,No,Store Pickup,No,44,Cash,Annually,1,0.225,0.8775510204081632,0.5512755102040816,Mid Value,0.0,0.4387755102040816,0.4387755102040816,0,Unsatisfied,Mid Loyalty
3429,32,Female,Jewelry,Accessories,69,Washington,M,Gray,Fall,2.5,No,Next Day Air,No,20,Venmo,Monthly,3,0.6125,0.3877551020408163,0.5001275510204082,Mid Value,0.5,0.44387755102040816,0.44387755102040816,0,Unsatisfied,Mid Loyalty
3430,27,Female,Skirt,Clothing,96,Alaska,S,Purple,Winter,4.6,No,Express,No,34,Debit Card,Weekly,5,0.95,0.673469387755102,0.8117346938775509,High Value,1.0,0.8367346938775511,0.8367346938775511,0,Satisfied,High Loyalty
3431,67,Female,Socks,Clothing,73,Montana,M,Lavender,Winter,4.2,No,Next Day Air,No,17,Bank Transfer,Quarterly,2,0.6625,0.32653061224489793,0.494515306122449,Mid Value,0.25,0.28826530612244894,0.28826530612244894,0,Satisfied,Low Loyalty
3432,46,Female,Belt,Accessories,49,New Mexico,S,Green,Summer,4.2,No,Express,No,20,Venmo,Annually,1,0.3625,0.3877551020408163,0.3751275510204082,Mid Value,0.0,0.19387755102040816,0.19387755102040816,0,Satisfied,Low Loyalty
3433,36,Female,Boots,Footwear,44,Connecticut,M,Gray,Summer,4.8,No,2-Day Shipping,No,46,PayPal,Quarterly,2,0.3,0.9183673469387755,0.6091836734693877,Mid Value,0.25,0.5841836734693877,0.5841836734693877,0,Satisfied,Mid Loyalty
3434,62,Female,Socks,Clothing,93,Alaska,M,Yellow,Spring,4.5,No,Free Shipping,No,28,PayPal,Annually,1,0.9125,0.5510204081632653,0.7317602040816327,High Value,0.0,0.2755102040816326,0.2755102040816326,0,Satisfied,Low Loyalty
3435,31,Female,Pants,Clothing,72,Ohio,S,Orange,Summer,3.3,No,2-Day Shipping,No,6,Venmo,Fortnightly,4,0.65,0.10204081632653061,0.3760204081632653,Mid Value,0.75,0.4260204081632653,0.4260204081632653,0,Unsatisfied,Mid Loyalty
3436,68,Female,Socks,Clothing,91,Montana,M,Beige,Summer,2.7,No,2-Day Shipping,No,50,Debit Card,Fortnightly,4,0.8875,1.0,0.94375,High Value,0.75,0.875,0.875,0,Unsatisfied,High Loyalty
3437,57,Female,Belt,Accessories,83,Nebraska,L,Peach,Winter,2.8,No,2-Day Shipping,No,41,Bank Transfer,Monthly,3,0.7875,0.8163265306122449,0.8019132653061225,High Value,0.5,0.6581632653061225,0.6581632653061225,0,Unsatisfied,Mid Loyalty
3438,22,Female,Jacket,Outerwear,62,Oklahoma,S,Green,Winter,3.5,No,2-Day Shipping,No,50,PayPal,Annually,1,0.525,1.0,0.7625,High Value,0.0,0.5,0.5,0,Unsatisfied,Mid Loyalty
3439,26,Female,Shirt,Clothing,71,Kentucky,M,Violet,Fall,3.0,No,Store Pickup,No,33,Credit Card,Monthly,3,0.6375,0.6530612244897959,0.645280612244898,Mid Value,0.5,0.5765306122448979,0.5765306122448979,0,Unsatisfied,Mid Loyalty
3440,43,Female,Gloves,Accessories,93,Idaho,M,Gray,Summer,4.5,No,Express,No,25,Venmo,Quarterly,2,0.9125,0.4897959183673469,0.7011479591836735,High Value,0.25,0.36989795918367346,0.36989795918367346,0,Satisfied,Mid Loyalty
3441,45,Female,Handbag,Accessories,63,Maryland,L,Magenta,Fall,4.3,No,2-Day Shipping,No,2,PayPal,Weekly,5,0.5375,0.02040816326530612,0.27895408163265306,Low Value,1.0,0.5102040816326531,0.5102040816326531,0,Satisfied,Mid Loyalty
3442,64,Female,Sweater,Clothing,96,Tennessee,XL,Charcoal,Fall,4.1,No,Standard,No,15,Credit Card,Annually,1,0.95,0.2857142857142857,0.6178571428571429,Mid Value,0.0,0.14285714285714285,0.14285714285714285,0,Satisfied,Low Loyalty
3443,28,Female,Skirt,Clothing,78,Michigan,M,Violet,Spring,4.3,No,Next Day Air,No,12,PayPal,Weekly,5,0.725,0.22448979591836735,0.4747448979591837,Mid Value,1.0,0.6122448979591837,0.6122448979591837,0,Satisfied,Mid Loyalty
3444,47,Female,Dress,Clothing,24,Tennessee,L,Silver,Summer,5.0,No,Free Shipping,No,28,Cash,Fortnightly,4,0.05,0.5510204081632653,0.30051020408163265,Low Value,0.75,0.6505102040816326,0.6505102040816326,0,Satisfied,Mid Loyalty
3445,53,Female,Pants,Clothing,63,Rhode Island,S,Green,Summer,3.8,No,2-Day Shipping,No,12,Bank Transfer,Fortnightly,4,0.5375,0.22448979591836735,0.3809948979591837,Mid Value,0.75,0.4872448979591837,0.4872448979591837,0,Unsatisfied,Mid Loyalty
3446,42,Female,Hat,Accessories,58,Florida,M,Magenta,Fall,4.9,No,Standard,No,3,Debit Card,Annually,1,0.475,0.04081632653061224,0.25790816326530613,Low Value,0.0,0.02040816326530612,0.02040816326530612,0,Satisfied,Low Loyalty
3447,51,Female,Boots,Footwear,55,Louisiana,S,Purple,Spring,5.0,No,2-Day Shipping,No,20,Cash,Weekly,5,0.4375,0.3877551020408163,0.41262755102040816,Mid Value,1.0,0.6938775510204082,0.6938775510204082,0,Satisfied,High Loyalty
3448,62,Female,Sandals,Footwear,58,Arkansas,M,Blue,Fall,4.3,No,Express,No,3,Bank Transfer,Fortnightly,4,0.475,0.04081632653061224,0.25790816326530613,Low Value,0.75,0.39540816326530615,0.39540816326530615,0,Satisfied,Mid Loyalty
3449,18,Female,Coat,Outerwear,28,Kentucky,S,Yellow,Winter,4.1,No,Express,No,32,Bank Transfer,Fortnightly,4,0.1,0.6326530612244898,0.3663265306122449,Mid Value,0.75,0.6913265306122449,0.6913265306122449,0,Satisfied,High Loyalty
3450,48,Female,Blouse,Clothing,37,Kansas,M,Brown,Spring,4.5,No,Standard,No,35,Cash,Monthly,3,0.2125,0.6938775510204082,0.4531887755102041,Mid Value,0.5,0.596938775510204,0.596938775510204,0,Satisfied,Mid Loyalty
3451,20,Female,Shorts,Clothing,78,Vermont,M,Pink,Spring,3.6,No,Store Pickup,No,31,PayPal,Monthly,3,0.725,0.6122448979591837,0.6686224489795918,Mid Value,0.5,0.5561224489795918,0.5561224489795918,0,Unsatisfied,Mid Loyalty
3452,32,Female,Blouse,Clothing,73,Nevada,XL,Silver,Fall,3.0,No,Free Shipping,No,13,Credit Card,Annually,1,0.6625,0.24489795918367346,0.4536989795918367,Mid Value,0.0,0.12244897959183673,0.12244897959183673,0,Unsatisfied,Low Loyalty
3453,26,Female,Jacket,Outerwear,20,Oklahoma,M,Indigo,Spring,3.7,No,Next Day Air,No,3,Venmo,Fortnightly,4,0.0,0.04081632653061224,0.02040816326530612,Low Value,0.75,0.39540816326530615,0.39540816326530615,0,Unsatisfied,Mid Loyalty
3454,31,Female,Shirt,Clothing,60,Alabama,L,Pink,Winter,4.3,No,Standard,No,48,Venmo,Fortnightly,4,0.5,0.9591836734693877,0.7295918367346939,High Value,0.75,0.8545918367346939,0.8545918367346939,0,Satisfied,High Loyalty
3455,55,Female,Handbag,Accessories,71,Louisiana,S,Lavender,Fall,4.6,No,Store Pickup,No,15,PayPal,Fortnightly,4,0.6375,0.2857142857142857,0.4616071428571428,Mid Value,0.75,0.5178571428571428,0.5178571428571428,0,Satisfied,Mid Loyalty
3456,49,Female,T-shirt,Clothing,89,Ohio,M,Orange,Fall,4.7,No,Standard,No,13,Venmo,Annually,1,0.8625,0.24489795918367346,0.5536989795918368,Mid Value,0.0,0.12244897959183673,0.12244897959183673,0,Satisfied,Low Loyalty
3457,42,Female,Hoodie,Clothing,53,Texas,M,Red,Fall,4.6,No,Express,No,21,Venmo,Monthly,3,0.4125,0.40816326530612246,0.4103316326530612,Mid Value,0.5,0.45408163265306123,0.45408163265306123,0,Satisfied,Mid Loyalty
3458,64,Female,Jewelry,Accessories,87,Maryland,M,Gray,Summer,3.0,No,Express,No,29,Cash,Fortnightly,4,0.8375,0.5714285714285714,0.7044642857142858,High Value,0.75,0.6607142857142857,0.6607142857142857,0,Unsatisfied,Mid Loyalty
3459,68,Female,Jewelry,Accessories,37,West Virginia,L,Violet,Spring,3.4,No,Standard,No,24,Venmo,Quarterly,2,0.2125,0.46938775510204084,0.3409438775510204,Mid Value,0.25,0.35969387755102045,0.35969387755102045,0,Unsatisfied,Mid Loyalty
3460,68,Female,Hoodie,Clothing,37,Ohio,L,Green,Fall,3.8,No,Express,No,21,PayPal,Annually,1,0.2125,0.40816326530612246,0.31033163265306124,Low Value,0.0,0.20408163265306123,0.20408163265306123,0,Unsatisfied,Low Loyalty
3461,41,Female,Scarf,Accessories,78,Indiana,M,Gold,Spring,3.1,No,Express,No,5,Bank Transfer,Fortnightly,4,0.725,0.08163265306122448,0.4033163265306122,Mid Value,0.75,0.41581632653061223,0.41581632653061223,0,Unsatisfied,Mid Loyalty
3462,51,Female,Shoes,Footwear,23,Wyoming,S,Maroon,Spring,4.4,No,Standard,No,47,Cash,Quarterly,2,0.0375,0.9387755102040817,0.4881377551020408,Mid Value,0.25,0.5943877551020409,0.5943877551020409,0,Satisfied,Mid Loyalty
3463,44,Female,Jeans,Clothing,73,Michigan,L,Olive,Spring,4.5,No,Standard,No,34,Credit Card,Quarterly,2,0.6625,0.673469387755102,0.667984693877551,Mid Value,0.25,0.461734693877551,0.461734693877551,0,Satisfied,Mid Loyalty
3464,27,Female,Jewelry,Accessories,27,Maine,M,Yellow,Fall,2.8,No,2-Day Shipping,No,45,PayPal,Fortnightly,4,0.0875,0.8979591836734694,0.4927295918367347,Mid Value,0.75,0.8239795918367347,0.8239795918367347,0,Unsatisfied,High Loyalty
3465,36,Female,Coat,Outerwear,59,Utah,S,Peach,Winter,2.7,No,Next Day Air,No,12,PayPal,Annually,1,0.4875,0.22448979591836735,0.35599489795918365,Mid Value,0.0,0.11224489795918367,0.11224489795918367,0,Unsatisfied,Low Loyalty
3466,19,Female,Backpack,Accessories,53,Iowa,M,Gold,Spring,3.4,No,Standard,No,31,Debit Card,Weekly,5,0.4125,0.6122448979591837,0.5123724489795918,Mid Value,1.0,0.8061224489795918,0.8061224489795918,0,Unsatisfied,High Loyalty
3467,49,Female,Socks,Clothing,42,Maryland,S,Purple,Summer,4.6,No,Standard,No,43,Bank Transfer,Annually,1,0.275,0.8571428571428571,0.5660714285714286,Mid Value,0.0,0.42857142857142855,0.42857142857142855,0,Satisfied,Mid Loyalty
3468,18,Female,Scarf,Accessories,45,Texas,M,Charcoal,Fall,5.0,No,Next Day Air,No,5,Credit Card,Annually,1,0.3125,0.08163265306122448,0.19706632653061223,Low Value,0.0,0.04081632653061224,0.04081632653061224,0,Satisfied,Low Loyalty
3469,36,Female,Sunglasses,Accessories,89,Ohio,S,Indigo,Winter,3.5,No,Standard,No,36,Debit Card,Quarterly,2,0.8625,0.7142857142857143,0.7883928571428571,High Value,0.25,0.48214285714285715,0.48214285714285715,0,Unsatisfied,Mid Loyalty
3470,36,Female,Socks,Clothing,85,North Dakota,L,Magenta,Fall,3.3,No,Store Pickup,No,12,Cash,Annually,1,0.8125,0.22448979591836735,0.5184948979591837,Mid Value,0.0,0.11224489795918367,0.11224489795918367,0,Unsatisfied,Low Loyalty
3471,19,Female,Coat,Outerwear,69,West Virginia,S,Olive,Summer,4.5,No,Free Shipping,No,31,Cash,Fortnightly,4,0.6125,0.6122448979591837,0.6123724489795919,Mid Value,0.75,0.6811224489795918,0.6811224489795918,0,Satisfied,High Loyalty
3472,43,Female,Sandals,Footwear,66,North Carolina,S,Blue,Spring,3.1,No,Store Pickup,No,31,Cash,Fortnightly,4,0.575,0.6122448979591837,0.5936224489795918,Mid Value,0.75,0.6811224489795918,0.6811224489795918,0,Unsatisfied,High Loyalty
3473,31,Female,Blouse,Clothing,42,Georgia,S,White,Summer,4.0,No,Free Shipping,No,15,Debit Card,Weekly,5,0.275,0.2857142857142857,0.28035714285714286,Low Value,1.0,0.6428571428571428,0.6428571428571428,0,Satisfied,Mid Loyalty
3474,63,Female,Dress,Clothing,40,Kansas,M,Cyan,Spring,2.5,No,Express,No,11,Cash,Weekly,5,0.25,0.20408163265306123,0.22704081632653061,Low Value,1.0,0.6020408163265306,0.6020408163265306,0,Unsatisfied,Mid Loyalty
3475,41,Female,Pants,Clothing,82,Maine,M,Cyan,Winter,4.4,No,Store Pickup,No,18,Venmo,Monthly,3,0.775,0.3469387755102041,0.5609693877551021,Mid Value,0.5,0.423469387755102,0.423469387755102,0,Satisfied,Mid Loyalty
3476,48,Female,Sneakers,Footwear,88,South Carolina,M,Orange,Spring,4.4,No,Express,No,9,Cash,Quarterly,2,0.85,0.16326530612244897,0.5066326530612245,Mid Value,0.25,0.20663265306122447,0.20663265306122447,0,Satisfied,Low Loyalty
3477,68,Female,Boots,Footwear,99,South Carolina,XL,Orange,Summer,3.2,No,Free Shipping,No,11,Cash,Weekly,5,0.9875,0.20408163265306123,0.5957908163265306,Mid Value,1.0,0.6020408163265306,0.6020408163265306,0,Unsatisfied,Mid Loyalty
3478,53,Female,Handbag,Accessories,85,Kentucky,S,Teal,Spring,3.8,No,Store Pickup,No,38,Debit Card,Fortnightly,4,0.8125,0.7551020408163265,0.7838010204081632,High Value,0.75,0.7525510204081632,0.7525510204081632,0,Unsatisfied,High Loyalty
3479,36,Female,Handbag,Accessories,57,Arizona,M,Magenta,Fall,4.6,No,Store Pickup,No,42,PayPal,Quarterly,2,0.4625,0.8367346938775511,0.6496173469387756,Mid Value,0.25,0.5433673469387755,0.5433673469387755,0,Satisfied,Mid Loyalty
3480,46,Female,Sweater,Clothing,56,New York,S,Orange,Summer,4.9,No,Standard,No,41,Cash,Monthly,3,0.45,0.8163265306122449,0.6331632653061224,Mid Value,0.5,0.6581632653061225,0.6581632653061225,0,Satisfied,Mid Loyalty
3481,21,Female,Sandals,Footwear,79,New Hampshire,L,Peach,Winter,3.5,No,Free Shipping,No,45,PayPal,Monthly,3,0.7375,0.8979591836734694,0.8177295918367347,High Value,0.5,0.6989795918367347,0.6989795918367347,0,Unsatisfied,High Loyalty
3482,52,Female,Socks,Clothing,67,Ohio,S,Maroon,Summer,3.4,No,Store Pickup,No,41,Debit Card,Fortnightly,4,0.5875,0.8163265306122449,0.7019132653061224,High Value,0.75,0.7831632653061225,0.7831632653061225,0,Unsatisfied,High Loyalty
3483,66,Female,Gloves,Accessories,61,Hawaii,M,Gold,Winter,3.9,No,Next Day Air,No,35,Debit Card,Weekly,5,0.5125,0.6938775510204082,0.6031887755102041,Mid Value,1.0,0.846938775510204,0.846938775510204,0,Satisfied,High Loyalty
3484,19,Female,Hoodie,Clothing,37,Texas,L,White,Winter,3.9,No,Express,No,21,Credit Card,Quarterly,2,0.2125,0.40816326530612246,0.31033163265306124,Low Value,0.25,0.32908163265306123,0.32908163265306123,0,Satisfied,Low Loyalty
3485,44,Female,Dress,Clothing,75,Illinois,L,Gray,Fall,4.2,No,Free Shipping,No,13,Credit Card,Fortnightly,4,0.6875,0.24489795918367346,0.46619897959183676,Mid Value,0.75,0.49744897959183676,0.49744897959183676,0,Satisfied,Mid Loyalty
3486,50,Female,Shirt,Clothing,21,Massachusetts,XL,Brown,Winter,3.4,No,Standard,No,23,Debit Card,Fortnightly,4,0.0125,0.4489795918367347,0.23073979591836735,Low Value,0.75,0.5994897959183674,0.5994897959183674,0,Unsatisfied,Mid Loyalty
3487,51,Female,Shorts,Clothing,89,North Carolina,L,Charcoal,Winter,4.9,No,Standard,No,6,PayPal,Weekly,5,0.8625,0.10204081632653061,0.48227040816326533,Mid Value,1.0,0.5510204081632653,0.5510204081632653,0,Satisfied,Mid Loyalty
3488,25,Female,Sandals,Footwear,24,West Virginia,L,Beige,Fall,2.9,No,Store Pickup,No,39,Bank Transfer,Annually,1,0.05,0.7755102040816326,0.41275510204081634,Mid Value,0.0,0.3877551020408163,0.3877551020408163,0,Unsatisfied,Mid Loyalty
3489,62,Female,Sweater,Clothing,27,Delaware,XL,Teal,Spring,4.9,No,Store Pickup,No,7,Cash,Quarterly,2,0.0875,0.12244897959183673,0.10497448979591836,Low Value,0.25,0.18622448979591838,0.18622448979591838,0,Satisfied,Low Loyalty
3490,48,Female,Dress,Clothing,26,Idaho,L,Black,Summer,4.6,No,2-Day Shipping,No,32,PayPal,Quarterly,2,0.075,0.6326530612244898,0.3538265306122449,Mid Value,0.25,0.4413265306122449,0.4413265306122449,0,Satisfied,Mid Loyalty
3491,62,Female,Boots,Footwear,82,Oregon,M,Violet,Spring,3.6,No,Store Pickup,No,43,Credit Card,Quarterly,2,0.775,0.8571428571428571,0.8160714285714286,High Value,0.25,0.5535714285714286,0.5535714285714286,0,Unsatisfied,Mid Loyalty
3492,22,Female,Pants,Clothing,28,Maine,M,Orange,Winter,4.3,No,Express,No,15,Cash,Monthly,3,0.1,0.2857142857142857,0.19285714285714284,Low Value,0.5,0.39285714285714285,0.39285714285714285,0,Satisfied,Mid Loyalty
3493,48,Female,Gloves,Accessories,65,South Dakota,M,Turquoise,Fall,4.6,No,Standard,No,48,Bank Transfer,Annually,1,0.5625,0.9591836734693877,0.7608418367346939,High Value,0.0,0.47959183673469385,0.47959183673469385,0,Satisfied,Mid Loyalty
3494,48,Female,Pants,Clothing,82,New Mexico,XL,Black,Winter,4.7,No,Store Pickup,No,35,Credit Card,Weekly,5,0.775,0.6938775510204082,0.7344387755102041,High Value,1.0,0.846938775510204,0.846938775510204,0,Satisfied,High Loyalty
3495,62,Female,Scarf,Accessories,38,Washington,M,Silver,Winter,3.5,No,Free Shipping,No,41,PayPal,Quarterly,2,0.225,0.8163265306122449,0.5206632653061225,Mid Value,0.25,0.5331632653061225,0.5331632653061225,0,Unsatisfied,Mid Loyalty
3496,24,Female,Shorts,Clothing,33,Georgia,XL,Gray,Spring,2.8,No,Free Shipping,No,14,Cash,Weekly,5,0.1625,0.2653061224489796,0.21390306122448982,Low Value,1.0,0.6326530612244898,0.6326530612244898,0,Unsatisfied,Mid Loyalty
3497,39,Female,Shoes,Footwear,38,Idaho,M,Pink,Summer,4.0,No,Free Shipping,No,22,PayPal,Monthly,3,0.225,0.42857142857142855,0.3267857142857143,Low Value,0.5,0.4642857142857143,0.4642857142857143,0,Satisfied,Mid Loyalty
3498,35,Female,Handbag,Accessories,48,Colorado,M,Red,Spring,4.3,No,Store Pickup,No,16,Venmo,Quarterly,2,0.35,0.30612244897959184,0.3280612244897959,Low Value,0.25,0.2780612244897959,0.2780612244897959,0,Satisfied,Low Loyalty
3499,47,Female,Sandals,Footwear,35,Kentucky,M,Lavender,Summer,3.8,No,Standard,No,2,Bank Transfer,Fortnightly,4,0.1875,0.02040816326530612,0.10395408163265306,Low Value,0.75,0.3852040816326531,0.3852040816326531,0,Unsatisfied,Mid Loyalty
3500,22,Female,Socks,Clothing,29,New Jersey,L,Indigo,Fall,3.0,No,Next Day Air,No,13,PayPal,Quarterly,2,0.1125,0.24489795918367346,0.17869897959183673,Low Value,0.25,0.24744897959183673,0.24744897959183673,0,Unsatisfied,Low Loyalty
3501,38,Female,Shirt,Clothing,48,Oregon,S,Silver,Fall,4.6,No,Next Day Air,No,38,Debit Card,Fortnightly,4,0.35,0.7551020408163265,0.5525510204081632,Mid Value,0.75,0.7525510204081632,0.7525510204081632,0,Satisfied,High Loyalty
3502,53,Female,Shoes,Footwear,87,Nebraska,M,Silver,Fall,4.8,No,Standard,No,43,Bank Transfer,Weekly,5,0.8375,0.8571428571428571,0.8473214285714286,High Value,1.0,0.9285714285714286,0.9285714285714286,0,Satisfied,High Loyalty
3503,31,Female,Backpack,Accessories,62,Massachusetts,M,Green,Fall,4.7,No,Next Day Air,No,26,Bank Transfer,Quarterly,2,0.525,0.5102040816326531,0.5176020408163265,Mid Value,0.25,0.38010204081632654,0.38010204081632654,0,Satisfied,Mid Loyalty
3504,31,Female,Shirt,Clothing,96,Nebraska,M,Pink,Spring,3.9,No,Free Shipping,No,39,Cash,Weekly,5,0.95,0.7755102040816326,0.8627551020408163,High Value,1.0,0.8877551020408163,0.8877551020408163,0,Satisfied,High Loyalty
3505,65,Female,Handbag,Accessories,41,Hawaii,S,Violet,Fall,4.0,No,Next Day Air,No,50,Venmo,Monthly,3,0.2625,1.0,0.63125,Mid Value,0.5,0.75,0.75,0,Satisfied,High Loyalty
3506,48,Female,Jewelry,Accessories,42,Indiana,L,Red,Winter,3.7,No,2-Day Shipping,No,40,Bank Transfer,Quarterly,2,0.275,0.7959183673469388,0.5354591836734695,Mid Value,0.25,0.5229591836734694,0.5229591836734694,0,Unsatisfied,Mid Loyalty
3507,18,Female,Shirt,Clothing,57,Illinois,L,Olive,Winter,3.7,No,2-Day Shipping,No,12,Cash,Fortnightly,4,0.4625,0.22448979591836735,0.3434948979591837,Mid Value,0.75,0.4872448979591837,0.4872448979591837,0,Unsatisfied,Mid Loyalty
3508,46,Female,Handbag,Accessories,65,Colorado,S,Purple,Spring,4.2,No,Store Pickup,No,33,Credit Card,Quarterly,2,0.5625,0.6530612244897959,0.6077806122448979,Mid Value,0.25,0.45153061224489793,0.45153061224489793,0,Satisfied,Mid Loyalty
3509,52,Female,Pants,Clothing,54,Pennsylvania,M,Gray,Fall,4.7,No,Standard,No,49,Bank Transfer,Weekly,5,0.425,0.9795918367346939,0.702295918367347,High Value,1.0,0.9897959183673469,0.9897959183673469,0,Satisfied,High Loyalty
3510,50,Female,T-shirt,Clothing,22,Ohio,L,Brown,Winter,4.3,No,Next Day Air,No,43,Venmo,Fortnightly,4,0.025,0.8571428571428571,0.44107142857142856,Mid Value,0.75,0.8035714285714286,0.8035714285714286,0,Satisfied,High Loyalty
3511,49,Female,Sneakers,Footwear,96,Pennsylvania,S,Orange,Fall,4.9,No,2-Day Shipping,No,14,Venmo,Monthly,3,0.95,0.2653061224489796,0.6076530612244898,Mid Value,0.5,0.38265306122448983,0.38265306122448983,0,Satisfied,Mid Loyalty
3512,69,Female,Jewelry,Accessories,81,Mississippi,M,Blue,Summer,3.9,No,2-Day Shipping,No,21,Credit Card,Quarterly,2,0.7625,0.40816326530612246,0.5853316326530612,Mid Value,0.25,0.32908163265306123,0.32908163265306123,0,Satisfied,Low Loyalty
3513,36,Female,Shirt,Clothing,46,Kentucky,M,White,Fall,3.4,No,Free Shipping,No,31,Debit Card,Quarterly,2,0.325,0.6122448979591837,0.4686224489795918,Mid Value,0.25,0.43112244897959184,0.43112244897959184,0,Unsatisfied,Mid Loyalty
3514,30,Female,Blouse,Clothing,74,Alaska,XL,Charcoal,Spring,4.2,No,Store Pickup,No,29,Credit Card,Fortnightly,4,0.675,0.5714285714285714,0.6232142857142857,Mid Value,0.75,0.6607142857142857,0.6607142857142857,0,Satisfied,Mid Loyalty
3515,25,Female,Sneakers,Footwear,50,Georgia,XL,Gray,Winter,4.7,No,Express,No,32,Cash,Monthly,3,0.375,0.6326530612244898,0.5038265306122449,Mid Value,0.5,0.5663265306122449,0.5663265306122449,0,Satisfied,Mid Loyalty
3516,19,Female,Dress,Clothing,80,South Dakota,XL,Charcoal,Winter,4.0,No,Next Day Air,No,16,Debit Card,Fortnightly,4,0.75,0.30612244897959184,0.528061224489796,Mid Value,0.75,0.528061224489796,0.528061224489796,0,Satisfied,Mid Loyalty
3517,34,Female,Boots,Footwear,56,South Carolina,S,White,Summer,4.0,No,Free Shipping,No,38,PayPal,Fortnightly,4,0.45,0.7551020408163265,0.6025510204081632,Mid Value,0.75,0.7525510204081632,0.7525510204081632,0,Satisfied,High Loyalty
3518,29,Female,Skirt,Clothing,69,Tennessee,M,Orange,Winter,3.1,No,Next Day Air,No,34,Debit Card,Quarterly,2,0.6125,0.673469387755102,0.642984693877551,Mid Value,0.25,0.461734693877551,0.461734693877551,0,Unsatisfied,Mid Loyalty
3519,50,Female,Shirt,Clothing,97,Colorado,M,Black,Spring,4.2,No,Standard,No,30,PayPal,Quarterly,2,0.9625,0.5918367346938775,0.7771683673469387,High Value,0.25,0.42091836734693877,0.42091836734693877,0,Satisfied,Mid Loyalty
3520,31,Female,Shorts,Clothing,66,Wisconsin,M,White,Winter,3.7,No,Next Day Air,No,14,Bank Transfer,Fortnightly,4,0.575,0.2653061224489796,0.4201530612244898,Mid Value,0.75,0.5076530612244898,0.5076530612244898,0,Unsatisfied,Mid Loyalty
3521,41,Female,Hat,Accessories,70,Georgia,S,Brown,Spring,3.1,No,Express,No,33,Bank Transfer,Monthly,3,0.625,0.6530612244897959,0.6390306122448979,Mid Value,0.5,0.5765306122448979,0.5765306122448979,0,Unsatisfied,Mid Loyalty
3522,52,Female,Shoes,Footwear,50,Maryland,M,Pink,Winter,3.7,No,Store Pickup,No,35,Venmo,Weekly,5,0.375,0.6938775510204082,0.534438775510204,Mid Value,1.0,0.846938775510204,0.846938775510204,0,Unsatisfied,High Loyalty
3523,27,Female,Pants,Clothing,85,New Jersey,M,Yellow,Spring,3.2,No,Store Pickup,No,13,Cash,Quarterly,2,0.8125,0.24489795918367346,0.5286989795918368,Mid Value,0.25,0.24744897959183673,0.24744897959183673,0,Unsatisfied,Low Loyalty
3524,49,Female,Backpack,Accessories,59,Nevada,M,Cyan,Summer,2.8,No,Standard,No,30,Cash,Fortnightly,4,0.4875,0.5918367346938775,0.5396683673469388,Mid Value,0.75,0.6709183673469388,0.6709183673469388,0,Unsatisfied,High Loyalty
3525,69,Female,Pants,Clothing,74,Michigan,L,Silver,Summer,2.9,No,Free Shipping,No,30,Credit Card,Monthly,3,0.675,0.5918367346938775,0.6334183673469388,Mid Value,0.5,0.5459183673469388,0.5459183673469388,0,Unsatisfied,Mid Loyalty
3526,45,Female,Sunglasses,Accessories,38,Wyoming,L,Olive,Winter,3.5,No,Standard,No,47,Bank Transfer,Annually,1,0.225,0.9387755102040817,0.5818877551020408,Mid Value,0.0,0.46938775510204084,0.46938775510204084,0,Unsatisfied,Mid Loyalty
3527,20,Female,Sweater,Clothing,99,Massachusetts,M,Olive,Spring,3.8,No,Express,No,1,PayPal,Quarterly,2,0.9875,0.0,0.49375,Mid Value,0.25,0.125,0.125,0,Unsatisfied,Low Loyalty
3528,25,Female,Blouse,Clothing,97,Washington,S,Charcoal,Spring,4.7,No,Free Shipping,No,1,Cash,Weekly,5,0.9625,0.0,0.48125,Mid Value,1.0,0.5,0.5,0,Satisfied,Mid Loyalty
3529,38,Female,Scarf,Accessories,67,Maine,L,Gray,Summer,4.5,No,Free Shipping,No,33,PayPal,Annually,1,0.5875,0.6530612244897959,0.6202806122448979,Mid Value,0.0,0.32653061224489793,0.32653061224489793,0,Satisfied,Low Loyalty
3530,55,Female,T-shirt,Clothing,20,Montana,S,Maroon,Winter,3.9,No,Next Day Air,No,43,Bank Transfer,Weekly,5,0.0,0.8571428571428571,0.42857142857142855,Mid Value,1.0,0.9285714285714286,0.9285714285714286,0,Satisfied,High Loyalty
3531,62,Female,Sunglasses,Accessories,45,Oklahoma,L,Black,Spring,3.4,No,Express,No,37,PayPal,Weekly,5,0.3125,0.7346938775510204,0.5235969387755102,Mid Value,1.0,0.8673469387755102,0.8673469387755102,0,Unsatisfied,High Loyalty
3532,54,Female,Shoes,Footwear,52,North Dakota,XL,Violet,Winter,4.6,No,2-Day Shipping,No,23,Cash,Quarterly,2,0.4,0.4489795918367347,0.42448979591836733,Mid Value,0.25,0.3494897959183674,0.3494897959183674,0,Satisfied,Mid Loyalty
3533,61,Female,Pants,Clothing,68,Connecticut,L,Indigo,Fall,4.6,No,Standard,No,12,Credit Card,Annually,1,0.6,0.22448979591836735,0.4122448979591837,Mid Value,0.0,0.11224489795918367,0.11224489795918367,0,Satisfied,Low Loyalty
3534,50,Female,Sneakers,Footwear,98,Texas,L,Yellow,Fall,4.7,No,Standard,No,30,Venmo,Fortnightly,4,0.975,0.5918367346938775,0.7834183673469388,High Value,0.75,0.6709183673469388,0.6709183673469388,0,Satisfied,High Loyalty
3535,65,Female,Shoes,Footwear,83,Delaware,M,Gray,Fall,3.2,No,Express,No,7,Cash,Weekly,5,0.7875,0.12244897959183673,0.45497448979591837,Mid Value,1.0,0.5612244897959183,0.5612244897959183,0,Unsatisfied,Mid Loyalty
3536,68,Female,Shorts,Clothing,51,Mississippi,M,Red,Summer,5.0,No,Express,No,20,Debit Card,Monthly,3,0.3875,0.3877551020408163,0.38762755102040813,Mid Value,0.5,0.44387755102040816,0.44387755102040816,0,Satisfied,Mid Loyalty
3537,55,Female,Handbag,Accessories,21,Minnesota,L,Peach,Spring,4.5,No,Express,No,10,Venmo,Monthly,3,0.0125,0.1836734693877551,0.09808673469387756,Low Value,0.5,0.34183673469387754,0.34183673469387754,0,Satisfied,Mid Loyalty
3538,57,Female,Handbag,Accessories,92,Georgia,M,Gray,Spring,3.5,No,Standard,No,40,Credit Card,Quarterly,2,0.9,0.7959183673469388,0.8479591836734695,High Value,0.25,0.5229591836734694,0.5229591836734694,0,Unsatisfied,Mid Loyalty
3539,56,Female,Shoes,Footwear,63,Iowa,S,White,Spring,4.5,No,Store Pickup,No,21,Venmo,Monthly,3,0.5375,0.40816326530612246,0.4728316326530612,Mid Value,0.5,0.45408163265306123,0.45408163265306123,0,Satisfied,Mid Loyalty
3540,29,Female,Jewelry,Accessories,56,New York,S,Green,Spring,3.2,No,Express,No,17,Credit Card,Fortnightly,4,0.45,0.32653061224489793,0.38826530612244897,Mid Value,0.75,0.5382653061224489,0.5382653061224489,0,Unsatisfied,Mid Loyalty
3541,24,Female,Shorts,Clothing,95,Nevada,M,Magenta,Spring,4.6,No,Free Shipping,No,5,Bank Transfer,Weekly,5,0.9375,0.08163265306122448,0.5095663265306123,Mid Value,1.0,0.5408163265306123,0.5408163265306123,0,Satisfied,Mid Loyalty
3542,59,Female,Blouse,Clothing,66,Virginia,M,Olive,Winter,4.0,No,Next Day Air,No,22,PayPal,Annually,1,0.575,0.42857142857142855,0.5017857142857143,Mid Value,0.0,0.21428571428571427,0.21428571428571427,0,Satisfied,Low Loyalty
3543,62,Female,Coat,Outerwear,28,Idaho,S,Olive,Spring,4.2,No,Express,No,5,Venmo,Weekly,5,0.1,0.08163265306122448,0.09081632653061225,Low Value,1.0,0.5408163265306123,0.5408163265306123,0,Satisfied,Mid Loyalty
3544,58,Female,Hat,Accessories,83,Colorado,M,Blue,Winter,4.1,No,Standard,No,18,PayPal,Quarterly,2,0.7875,0.3469387755102041,0.5672193877551021,Mid Value,0.25,0.298469387755102,0.298469387755102,0,Satisfied,Low Loyalty
3545,64,Female,Socks,Clothing,55,Wisconsin,XL,Charcoal,Fall,3.6,No,2-Day Shipping,No,42,Cash,Quarterly,2,0.4375,0.8367346938775511,0.6371173469387755,Mid Value,0.25,0.5433673469387755,0.5433673469387755,0,Unsatisfied,Mid Loyalty
3546,48,Female,Sandals,Footwear,28,Connecticut,M,Yellow,Spring,3.7,No,2-Day Shipping,No,22,Debit Card,Annually,1,0.1,0.42857142857142855,0.2642857142857143,Low Value,0.0,0.21428571428571427,0.21428571428571427,0,Unsatisfied,Low Loyalty
3547,60,Female,Scarf,Accessories,79,Kansas,M,Violet,Summer,3.6,No,Free Shipping,No,37,Bank Transfer,Fortnightly,4,0.7375,0.7346938775510204,0.7360969387755103,High Value,0.75,0.7423469387755102,0.7423469387755102,0,Unsatisfied,High Loyalty
3548,52,Female,Scarf,Accessories,31,Pennsylvania,L,Magenta,Summer,3.8,No,Standard,No,23,Credit Card,Annually,1,0.1375,0.4489795918367347,0.29323979591836735,Low Value,0.0,0.22448979591836735,0.22448979591836735,0,Unsatisfied,Low Loyalty
3549,63,Female,Blouse,Clothing,37,Utah,M,Red,Fall,3.0,No,Standard,No,47,Debit Card,Fortnightly,4,0.2125,0.9387755102040817,0.5756377551020408,Mid Value,0.75,0.8443877551020409,0.8443877551020409,0,Unsatisfied,High Loyalty
3550,44,Female,T-shirt,Clothing,34,Oregon,M,Cyan,Summer,3.4,No,2-Day Shipping,No,11,Bank Transfer,Fortnightly,4,0.175,0.20408163265306123,0.1895408163265306,Low Value,0.75,0.4770408163265306,0.4770408163265306,0,Unsatisfied,Mid Loyalty
3551,63,Female,Shoes,Footwear,74,West Virginia,S,Orange,Winter,4.8,No,Standard,No,32,Cash,Weekly,5,0.675,0.6326530612244898,0.6538265306122449,Mid Value,1.0,0.8163265306122449,0.8163265306122449,0,Satisfied,High Loyalty
3552,66,Female,Gloves,Accessories,31,Montana,L,Black,Spring,2.6,No,Store Pickup,No,20,Venmo,Weekly,5,0.1375,0.3877551020408163,0.26262755102040813,Low Value,1.0,0.6938775510204082,0.6938775510204082,0,Unsatisfied,High Loyalty
3553,22,Female,Sunglasses,Accessories,66,Kentucky,M,Blue,Winter,2.9,No,Next Day Air,No,3,PayPal,Quarterly,2,0.575,0.04081632653061224,0.3079081632653061,Low Value,0.25,0.14540816326530612,0.14540816326530612,0,Unsatisfied,Low Loyalty
3554,62,Female,Shoes,Footwear,99,Minnesota,M,Charcoal,Spring,4.9,No,Free Shipping,No,32,Bank Transfer,Weekly,5,0.9875,0.6326530612244898,0.8100765306122449,High Value,1.0,0.8163265306122449,0.8163265306122449,0,Satisfied,High Loyalty
3555,39,Female,Dress,Clothing,55,Louisiana,M,Indigo,Spring,5.0,No,Free Shipping,No,5,Credit Card,Fortnightly,4,0.4375,0.08163265306122448,0.25956632653061223,Low Value,0.75,0.41581632653061223,0.41581632653061223,0,Satisfied,Mid Loyalty
3556,25,Female,Blouse,Clothing,23,Delaware,L,Silver,Spring,4.6,No,Next Day Air,No,45,Cash,Quarterly,2,0.0375,0.8979591836734694,0.4677295918367347,Mid Value,0.25,0.5739795918367347,0.5739795918367347,0,Satisfied,Mid Loyalty
3557,70,Female,Sweater,Clothing,88,Arizona,M,Brown,Fall,4.2,No,Express,No,43,Cash,Fortnightly,4,0.85,0.8571428571428571,0.8535714285714285,High Value,0.75,0.8035714285714286,0.8035714285714286,0,Satisfied,High Loyalty
3558,52,Female,Jacket,Outerwear,26,Nevada,M,Peach,Summer,4.9,No,Next Day Air,No,1,PayPal,Quarterly,2,0.075,0.0,0.0375,Low Value,0.25,0.125,0.125,0,Satisfied,Low Loyalty
3559,68,Female,Backpack,Accessories,94,Alaska,L,Magenta,Summer,4.8,No,Standard,No,9,Venmo,Quarterly,2,0.925,0.16326530612244897,0.5441326530612245,Mid Value,0.25,0.20663265306122447,0.20663265306122447,0,Satisfied,Low Loyalty
3560,18,Female,Shorts,Clothing,25,Utah,M,Beige,Fall,3.0,No,Next Day Air,No,13,Venmo,Quarterly,2,0.0625,0.24489795918367346,0.15369897959183673,Low Value,0.25,0.24744897959183673,0.24744897959183673,0,Unsatisfied,Low Loyalty
3561,18,Female,Socks,Clothing,96,Kansas,XL,Violet,Fall,3.5,No,Express,No,5,Credit Card,Annually,1,0.95,0.08163265306122448,0.5158163265306123,Mid Value,0.0,0.04081632653061224,0.04081632653061224,0,Unsatisfied,Low Loyalty
3562,63,Female,Sneakers,Footwear,29,North Carolina,L,Black,Spring,3.4,No,Standard,No,39,Credit Card,Fortnightly,4,0.1125,0.7755102040816326,0.44400510204081634,Mid Value,0.75,0.7627551020408163,0.7627551020408163,0,Unsatisfied,High Loyalty
3563,47,Female,Sneakers,Footwear,36,Maryland,M,Cyan,Winter,3.4,No,Free Shipping,No,7,Bank Transfer,Weekly,5,0.2,0.12244897959183673,0.16122448979591836,Low Value,1.0,0.5612244897959183,0.5612244897959183,0,Unsatisfied,Mid Loyalty
3564,43,Female,Blouse,Clothing,90,Maine,M,Green,Summer,4.9,No,Standard,No,8,Credit Card,Quarterly,2,0.875,0.14285714285714285,0.5089285714285714,Mid Value,0.25,0.19642857142857142,0.19642857142857142,0,Satisfied,Low Loyalty
3565,60,Female,Gloves,Accessories,38,Illinois,S,Brown,Summer,4.4,No,Free Shipping,No,40,Venmo,Annually,1,0.225,0.7959183673469388,0.5104591836734694,Mid Value,0.0,0.3979591836734694,0.3979591836734694,0,Satisfied,Mid Loyalty
3566,49,Female,Handbag,Accessories,52,Pennsylvania,S,Gray,Spring,4.2,No,Store Pickup,No,35,PayPal,Monthly,3,0.4,0.6938775510204082,0.5469387755102041,Mid Value,0.5,0.596938775510204,0.596938775510204,0,Satisfied,Mid Loyalty
3567,28,Female,Jeans,Clothing,88,Alaska,S,Orange,Spring,3.1,No,Next Day Air,No,14,Venmo,Monthly,3,0.85,0.2653061224489796,0.5576530612244898,Mid Value,0.5,0.38265306122448983,0.38265306122448983,0,Unsatisfied,Mid Loyalty
3568,32,Female,Scarf,Accessories,56,New Mexico,S,Silver,Summer,4.0,No,Next Day Air,No,26,Credit Card,Monthly,3,0.45,0.5102040816326531,0.48010204081632657,Mid Value,0.5,0.5051020408163265,0.5051020408163265,0,Satisfied,Mid Loyalty
3569,29,Female,Sandals,Footwear,71,Arkansas,M,Purple,Spring,4.8,No,Next Day Air,No,14,PayPal,Quarterly,2,0.6375,0.2653061224489796,0.4514030612244898,Mid Value,0.25,0.25765306122448983,0.25765306122448983,0,Satisfied,Low Loyalty
3570,35,Female,Sandals,Footwear,94,Alaska,M,Olive,Fall,3.3,No,Express,No,9,Bank Transfer,Fortnightly,4,0.925,0.16326530612244897,0.5441326530612245,Mid Value,0.75,0.45663265306122447,0.45663265306122447,0,Unsatisfied,Mid Loyalty
3571,23,Female,Dress,Clothing,97,Louisiana,XL,Teal,Winter,4.7,No,Standard,No,32,Debit Card,Annually,1,0.9625,0.6326530612244898,0.7975765306122449,High Value,0.0,0.3163265306122449,0.3163265306122449,0,Satisfied,Low Loyalty
3572,70,Female,Skirt,Clothing,27,North Dakota,M,White,Summer,3.2,No,Standard,No,15,Bank Transfer,Quarterly,2,0.0875,0.2857142857142857,0.18660714285714286,Low Value,0.25,0.26785714285714285,0.26785714285714285,0,Unsatisfied,Low Loyalty
3573,23,Female,Shorts,Clothing,28,Rhode Island,M,Black,Spring,5.0,No,Standard,No,25,Credit Card,Monthly,3,0.1,0.4897959183673469,0.29489795918367345,Low Value,0.5,0.49489795918367346,0.49489795918367346,0,Satisfied,Mid Loyalty
3574,43,Female,Jeans,Clothing,67,Connecticut,L,Maroon,Fall,4.9,No,Free Shipping,No,27,PayPal,Monthly,3,0.5875,0.5306122448979592,0.5590561224489796,Mid Value,0.5,0.5153061224489797,0.5153061224489797,0,Satisfied,Mid Loyalty
3575,29,Female,Socks,Clothing,70,New York,M,Cyan,Fall,4.9,No,Express,No,39,Bank Transfer,Quarterly,2,0.625,0.7755102040816326,0.7002551020408163,High Value,0.25,0.5127551020408163,0.5127551020408163,0,Satisfied,Mid Loyalty
3576,61,Female,Coat,Outerwear,95,Kentucky,M,Violet,Fall,3.7,No,Express,No,49,Venmo,Fortnightly,4,0.9375,0.9795918367346939,0.9585459183673469,High Value,0.75,0.8647959183673469,0.8647959183673469,0,Unsatisfied,High Loyalty
3577,29,Female,Boots,Footwear,24,Maine,L,Yellow,Spring,3.0,No,Express,No,12,Venmo,Fortnightly,4,0.05,0.22448979591836735,0.13724489795918368,Low Value,0.75,0.4872448979591837,0.4872448979591837,0,Unsatisfied,Mid Loyalty
3578,66,Female,Belt,Accessories,35,Missouri,S,Yellow,Winter,2.6,No,Standard,No,13,Bank Transfer,Weekly,5,0.1875,0.24489795918367346,0.21619897959183673,Low Value,1.0,0.6224489795918368,0.6224489795918368,0,Unsatisfied,Mid Loyalty
3579,46,Female,Shoes,Footwear,22,Georgia,L,Olive,Winter,2.6,No,Standard,No,22,Bank Transfer,Quarterly,2,0.025,0.42857142857142855,0.22678571428571428,Low Value,0.25,0.3392857142857143,0.3392857142857143,0,Unsatisfied,Mid Loyalty
3580,34,Female,Scarf,Accessories,66,Arizona,L,Olive,Fall,4.8,No,Standard,No,19,Credit Card,Quarterly,2,0.575,0.3673469387755102,0.47117346938775506,Mid Value,0.25,0.3086734693877551,0.3086734693877551,0,Satisfied,Low Loyalty
3581,51,Female,Blouse,Clothing,83,New Hampshire,M,Magenta,Summer,3.2,No,2-Day Shipping,No,3,Cash,Fortnightly,4,0.7875,0.04081632653061224,0.41415816326530613,Mid Value,0.75,0.39540816326530615,0.39540816326530615,0,Unsatisfied,Mid Loyalty
3582,26,Female,Dress,Clothing,95,Georgia,M,Orange,Fall,4.9,No,Next Day Air,No,50,Credit Card,Weekly,5,0.9375,1.0,0.96875,High Value,1.0,1.0,1.0,0,Satisfied,High Loyalty
3583,23,Female,Shorts,Clothing,41,California,S,Beige,Summer,3.4,No,2-Day Shipping,No,15,PayPal,Annually,1,0.2625,0.2857142857142857,0.2741071428571429,Low Value,0.0,0.14285714285714285,0.14285714285714285,0,Unsatisfied,Low Loyalty
3584,52,Female,Blouse,Clothing,77,Arizona,L,Brown,Summer,2.7,No,Store Pickup,No,44,Credit Card,Quarterly,2,0.7125,0.8775510204081632,0.7950255102040816,High Value,0.25,0.5637755102040816,0.5637755102040816,0,Unsatisfied,Mid Loyalty
3585,39,Female,Sneakers,Footwear,52,Florida,L,Indigo,Fall,4.8,No,Express,No,48,Debit Card,Monthly,3,0.4,0.9591836734693877,0.6795918367346938,High Value,0.5,0.7295918367346939,0.7295918367346939,0,Satisfied,High Loyalty
3586,39,Female,Gloves,Accessories,41,New York,XL,Gray,Winter,4.1,No,Standard,No,4,Venmo,Fortnightly,4,0.2625,0.061224489795918366,0.1618622448979592,Low Value,0.75,0.40561224489795916,0.40561224489795916,0,Satisfied,Mid Loyalty
3587,33,Female,Hoodie,Clothing,28,Idaho,M,Yellow,Winter,4.6,No,Store Pickup,No,12,PayPal,Fortnightly,4,0.1,0.22448979591836735,0.16224489795918368,Low Value,0.75,0.4872448979591837,0.4872448979591837,0,Satisfied,Mid Loyalty
3588,33,Female,Sweater,Clothing,90,Virginia,S,Violet,Summer,4.4,No,Standard,No,33,Debit Card,Annually,1,0.875,0.6530612244897959,0.7640306122448979,High Value,0.0,0.32653061224489793,0.32653061224489793,0,Satisfied,Low Loyalty
3589,23,Female,Sunglasses,Accessories,55,Michigan,M,Magenta,Spring,3.5,No,2-Day Shipping,No,40,Cash,Annually,1,0.4375,0.7959183673469388,0.6167091836734694,Mid Value,0.0,0.3979591836734694,0.3979591836734694,0,Unsatisfied,Mid Loyalty
3590,31,Female,Belt,Accessories,73,New Hampshire,M,Blue,Spring,4.8,No,Next Day Air,No,38,Cash,Quarterly,2,0.6625,0.7551020408163265,0.7088010204081632,High Value,0.25,0.5025510204081632,0.5025510204081632,0,Satisfied,Mid Loyalty
3591,27,Female,Dress,Clothing,87,South Dakota,M,Gray,Fall,2.9,No,2-Day Shipping,No,19,Venmo,Quarterly,2,0.8375,0.3673469387755102,0.6024234693877552,Mid Value,0.25,0.3086734693877551,0.3086734693877551,0,Unsatisfied,Low Loyalty
3592,48,Female,Jacket,Outerwear,89,South Dakota,M,Gold,Winter,3.2,No,2-Day Shipping,No,38,Bank Transfer,Quarterly,2,0.8625,0.7551020408163265,0.8088010204081633,High Value,0.25,0.5025510204081632,0.5025510204081632,0,Unsatisfied,Mid Loyalty
3593,61,Female,Boots,Footwear,82,New Jersey,L,Lavender,Spring,4.4,No,2-Day Shipping,No,18,Venmo,Fortnightly,4,0.775,0.3469387755102041,0.5609693877551021,Mid Value,0.75,0.548469387755102,0.548469387755102,0,Satisfied,Mid Loyalty
3594,63,Female,Sandals,Footwear,80,Wyoming,M,Black,Spring,4.6,No,Next Day Air,No,24,PayPal,Monthly,3,0.75,0.46938775510204084,0.6096938775510204,Mid Value,0.5,0.48469387755102045,0.48469387755102045,0,Satisfied,Mid Loyalty
3595,19,Female,Scarf,Accessories,87,Alabama,L,Charcoal,Summer,2.6,No,2-Day Shipping,No,29,Venmo,Quarterly,2,0.8375,0.5714285714285714,0.7044642857142858,High Value,0.25,0.4107142857142857,0.4107142857142857,0,Unsatisfied,Mid Loyalty
3596,21,Female,Blouse,Clothing,41,South Dakota,M,Violet,Spring,3.1,No,Store Pickup,No,14,PayPal,Annually,1,0.2625,0.2653061224489796,0.2639030612244898,Low Value,0.0,0.1326530612244898,0.1326530612244898,0,Unsatisfied,Low Loyalty
3597,28,Female,Hoodie,Clothing,83,South Carolina,M,Charcoal,Spring,4.3,No,Standard,No,44,Cash,Fortnightly,4,0.7875,0.8775510204081632,0.8325255102040816,High Value,0.75,0.8137755102040816,0.8137755102040816,0,Satisfied,High Loyalty
3598,29,Female,Sunglasses,Accessories,71,New Mexico,M,Maroon,Summer,3.1,No,Standard,No,18,Bank Transfer,Quarterly,2,0.6375,0.3469387755102041,0.492219387755102,Mid Value,0.25,0.298469387755102,0.298469387755102,0,Unsatisfied,Low Loyalty
3599,23,Female,Hoodie,Clothing,76,Connecticut,XL,Purple,Spring,4.6,No,Store Pickup,No,19,Bank Transfer,Fortnightly,4,0.7,0.3673469387755102,0.5336734693877551,Mid Value,0.75,0.5586734693877551,0.5586734693877551,0,Satisfied,Mid Loyalty
3600,37,Female,Scarf,Accessories,34,Kansas,S,Peach,Spring,4.6,No,Express,No,4,Cash,Weekly,5,0.175,0.061224489795918366,0.11811224489795918,Low Value,1.0,0.5306122448979592,0.5306122448979592,0,Satisfied,Mid Loyalty
3601,67,Female,Dress,Clothing,81,South Carolina,XL,Olive,Spring,2.7,No,Free Shipping,No,25,Cash,Fortnightly,4,0.7625,0.4897959183673469,0.6261479591836734,Mid Value,0.75,0.6198979591836735,0.6198979591836735,0,Unsatisfied,Mid Loyalty
3602,34,Female,T-shirt,Clothing,47,North Carolina,M,Indigo,Summer,3.0,No,Next Day Air,No,3,PayPal,Monthly,3,0.3375,0.04081632653061224,0.18915816326530613,Low Value,0.5,0.27040816326530615,0.27040816326530615,0,Unsatisfied,Low Loyalty
3603,58,Female,Skirt,Clothing,36,Wyoming,S,Magenta,Summer,3.3,No,Store Pickup,No,40,Debit Card,Quarterly,2,0.2,0.7959183673469388,0.49795918367346936,Mid Value,0.25,0.5229591836734694,0.5229591836734694,0,Unsatisfied,Mid Loyalty
3604,45,Female,Jeans,Clothing,51,Louisiana,M,Gold,Spring,2.7,No,Free Shipping,No,5,Cash,Weekly,5,0.3875,0.08163265306122448,0.23456632653061224,Low Value,1.0,0.5408163265306123,0.5408163265306123,0,Unsatisfied,Mid Loyalty
3605,63,Female,Hoodie,Clothing,86,Louisiana,M,Orange,Fall,3.3,No,Standard,No,17,Debit Card,Annually,1,0.825,0.32653061224489793,0.5757653061224489,Mid Value,0.0,0.16326530612244897,0.16326530612244897,0,Unsatisfied,Low Loyalty
3606,68,Female,Jeans,Clothing,41,Alabama,M,Gold,Fall,4.3,No,Store Pickup,No,36,Bank Transfer,Quarterly,2,0.2625,0.7142857142857143,0.4883928571428572,Mid Value,0.25,0.48214285714285715,0.48214285714285715,0,Satisfied,Mid Loyalty
3607,41,Female,Sandals,Footwear,90,Minnesota,XL,Purple,Fall,4.8,No,Express,No,41,Venmo,Annually,1,0.875,0.8163265306122449,0.8456632653061225,High Value,0.0,0.40816326530612246,0.40816326530612246,0,Satisfied,Mid Loyalty
3608,50,Female,Hat,Accessories,93,New Mexico,L,Charcoal,Fall,3.3,No,Standard,No,20,Venmo,Fortnightly,4,0.9125,0.3877551020408163,0.6501275510204081,Mid Value,0.75,0.5688775510204082,0.5688775510204082,0,Unsatisfied,Mid Loyalty
3609,24,Female,Gloves,Accessories,56,Tennessee,M,Cyan,Fall,4.3,No,Next Day Air,No,2,Cash,Quarterly,2,0.45,0.02040816326530612,0.23520408163265308,Low Value,0.25,0.13520408163265307,0.13520408163265307,0,Satisfied,Low Loyalty
3610,21,Female,Socks,Clothing,39,New Mexico,M,Cyan,Summer,3.0,No,2-Day Shipping,No,31,Debit Card,Monthly,3,0.2375,0.6122448979591837,0.42487244897959187,Mid Value,0.5,0.5561224489795918,0.5561224489795918,0,Unsatisfied,Mid Loyalty
3611,18,Female,Jacket,Outerwear,86,Texas,XL,Green,Fall,4.8,No,2-Day Shipping,No,23,Bank Transfer,Fortnightly,4,0.825,0.4489795918367347,0.6369897959183674,Mid Value,0.75,0.5994897959183674,0.5994897959183674,0,Satisfied,Mid Loyalty
3612,63,Female,T-shirt,Clothing,82,Washington,M,Silver,Spring,2.9,No,Standard,No,30,Credit Card,Annually,1,0.775,0.5918367346938775,0.6834183673469387,High Value,0.0,0.29591836734693877,0.29591836734693877,0,Unsatisfied,Low Loyalty
3613,47,Female,Sandals,Footwear,29,Michigan,M,Teal,Summer,3.6,No,Standard,No,26,Cash,Quarterly,2,0.1125,0.5102040816326531,0.31135204081632656,Low Value,0.25,0.38010204081632654,0.38010204081632654,0,Unsatisfied,Mid Loyalty
3614,58,Female,Hat,Accessories,27,Minnesota,M,Magenta,Fall,3.5,No,Store Pickup,No,40,Venmo,Annually,1,0.0875,0.7959183673469388,0.4417091836734694,Mid Value,0.0,0.3979591836734694,0.3979591836734694,0,Unsatisfied,Mid Loyalty
3615,46,Female,Gloves,Accessories,25,Delaware,L,Maroon,Spring,4.7,No,2-Day Shipping,No,19,Bank Transfer,Annually,1,0.0625,0.3673469387755102,0.2149234693877551,Low Value,0.0,0.1836734693877551,0.1836734693877551,0,Satisfied,Low Loyalty
3616,35,Female,Dress,Clothing,31,California,M,Gold,Winter,4.4,No,Free Shipping,No,4,Credit Card,Monthly,3,0.1375,0.061224489795918366,0.0993622448979592,Low Value,0.5,0.28061224489795916,0.28061224489795916,0,Satisfied,Low Loyalty
3617,42,Female,Hoodie,Clothing,23,Wisconsin,L,Purple,Winter,3.3,No,Store Pickup,No,33,Debit Card,Fortnightly,4,0.0375,0.6530612244897959,0.3452806122448979,Mid Value,0.75,0.7015306122448979,0.7015306122448979,0,Unsatisfied,High Loyalty
3618,48,Female,Belt,Accessories,47,Kentucky,M,Lavender,Fall,4.3,No,Express,No,29,Debit Card,Monthly,3,0.3375,0.5714285714285714,0.4544642857142857,Mid Value,0.5,0.5357142857142857,0.5357142857142857,0,Satisfied,Mid Loyalty
3619,28,Female,Gloves,Accessories,67,Nevada,M,Maroon,Fall,4.0,No,2-Day Shipping,No,47,PayPal,Fortnightly,4,0.5875,0.9387755102040817,0.7631377551020408,High Value,0.75,0.8443877551020409,0.8443877551020409,0,Satisfied,High Loyalty
3620,44,Female,Scarf,Accessories,75,North Carolina,S,Magenta,Winter,4.9,No,2-Day Shipping,No,50,Venmo,Weekly,5,0.6875,1.0,0.84375,High Value,1.0,1.0,1.0,0,Satisfied,High Loyalty
3621,60,Female,Sandals,Footwear,82,Louisiana,M,Turquoise,Summer,2.9,No,Express,No,28,Credit Card,Fortnightly,4,0.775,0.5510204081632653,0.6630102040816326,Mid Value,0.75,0.6505102040816326,0.6505102040816326,0,Unsatisfied,Mid Loyalty
3622,38,Female,Sneakers,Footwear,32,New Jersey,XL,Silver,Summer,4.0,No,2-Day Shipping,No,5,Cash,Fortnightly,4,0.15,0.08163265306122448,0.11581632653061225,Low Value,0.75,0.41581632653061223,0.41581632653061223,0,Satisfied,Mid Loyalty
3623,46,Female,Dress,Clothing,41,Wisconsin,M,Purple,Fall,4.3,No,Store Pickup,No,12,Credit Card,Annually,1,0.2625,0.22448979591836735,0.24349489795918366,Low Value,0.0,0.11224489795918367,0.11224489795918367,0,Satisfied,Low Loyalty
3624,39,Female,Jewelry,Accessories,89,Arkansas,M,Violet,Winter,2.7,No,2-Day Shipping,No,4,PayPal,Weekly,5,0.8625,0.061224489795918366,0.4618622448979592,Mid Value,1.0,0.5306122448979592,0.5306122448979592,0,Unsatisfied,Mid Loyalty
3625,22,Female,Hat,Accessories,82,Texas,XL,Peach,Fall,5.0,No,Store Pickup,No,22,Bank Transfer,Fortnightly,4,0.775,0.42857142857142855,0.6017857142857143,Mid Value,0.75,0.5892857142857143,0.5892857142857143,0,Satisfied,Mid Loyalty
3626,44,Female,Scarf,Accessories,99,Illinois,L,Green,Winter,4.4,No,Express,No,32,PayPal,Weekly,5,0.9875,0.6326530612244898,0.8100765306122449,High Value,1.0,0.8163265306122449,0.8163265306122449,0,Satisfied,High Loyalty
3627,69,Female,Blouse,Clothing,98,Mississippi,L,Teal,Fall,3.5,No,Express,No,32,Venmo,Quarterly,2,0.975,0.6326530612244898,0.803826530612245,High Value,0.25,0.4413265306122449,0.4413265306122449,0,Unsatisfied,Mid Loyalty
3628,39,Female,Belt,Accessories,54,Delaware,M,Silver,Winter,3.3,No,Next Day Air,No,48,Cash,Quarterly,2,0.425,0.9591836734693877,0.6920918367346939,High Value,0.25,0.6045918367346939,0.6045918367346939,0,Unsatisfied,Mid Loyalty
3629,53,Female,Blouse,Clothing,88,Georgia,L,Purple,Summer,3.8,No,Free Shipping,No,35,Credit Card,Monthly,3,0.85,0.6938775510204082,0.7719387755102041,High Value,0.5,0.596938775510204,0.596938775510204,0,Unsatisfied,Mid Loyalty
3630,52,Female,T-shirt,Clothing,43,Kansas,L,Lavender,Summer,4.5,No,Standard,No,44,Debit Card,Fortnightly,4,0.2875,0.8775510204081632,0.5825255102040816,Mid Value,0.75,0.8137755102040816,0.8137755102040816,0,Satisfied,High Loyalty
3631,65,Female,Hat,Accessories,73,Oklahoma,M,Lavender,Winter,4.8,No,Store Pickup,No,29,Cash,Weekly,5,0.6625,0.5714285714285714,0.6169642857142856,Mid Value,1.0,0.7857142857142857,0.7857142857142857,0,Satisfied,High Loyalty
3632,48,Female,Hat,Accessories,50,New Jersey,M,Peach,Fall,2.9,No,Store Pickup,No,26,Credit Card,Monthly,3,0.375,0.5102040816326531,0.44260204081632654,Mid Value,0.5,0.5051020408163265,0.5051020408163265,0,Unsatisfied,Mid Loyalty
3633,27,Female,Sneakers,Footwear,73,Utah,L,Green,Spring,3.2,No,Express,No,3,Debit Card,Quarterly,2,0.6625,0.04081632653061224,0.35165816326530613,Mid Value,0.25,0.14540816326530612,0.14540816326530612,0,Unsatisfied,Low Loyalty
3634,39,Female,Gloves,Accessories,51,Montana,M,Orange,Spring,2.8,No,Free Shipping,No,1,Bank Transfer,Fortnightly,4,0.3875,0.0,0.19375,Low Value,0.75,0.375,0.375,0,Unsatisfied,Mid Loyalty
3635,59,Female,Socks,Clothing,22,Ohio,M,Pink,Winter,3.3,No,Standard,No,17,PayPal,Annually,1,0.025,0.32653061224489793,0.17576530612244898,Low Value,0.0,0.16326530612244897,0.16326530612244897,0,Unsatisfied,Low Loyalty
3636,52,Female,Sandals,Footwear,32,Colorado,L,Cyan,Fall,3.3,No,Free Shipping,No,17,Credit Card,Fortnightly,4,0.15,0.32653061224489793,0.23826530612244895,Low Value,0.75,0.5382653061224489,0.5382653061224489,0,Unsatisfied,Mid Loyalty
3637,50,Female,Sandals,Footwear,38,California,L,Lavender,Summer,4.2,No,2-Day Shipping,No,36,Cash,Weekly,5,0.225,0.7142857142857143,0.46964285714285714,Mid Value,1.0,0.8571428571428572,0.8571428571428572,0,Satisfied,High Loyalty
3638,32,Female,Boots,Footwear,66,Utah,L,Yellow,Winter,3.6,No,Express,No,32,Credit Card,Fortnightly,4,0.575,0.6326530612244898,0.6038265306122449,Mid Value,0.75,0.6913265306122449,0.6913265306122449,0,Unsatisfied,High Loyalty
3639,40,Female,Backpack,Accessories,20,Kansas,M,Olive,Spring,4.6,No,Express,No,50,PayPal,Fortnightly,4,0.0,1.0,0.5,Mid Value,0.75,0.875,0.875,0,Satisfied,High Loyalty
3640,26,Female,Coat,Outerwear,44,Illinois,M,Brown,Summer,3.6,No,2-Day Shipping,No,39,Venmo,Annually,1,0.3,0.7755102040816326,0.5377551020408163,Mid Value,0.0,0.3877551020408163,0.3877551020408163,0,Unsatisfied,Mid Loyalty
3641,47,Female,Sunglasses,Accessories,31,Minnesota,L,Pink,Spring,4.0,No,Next Day Air,No,17,PayPal,Monthly,3,0.1375,0.32653061224489793,0.23201530612244897,Low Value,0.5,0.41326530612244894,0.41326530612244894,0,Satisfied,Mid Loyalty
3642,51,Female,Jacket,Outerwear,45,New York,M,Cyan,Fall,2.7,No,Free Shipping,No,39,Bank Transfer,Quarterly,2,0.3125,0.7755102040816326,0.5440051020408163,Mid Value,0.25,0.5127551020408163,0.5127551020408163,0,Unsatisfied,Mid Loyalty
3643,47,Female,Dress,Clothing,71,Arizona,L,Maroon,Summer,4.4,No,Store Pickup,No,5,PayPal,Annually,1,0.6375,0.08163265306122448,0.3595663265306122,Mid Value,0.0,0.04081632653061224,0.04081632653061224,0,Satisfied,Low Loyalty
3644,53,Female,Scarf,Accessories,96,Tennessee,XL,Magenta,Fall,3.2,No,Standard,No,47,Debit Card,Annually,1,0.95,0.9387755102040817,0.9443877551020408,High Value,0.0,0.46938775510204084,0.46938775510204084,0,Unsatisfied,Mid Loyalty
3645,35,Female,Blouse,Clothing,32,Arkansas,M,Violet,Winter,2.6,No,Next Day Air,No,18,Venmo,Weekly,5,0.15,0.3469387755102041,0.24846938775510202,Low Value,1.0,0.673469387755102,0.673469387755102,0,Unsatisfied,High Loyalty
3646,38,Female,Backpack,Accessories,90,Colorado,L,Silver,Summer,3.4,No,Free Shipping,No,31,Credit Card,Quarterly,2,0.875,0.6122448979591837,0.7436224489795918,High Value,0.25,0.43112244897959184,0.43112244897959184,0,Unsatisfied,Mid Loyalty
3647,69,Female,Jewelry,Accessories,68,Nevada,M,Maroon,Spring,5.0,No,2-Day Shipping,No,39,Debit Card,Fortnightly,4,0.6,0.7755102040816326,0.6877551020408164,High Value,0.75,0.7627551020408163,0.7627551020408163,0,Satisfied,High Loyalty
3648,47,Female,Shorts,Clothing,45,Kansas,M,Gray,Winter,2.9,No,Store Pickup,No,12,Bank Transfer,Weekly,5,0.3125,0.22448979591836735,0.2684948979591837,Low Value,1.0,0.6122448979591837,0.6122448979591837,0,Unsatisfied,Mid Loyalty
3649,31,Female,Skirt,Clothing,67,New York,M,White,Winter,5.0,No,Free Shipping,No,45,Cash,Fortnightly,4,0.5875,0.8979591836734694,0.7427295918367347,High Value,0.75,0.8239795918367347,0.8239795918367347,0,Satisfied,High Loyalty
3650,68,Female,Skirt,Clothing,57,Minnesota,M,Brown,Fall,4.4,No,Standard,No,33,Credit Card,Fortnightly,4,0.4625,0.6530612244897959,0.5577806122448979,Mid Value,0.75,0.7015306122448979,0.7015306122448979,0,Satisfied,High Loyalty
3651,51,Female,Jeans,Clothing,60,Ohio,M,Silver,Summer,3.5,No,2-Day Shipping,No,3,PayPal,Annually,1,0.5,0.04081632653061224,0.27040816326530615,Low Value,0.0,0.02040816326530612,0.02040816326530612,0,Unsatisfied,Low Loyalty
3652,20,Female,Handbag,Accessories,32,Arizona,M,Yellow,Spring,3.8,No,Express,No,5,Venmo,Quarterly,2,0.15,0.08163265306122448,0.11581632653061225,Low Value,0.25,0.16581632653061223,0.16581632653061223,0,Unsatisfied,Low Loyalty
3653,27,Female,Handbag,Accessories,29,Kentucky,S,Magenta,Fall,3.8,No,Store Pickup,No,23,Debit Card,Monthly,3,0.1125,0.4489795918367347,0.28073979591836734,Low Value,0.5,0.4744897959183674,0.4744897959183674,0,Unsatisfied,Mid Loyalty
3654,67,Female,Coat,Outerwear,20,Minnesota,M,Blue,Spring,3.9,No,Next Day Air,No,39,Credit Card,Fortnightly,4,0.0,0.7755102040816326,0.3877551020408163,Mid Value,0.75,0.7627551020408163,0.7627551020408163,0,Satisfied,High Loyalty
3655,21,Female,Jewelry,Accessories,98,Arkansas,M,Green,Winter,3.3,No,Next Day Air,No,10,Credit Card,Annually,1,0.975,0.1836734693877551,0.5793367346938776,Mid Value,0.0,0.09183673469387756,0.09183673469387756,0,Unsatisfied,Low Loyalty
3656,20,Female,Sweater,Clothing,27,Wyoming,M,Yellow,Fall,2.9,No,Next Day Air,No,4,Credit Card,Fortnightly,4,0.0875,0.061224489795918366,0.07436224489795917,Low Value,0.75,0.40561224489795916,0.40561224489795916,0,Unsatisfied,Mid Loyalty
3657,35,Female,Jacket,Outerwear,67,North Dakota,XL,Cyan,Spring,3.7,No,2-Day Shipping,No,18,Credit Card,Monthly,3,0.5875,0.3469387755102041,0.4672193877551021,Mid Value,0.5,0.423469387755102,0.423469387755102,0,Unsatisfied,Mid Loyalty
3658,58,Female,Shoes,Footwear,82,Alabama,L,Gold,Winter,3.7,No,Express,No,1,Debit Card,Quarterly,2,0.775,0.0,0.3875,Mid Value,0.25,0.125,0.125,0,Unsatisfied,Low Loyalty
3659,28,Female,T-shirt,Clothing,72,Mississippi,M,Magenta,Fall,4.6,No,Standard,No,18,PayPal,Fortnightly,4,0.65,0.3469387755102041,0.4984693877551021,Mid Value,0.75,0.548469387755102,0.548469387755102,0,Satisfied,Mid Loyalty
3660,27,Female,Sandals,Footwear,77,Illinois,S,Gray,Fall,4.9,No,Store Pickup,No,46,Bank Transfer,Annually,1,0.7125,0.9183673469387755,0.8154336734693878,High Value,0.0,0.45918367346938777,0.45918367346938777,0,Satisfied,Mid Loyalty
3661,19,Female,Shoes,Footwear,74,Arkansas,L,Indigo,Winter,3.1,No,2-Day Shipping,No,13,Bank Transfer,Fortnightly,4,0.675,0.24489795918367346,0.4599489795918368,Mid Value,0.75,0.49744897959183676,0.49744897959183676,0,Unsatisfied,Mid Loyalty
3662,63,Female,Sandals,Footwear,39,Kansas,S,White,Winter,3.5,No,Next Day Air,No,5,Credit Card,Fortnightly,4,0.2375,0.08163265306122448,0.15956632653061223,Low Value,0.75,0.41581632653061223,0.41581632653061223,0,Unsatisfied,Mid Loyalty
3663,69,Female,Shorts,Clothing,80,Rhode Island,M,Indigo,Spring,4.9,No,Next Day Air,No,11,Debit Card,Weekly,5,0.75,0.20408163265306123,0.4770408163265306,Mid Value,1.0,0.6020408163265306,0.6020408163265306,0,Satisfied,Mid Loyalty
3664,65,Female,Backpack,Accessories,59,Florida,M,Green,Summer,4.4,No,Express,No,49,Credit Card,Weekly,5,0.4875,0.9795918367346939,0.733545918367347,High Value,1.0,0.9897959183673469,0.9897959183673469,0,Satisfied,High Loyalty
3665,63,Female,Jacket,Outerwear,68,Missouri,M,Turquoise,Fall,4.4,No,Store Pickup,No,1,Debit Card,Fortnightly,4,0.6,0.0,0.3,Low Value,0.75,0.375,0.375,0,Satisfied,Mid Loyalty
3666,28,Female,Socks,Clothing,77,North Carolina,M,Peach,Fall,3.4,No,Next Day Air,No,11,Credit Card,Quarterly,2,0.7125,0.20408163265306123,0.4582908163265306,Mid Value,0.25,0.22704081632653061,0.22704081632653061,0,Unsatisfied,Low Loyalty
3667,67,Female,Jewelry,Accessories,50,Alabama,M,Olive,Winter,3.0,No,2-Day Shipping,No,47,Cash,Quarterly,2,0.375,0.9387755102040817,0.6568877551020409,Mid Value,0.25,0.5943877551020409,0.5943877551020409,0,Unsatisfied,Mid Loyalty
3668,51,Female,Pants,Clothing,45,Washington,L,Cyan,Fall,2.6,No,Next Day Air,No,20,Venmo,Monthly,3,0.3125,0.3877551020408163,0.35012755102040816,Mid Value,0.5,0.44387755102040816,0.44387755102040816,0,Unsatisfied,Mid Loyalty
3669,59,Female,Blouse,Clothing,71,Michigan,XL,Magenta,Summer,3.2,No,Store Pickup,No,18,Venmo,Annually,1,0.6375,0.3469387755102041,0.492219387755102,Mid Value,0.0,0.17346938775510204,0.17346938775510204,0,Unsatisfied,Low Loyalty
3670,25,Female,Socks,Clothing,52,Washington,S,Silver,Fall,4.6,No,Store Pickup,No,43,PayPal,Quarterly,2,0.4,0.8571428571428571,0.6285714285714286,Mid Value,0.25,0.5535714285714286,0.5535714285714286,0,Satisfied,Mid Loyalty
3671,31,Female,Shoes,Footwear,50,Vermont,S,White,Winter,3.8,No,Free Shipping,No,4,PayPal,Quarterly,2,0.375,0.061224489795918366,0.2181122448979592,Low Value,0.25,0.1556122448979592,0.1556122448979592,0,Unsatisfied,Low Loyalty
3672,62,Female,Handbag,Accessories,66,Illinois,L,Pink,Summer,4.8,No,2-Day Shipping,No,20,Venmo,Quarterly,2,0.575,0.3877551020408163,0.48137755102040813,Mid Value,0.25,0.31887755102040816,0.31887755102040816,0,Satisfied,Low Loyalty
3673,51,Female,Sandals,Footwear,81,New York,S,Pink,Fall,4.5,No,Free Shipping,No,7,PayPal,Monthly,3,0.7625,0.12244897959183673,0.44247448979591836,Mid Value,0.5,0.3112244897959184,0.3112244897959184,0,Satisfied,Low Loyalty
3674,32,Female,Socks,Clothing,28,Rhode Island,M,Pink,Summer,4.2,No,2-Day Shipping,No,31,Bank Transfer,Fortnightly,4,0.1,0.6122448979591837,0.35612244897959183,Mid Value,0.75,0.6811224489795918,0.6811224489795918,0,Satisfied,High Loyalty
3675,35,Female,Handbag,Accessories,65,Washington,M,Blue,Winter,2.7,No,2-Day Shipping,No,41,Venmo,Fortnightly,4,0.5625,0.8163265306122449,0.6894132653061225,High Value,0.75,0.7831632653061225,0.7831632653061225,0,Unsatisfied,High Loyalty
3676,70,Female,Hat,Accessories,80,Virginia,M,White,Winter,4.5,No,Express,No,3,Bank Transfer,Monthly,3,0.75,0.04081632653061224,0.39540816326530615,Mid Value,0.5,0.27040816326530615,0.27040816326530615,0,Satisfied,Low Loyalty
3677,19,Female,Jewelry,Accessories,94,Wisconsin,S,Teal,Spring,4.9,No,Free Shipping,No,16,PayPal,Monthly,3,0.925,0.30612244897959184,0.6155612244897959,Mid Value,0.5,0.4030612244897959,0.4030612244897959,0,Satisfied,Mid Loyalty
3678,32,Female,Backpack,Accessories,30,Michigan,M,Gray,Fall,2.8,No,Standard,No,43,Cash,Annually,1,0.125,0.8571428571428571,0.49107142857142855,Mid Value,0.0,0.42857142857142855,0.42857142857142855,0,Unsatisfied,Mid Loyalty
3679,56,Female,Shirt,Clothing,45,Texas,S,Beige,Fall,3.5,No,Standard,No,29,Bank Transfer,Fortnightly,4,0.3125,0.5714285714285714,0.4419642857142857,Mid Value,0.75,0.6607142857142857,0.6607142857142857,0,Unsatisfied,Mid Loyalty
3680,53,Female,Coat,Outerwear,91,Idaho,M,Violet,Summer,2.5,No,Store Pickup,No,5,Cash,Fortnightly,4,0.8875,0.08163265306122448,0.4845663265306122,Mid Value,0.75,0.41581632653061223,0.41581632653061223,0,Unsatisfied,Mid Loyalty
3681,22,Female,Sunglasses,Accessories,36,Iowa,S,Blue,Winter,2.9,No,Standard,No,30,Debit Card,Quarterly,2,0.2,0.5918367346938775,0.39591836734693875,Mid Value,0.25,0.42091836734693877,0.42091836734693877,0,Unsatisfied,Mid Loyalty
3682,26,Female,Gloves,Accessories,73,Connecticut,XL,Magenta,Fall,4.2,No,Next Day Air,No,33,Debit Card,Monthly,3,0.6625,0.6530612244897959,0.6577806122448979,Mid Value,0.5,0.5765306122448979,0.5765306122448979,0,Satisfied,Mid Loyalty
3683,42,Female,Shirt,Clothing,60,Wyoming,M,Maroon,Fall,4.6,No,Store Pickup,No,46,Venmo,Fortnightly,4,0.5,0.9183673469387755,0.7091836734693877,High Value,0.75,0.8341836734693877,0.8341836734693877,0,Satisfied,High Loyalty
3684,30,Female,Socks,Clothing,77,Mississippi,M,Purple,Winter,3.0,No,Free Shipping,No,17,Venmo,Fortnightly,4,0.7125,0.32653061224489793,0.519515306122449,Mid Value,0.75,0.5382653061224489,0.5382653061224489,0,Unsatisfied,Mid Loyalty
3685,29,Female,Skirt,Clothing,86,Pennsylvania,L,Charcoal,Spring,4.4,No,Free Shipping,No,47,Credit Card,Fortnightly,4,0.825,0.9387755102040817,0.8818877551020408,High Value,0.75,0.8443877551020409,0.8443877551020409,0,Satisfied,High Loyalty
3686,47,Female,Shorts,Clothing,42,Tennessee,L,Red,Summer,2.6,No,Standard,No,17,Cash,Fortnightly,4,0.275,0.32653061224489793,0.300765306122449,Low Value,0.75,0.5382653061224489,0.5382653061224489,0,Unsatisfied,Mid Loyalty
3687,59,Female,Sandals,Footwear,70,Louisiana,M,Charcoal,Spring,4.8,No,Free Shipping,No,17,Cash,Fortnightly,4,0.625,0.32653061224489793,0.47576530612244894,Mid Value,0.75,0.5382653061224489,0.5382653061224489,0,Satisfied,Mid Loyalty
3688,34,Female,Shirt,Clothing,44,Arkansas,L,Lavender,Summer,2.9,No,Next Day Air,No,28,Bank Transfer,Quarterly,2,0.3,0.5510204081632653,0.42551020408163265,Mid Value,0.25,0.4005102040816326,0.4005102040816326,0,Unsatisfied,Mid Loyalty
3689,52,Female,Sunglasses,Accessories,91,West Virginia,L,White,Spring,3.0,No,Next Day Air,No,8,Cash,Monthly,3,0.8875,0.14285714285714285,0.5151785714285714,Mid Value,0.5,0.3214285714285714,0.3214285714285714,0,Unsatisfied,Low Loyalty
3690,47,Female,Jewelry,Accessories,30,South Carolina,L,Red,Fall,4.5,No,Standard,No,8,Bank Transfer,Quarterly,2,0.125,0.14285714285714285,0.13392857142857142,Low Value,0.25,0.19642857142857142,0.19642857142857142,0,Satisfied,Low Loyalty
3691,24,Female,Blouse,Clothing,23,Kansas,S,Violet,Fall,3.7,No,Store Pickup,No,4,Bank Transfer,Fortnightly,4,0.0375,0.061224489795918366,0.04936224489795918,Low Value,0.75,0.40561224489795916,0.40561224489795916,0,Unsatisfied,Mid Loyalty
3692,63,Female,Sandals,Footwear,21,Michigan,XL,Orange,Summer,4.8,No,Next Day Air,No,24,PayPal,Weekly,5,0.0125,0.46938775510204084,0.24094387755102042,Low Value,1.0,0.7346938775510204,0.7346938775510204,0,Satisfied,High Loyalty
3693,59,Female,Coat,Outerwear,34,Alabama,L,Turquoise,Spring,4.8,No,Free Shipping,No,29,Cash,Fortnightly,4,0.175,0.5714285714285714,0.3732142857142857,Mid Value,0.75,0.6607142857142857,0.6607142857142857,0,Satisfied,Mid Loyalty
3694,66,Female,Blouse,Clothing,46,South Dakota,M,Violet,Summer,4.7,No,2-Day Shipping,No,10,Venmo,Weekly,5,0.325,0.1836734693877551,0.2543367346938776,Low Value,1.0,0.5918367346938775,0.5918367346938775,0,Satisfied,Mid Loyalty
3695,45,Female,Sweater,Clothing,41,Rhode Island,M,Blue,Winter,2.6,No,Express,No,11,PayPal,Fortnightly,4,0.2625,0.20408163265306123,0.23329081632653062,Low Value,0.75,0.4770408163265306,0.4770408163265306,0,Unsatisfied,Mid Loyalty
3696,38,Female,Skirt,Clothing,33,Florida,M,White,Fall,4.6,No,Standard,No,18,Bank Transfer,Fortnightly,4,0.1625,0.3469387755102041,0.25471938775510206,Low Value,0.75,0.548469387755102,0.548469387755102,0,Satisfied,Mid Loyalty
3697,63,Female,Blouse,Clothing,48,Connecticut,L,Turquoise,Fall,3.4,No,Next Day Air,No,26,Bank Transfer,Annually,1,0.35,0.5102040816326531,0.4301020408163265,Mid Value,0.0,0.25510204081632654,0.25510204081632654,0,Unsatisfied,Low Loyalty
3698,55,Female,Hoodie,Clothing,66,Pennsylvania,L,Pink,Winter,3.0,No,Standard,No,39,Cash,Weekly,5,0.575,0.7755102040816326,0.6752551020408163,High Value,1.0,0.8877551020408163,0.8877551020408163,0,Unsatisfied,High Loyalty
3699,25,Female,Skirt,Clothing,54,California,XL,Maroon,Spring,4.0,No,2-Day Shipping,No,4,Venmo,Annually,1,0.425,0.061224489795918366,0.24311224489795918,Low Value,0.0,0.030612244897959183,0.030612244897959183,0,Satisfied,Low Loyalty
3700,51,Female,Backpack,Accessories,55,Oklahoma,M,Olive,Fall,2.6,No,Store Pickup,No,24,Bank Transfer,Weekly,5,0.4375,0.46938775510204084,0.45344387755102045,Mid Value,1.0,0.7346938775510204,0.7346938775510204,0,Unsatisfied,High Loyalty
3701,28,Female,Handbag,Accessories,84,North Dakota,XL,Charcoal,Summer,3.4,No,Store Pickup,No,2,Bank Transfer,Quarterly,2,0.8,0.02040816326530612,0.4102040816326531,Mid Value,0.25,0.13520408163265307,0.13520408163265307,0,Unsatisfied,Low Loyalty
3702,46,Female,Sandals,Footwear,66,New Mexico,M,Charcoal,Spring,4.5,No,Store Pickup,No,36,Cash,Annually,1,0.575,0.7142857142857143,0.6446428571428571,Mid Value,0.0,0.35714285714285715,0.35714285714285715,0,Satisfied,Mid Loyalty
3703,58,Female,Shoes,Footwear,65,South Carolina,M,Indigo,Spring,2.7,No,Store Pickup,No,36,Venmo,Weekly,5,0.5625,0.7142857142857143,0.6383928571428572,Mid Value,1.0,0.8571428571428572,0.8571428571428572,0,Unsatisfied,High Loyalty
3704,30,Female,Sandals,Footwear,83,Michigan,S,Teal,Fall,2.9,No,Standard,No,23,PayPal,Quarterly,2,0.7875,0.4489795918367347,0.6182397959183673,Mid Value,0.25,0.3494897959183674,0.3494897959183674,0,Unsatisfied,Mid Loyalty
3705,68,Female,Sunglasses,Accessories,61,Missouri,L,Black,Winter,4.0,No,Store Pickup,No,36,Credit Card,Quarterly,2,0.5125,0.7142857142857143,0.6133928571428571,Mid Value,0.25,0.48214285714285715,0.48214285714285715,0,Satisfied,Mid Loyalty
3706,28,Female,Skirt,Clothing,65,Colorado,L,Teal,Summer,3.2,No,Free Shipping,No,2,Debit Card,Annually,1,0.5625,0.02040816326530612,0.2914540816326531,Low Value,0.0,0.01020408163265306,0.01020408163265306,0,Unsatisfied,Low Loyalty
3707,26,Female,Sandals,Footwear,55,Kansas,M,Green,Spring,4.0,No,Store Pickup,No,17,Cash,Fortnightly,4,0.4375,0.32653061224489793,0.38201530612244894,Mid Value,0.75,0.5382653061224489,0.5382653061224489,0,Satisfied,Mid Loyalty
3708,35,Female,Gloves,Accessories,79,Illinois,M,Gold,Fall,3.4,No,2-Day Shipping,No,19,Venmo,Weekly,5,0.7375,0.3673469387755102,0.5524234693877551,Mid Value,1.0,0.6836734693877551,0.6836734693877551,0,Unsatisfied,High Loyalty
3709,40,Female,Hoodie,Clothing,96,South Carolina,M,Red,Fall,4.9,No,Express,No,41,PayPal,Monthly,3,0.95,0.8163265306122449,0.8831632653061224,High Value,0.5,0.6581632653061225,0.6581632653061225,0,Satisfied,Mid Loyalty
3710,31,Female,Socks,Clothing,43,Utah,M,Silver,Fall,3.6,No,Free Shipping,No,27,PayPal,Quarterly,2,0.2875,0.5306122448979592,0.4090561224489796,Mid Value,0.25,0.3903061224489796,0.3903061224489796,0,Unsatisfied,Mid Loyalty
3711,60,Female,Jewelry,Accessories,40,Hawaii,M,Yellow,Summer,3.6,No,2-Day Shipping,No,32,Bank Transfer,Fortnightly,4,0.25,0.6326530612244898,0.4413265306122449,Mid Value,0.75,0.6913265306122449,0.6913265306122449,0,Unsatisfied,High Loyalty
3712,69,Female,Hat,Accessories,62,Texas,XL,Peach,Fall,3.2,No,Free Shipping,No,33,Cash,Annually,1,0.525,0.6530612244897959,0.5890306122448979,Mid Value,0.0,0.32653061224489793,0.32653061224489793,0,Unsatisfied,Low Loyalty
3713,51,Female,Blouse,Clothing,72,Oregon,M,Turquoise,Spring,3.7,No,2-Day Shipping,No,24,PayPal,Quarterly,2,0.65,0.46938775510204084,0.5596938775510204,Mid Value,0.25,0.35969387755102045,0.35969387755102045,0,Unsatisfied,Mid Loyalty
3714,49,Female,Shoes,Footwear,87,Arizona,M,Peach,Spring,2.6,No,Express,No,31,Debit Card,Quarterly,2,0.8375,0.6122448979591837,0.7248724489795919,High Value,0.25,0.43112244897959184,0.43112244897959184,0,Unsatisfied,Mid Loyalty
3715,18,Female,Hat,Accessories,31,New York,S,Peach,Winter,3.9,No,Express,No,35,Credit Card,Weekly,5,0.1375,0.6938775510204082,0.4156887755102041,Mid Value,1.0,0.846938775510204,0.846938775510204,0,Satisfied,High Loyalty
3716,63,Female,Sunglasses,Accessories,34,Nebraska,S,Orange,Fall,3.4,No,Free Shipping,No,2,Bank Transfer,Monthly,3,0.175,0.02040816326530612,0.09770408163265305,Low Value,0.5,0.2602040816326531,0.2602040816326531,0,Unsatisfied,Low Loyalty
3717,57,Female,Shirt,Clothing,53,Vermont,M,Charcoal,Fall,3.4,No,Next Day Air,No,42,Debit Card,Quarterly,2,0.4125,0.8367346938775511,0.6246173469387755,Mid Value,0.25,0.5433673469387755,0.5433673469387755,0,Unsatisfied,Mid Loyalty
3718,45,Female,T-shirt,Clothing,85,Maryland,XL,White,Summer,4.2,No,Express,No,47,Bank Transfer,Quarterly,2,0.8125,0.9387755102040817,0.8756377551020409,High Value,0.25,0.5943877551020409,0.5943877551020409,0,Satisfied,Mid Loyalty
3719,36,Female,Pants,Clothing,50,Tennessee,L,Turquoise,Fall,2.9,No,Standard,No,44,Bank Transfer,Fortnightly,4,0.375,0.8775510204081632,0.6262755102040816,Mid Value,0.75,0.8137755102040816,0.8137755102040816,0,Unsatisfied,High Loyalty
3720,20,Female,Pants,Clothing,91,Pennsylvania,M,Red,Summer,4.1,No,Free Shipping,No,8,Bank Transfer,Quarterly,2,0.8875,0.14285714285714285,0.5151785714285714,Mid Value,0.25,0.19642857142857142,0.19642857142857142,0,Satisfied,Low Loyalty
3721,21,Female,Hat,Accessories,56,South Carolina,M,Peach,Fall,3.6,No,Free Shipping,No,13,Credit Card,Quarterly,2,0.45,0.24489795918367346,0.34744897959183674,Mid Value,0.25,0.24744897959183673,0.24744897959183673,0,Unsatisfied,Low Loyalty
3722,62,Female,Coat,Outerwear,60,Connecticut,L,Pink,Fall,4.0,No,Next Day Air,No,10,Cash,Annually,1,0.5,0.1836734693877551,0.34183673469387754,Mid Value,0.0,0.09183673469387756,0.09183673469387756,0,Satisfied,Low Loyalty
3723,23,Female,Jacket,Outerwear,34,Kentucky,XL,Yellow,Fall,4.0,No,Standard,No,1,Credit Card,Fortnightly,4,0.175,0.0,0.0875,Low Value,0.75,0.375,0.375,0,Satisfied,Mid Loyalty
3724,26,Female,Sandals,Footwear,30,Rhode Island,M,Beige,Spring,3.6,No,Free Shipping,No,1,Debit Card,Monthly,3,0.125,0.0,0.0625,Low Value,0.5,0.25,0.25,0,Unsatisfied,Low Loyalty
3725,30,Female,Gloves,Accessories,71,Colorado,L,Green,Winter,3.1,No,Express,No,18,Bank Transfer,Annually,1,0.6375,0.3469387755102041,0.492219387755102,Mid Value,0.0,0.17346938775510204,0.17346938775510204,0,Unsatisfied,Low Loyalty
3726,18,Female,Dress,Clothing,100,Oklahoma,S,Turquoise,Winter,4.4,No,Next Day Air,No,2,PayPal,Annually,1,1.0,0.02040816326530612,0.5102040816326531,Mid Value,0.0,0.01020408163265306,0.01020408163265306,0,Satisfied,Low Loyalty
3727,47,Female,Belt,Accessories,85,Idaho,XL,Orange,Fall,4.3,No,Next Day Air,No,36,Debit Card,Quarterly,2,0.8125,0.7142857142857143,0.7633928571428572,High Value,0.25,0.48214285714285715,0.48214285714285715,0,Satisfied,Mid Loyalty
3728,41,Female,Socks,Clothing,83,Maine,M,Gold,Summer,3.5,No,Next Day Air,No,17,Debit Card,Fortnightly,4,0.7875,0.32653061224489793,0.557015306122449,Mid Value,0.75,0.5382653061224489,0.5382653061224489,0,Unsatisfied,Mid Loyalty
3729,62,Female,Jacket,Outerwear,31,Vermont,L,Red,Winter,3.0,No,Standard,No,1,Debit Card,Annually,1,0.1375,0.0,0.06875,Low Value,0.0,0.0,0.0,0,Unsatisfied,Low Loyalty
3730,28,Female,Boots,Footwear,82,Rhode Island,M,Teal,Spring,4.7,No,2-Day Shipping,No,50,Cash,Quarterly,2,0.775,1.0,0.8875,High Value,0.25,0.625,0.625,0,Satisfied,Mid Loyalty
3731,46,Female,Shirt,Clothing,79,Florida,M,Teal,Summer,2.5,No,2-Day Shipping,No,3,Credit Card,Fortnightly,4,0.7375,0.04081632653061224,0.38915816326530617,Mid Value,0.75,0.39540816326530615,0.39540816326530615,0,Unsatisfied,Mid Loyalty
3732,54,Female,Hat,Accessories,62,West Virginia,M,Lavender,Spring,3.1,No,2-Day Shipping,No,45,PayPal,Quarterly,2,0.525,0.8979591836734694,0.7114795918367347,High Value,0.25,0.5739795918367347,0.5739795918367347,0,Unsatisfied,Mid Loyalty
3733,36,Female,Shoes,Footwear,92,Indiana,L,Pink,Spring,3.3,No,Free Shipping,No,28,PayPal,Annually,1,0.9,0.5510204081632653,0.7255102040816326,High Value,0.0,0.2755102040816326,0.2755102040816326,0,Unsatisfied,Low Loyalty
3734,25,Female,Socks,Clothing,58,Illinois,M,Maroon,Fall,4.7,No,Next Day Air,No,6,Debit Card,Quarterly,2,0.475,0.10204081632653061,0.2885204081632653,Low Value,0.25,0.1760204081632653,0.1760204081632653,0,Satisfied,Low Loyalty
3735,38,Female,Hoodie,Clothing,88,California,M,Beige,Spring,3.4,No,Next Day Air,No,33,Debit Card,Quarterly,2,0.85,0.6530612244897959,0.7515306122448979,High Value,0.25,0.45153061224489793,0.45153061224489793,0,Unsatisfied,Mid Loyalty
3736,38,Female,Sandals,Footwear,44,Massachusetts,L,Orange,Spring,3.1,No,2-Day Shipping,No,29,PayPal,Annually,1,0.3,0.5714285714285714,0.4357142857142857,Mid Value,0.0,0.2857142857142857,0.2857142857142857,0,Unsatisfied,Low Loyalty
3737,42,Female,Jeans,Clothing,56,Idaho,M,Red,Spring,4.6,No,Store Pickup,No,2,PayPal,Quarterly,2,0.45,0.02040816326530612,0.23520408163265308,Low Value,0.25,0.13520408163265307,0.13520408163265307,0,Satisfied,Low Loyalty
3738,19,Female,Jewelry,Accessories,23,Kentucky,S,Maroon,Winter,4.9,No,Free Shipping,No,43,PayPal,Fortnightly,4,0.0375,0.8571428571428571,0.44732142857142854,Mid Value,0.75,0.8035714285714286,0.8035714285714286,0,Satisfied,High Loyalty
3739,34,Female,Shorts,Clothing,45,Delaware,M,Brown,Spring,2.7,No,Free Shipping,No,48,Cash,Fortnightly,4,0.3125,0.9591836734693877,0.6358418367346939,Mid Value,0.75,0.8545918367346939,0.8545918367346939,0,Unsatisfied,High Loyalty
3740,38,Female,Sunglasses,Accessories,31,Idaho,M,Olive,Fall,4.2,No,Free Shipping,No,43,Credit Card,Weekly,5,0.1375,0.8571428571428571,0.4973214285714286,Mid Value,1.0,0.9285714285714286,0.9285714285714286,0,Satisfied,High Loyalty
3741,42,Female,Pants,Clothing,96,Virginia,M,Silver,Summer,2.6,No,Store Pickup,No,26,Debit Card,Fortnightly,4,0.95,0.5102040816326531,0.7301020408163266,High Value,0.75,0.6301020408163265,0.6301020408163265,0,Unsatisfied,Mid Loyalty
3742,58,Female,Shirt,Clothing,96,Arizona,M,Purple,Spring,3.2,No,2-Day Shipping,No,26,Debit Card,Fortnightly,4,0.95,0.5102040816326531,0.7301020408163266,High Value,0.75,0.6301020408163265,0.6301020408163265,0,Unsatisfied,Mid Loyalty
3743,56,Female,Shirt,Clothing,80,Maryland,M,Gray,Fall,4.4,No,Standard,No,50,Credit Card,Fortnightly,4,0.75,1.0,0.875,High Value,0.75,0.875,0.875,0,Satisfied,High Loyalty
3744,62,Female,Pants,Clothing,28,Idaho,L,Cyan,Fall,3.6,No,Free Shipping,No,36,Debit Card,Quarterly,2,0.1,0.7142857142857143,0.40714285714285714,Mid Value,0.25,0.48214285714285715,0.48214285714285715,0,Unsatisfied,Mid Loyalty
3745,24,Female,Hoodie,Clothing,51,New Jersey,M,Gray,Summer,2.7,No,Next Day Air,No,26,Bank Transfer,Fortnightly,4,0.3875,0.5102040816326531,0.44885204081632657,Mid Value,0.75,0.6301020408163265,0.6301020408163265,0,Unsatisfied,Mid Loyalty
3746,60,Female,Socks,Clothing,41,Washington,L,Gold,Spring,4.3,No,Express,No,2,Debit Card,Monthly,3,0.2625,0.02040816326530612,0.14145408163265308,Low Value,0.5,0.2602040816326531,0.2602040816326531,0,Satisfied,Low Loyalty
3747,53,Female,Coat,Outerwear,99,Idaho,XL,Cyan,Summer,2.6,No,Next Day Air,No,49,PayPal,Monthly,3,0.9875,0.9795918367346939,0.983545918367347,High Value,0.5,0.7397959183673469,0.7397959183673469,0,Unsatisfied,High Loyalty
3748,26,Female,Sweater,Clothing,53,Rhode Island,L,Olive,Spring,4.3,No,Store Pickup,No,32,Bank Transfer,Fortnightly,4,0.4125,0.6326530612244898,0.522576530612245,Mid Value,0.75,0.6913265306122449,0.6913265306122449,0,Satisfied,High Loyalty
3749,34,Female,Backpack,Accessories,25,Delaware,M,Violet,Fall,3.9,No,2-Day Shipping,No,3,Venmo,Annually,1,0.0625,0.04081632653061224,0.05165816326530612,Low Value,0.0,0.02040816326530612,0.02040816326530612,0,Satisfied,Low Loyalty
3750,24,Female,Blouse,Clothing,95,Alaska,L,Yellow,Winter,2.9,No,2-Day Shipping,No,38,Venmo,Quarterly,2,0.9375,0.7551020408163265,0.8463010204081632,High Value,0.25,0.5025510204081632,0.5025510204081632,0,Unsatisfied,Mid Loyalty
3751,42,Female,Hoodie,Clothing,88,Arizona,M,Gold,Fall,3.1,No,Free Shipping,No,5,PayPal,Monthly,3,0.85,0.08163265306122448,0.4658163265306122,Mid Value,0.5,0.29081632653061223,0.29081632653061223,0,Unsatisfied,Low Loyalty
3752,36,Female,Jewelry,Accessories,97,Alabama,S,Silver,Fall,4.2,No,Free Shipping,No,8,Credit Card,Quarterly,2,0.9625,0.14285714285714285,0.5526785714285715,Mid Value,0.25,0.19642857142857142,0.19642857142857142,0,Satisfied,Low Loyalty
3753,24,Female,Coat,Outerwear,81,Washington,L,Pink,Winter,4.1,No,2-Day Shipping,No,43,Venmo,Weekly,5,0.7625,0.8571428571428571,0.8098214285714285,High Value,1.0,0.9285714285714286,0.9285714285714286,0,Satisfied,High Loyalty
3754,39,Female,Sunglasses,Accessories,26,Louisiana,S,Turquoise,Winter,4.2,No,Next Day Air,No,22,Bank Transfer,Fortnightly,4,0.075,0.42857142857142855,0.2517857142857143,Low Value,0.75,0.5892857142857143,0.5892857142857143,0,Satisfied,Mid Loyalty
3755,46,Female,Shoes,Footwear,41,Nebraska,M,Turquoise,Summer,4.4,No,Express,No,10,Cash,Quarterly,2,0.2625,0.1836734693877551,0.22308673469387758,Low Value,0.25,0.21683673469387754,0.21683673469387754,0,Satisfied,Low Loyalty
3756,64,Female,Skirt,Clothing,93,Pennsylvania,M,Peach,Fall,3.4,No,Free Shipping,No,26,Credit Card,Monthly,3,0.9125,0.5102040816326531,0.7113520408163265,High Value,0.5,0.5051020408163265,0.5051020408163265,0,Unsatisfied,Mid Loyalty
3757,64,Female,Skirt,Clothing,69,South Carolina,L,Teal,Spring,4.8,No,Express,No,42,Debit Card,Fortnightly,4,0.6125,0.8367346938775511,0.7246173469387756,High Value,0.75,0.7933673469387755,0.7933673469387755,0,Satisfied,High Loyalty
3758,61,Female,Skirt,Clothing,44,California,L,Red,Fall,4.5,No,2-Day Shipping,No,33,Cash,Weekly,5,0.3,0.6530612244897959,0.4765306122448979,Mid Value,1.0,0.8265306122448979,0.8265306122448979,0,Satisfied,High Loyalty
3759,61,Female,Sandals,Footwear,54,Indiana,S,Black,Spring,2.7,No,Store Pickup,No,23,Bank Transfer,Quarterly,2,0.425,0.4489795918367347,0.43698979591836734,Mid Value,0.25,0.3494897959183674,0.3494897959183674,0,Unsatisfied,Mid Loyalty
3760,44,Female,Sneakers,Footwear,61,Missouri,M,Pink,Spring,3.5,No,Store Pickup,No,30,Venmo,Quarterly,2,0.5125,0.5918367346938775,0.5521683673469387,Mid Value,0.25,0.42091836734693877,0.42091836734693877,0,Unsatisfied,Mid Loyalty
3761,65,Female,Socks,Clothing,80,Connecticut,M,Peach,Fall,3.1,No,Next Day Air,No,36,PayPal,Weekly,5,0.75,0.7142857142857143,0.7321428571428572,High Value,1.0,0.8571428571428572,0.8571428571428572,0,Unsatisfied,High Loyalty
3762,60,Female,Backpack,Accessories,30,Nevada,M,Green,Summer,2.8,No,Next Day Air,No,3,Venmo,Quarterly,2,0.125,0.04081632653061224,0.08290816326530612,Low Value,0.25,0.14540816326530612,0.14540816326530612,0,Unsatisfied,Low Loyalty
3763,65,Female,Shorts,Clothing,94,New York,L,Green,Fall,2.9,No,Store Pickup,No,13,PayPal,Annually,1,0.925,0.24489795918367346,0.5849489795918368,Mid Value,0.0,0.12244897959183673,0.12244897959183673,0,Unsatisfied,Low Loyalty
3764,27,Female,Shirt,Clothing,24,Oklahoma,XL,Red,Winter,4.5,No,Standard,No,38,Cash,Quarterly,2,0.05,0.7551020408163265,0.40255102040816326,Mid Value,0.25,0.5025510204081632,0.5025510204081632,0,Satisfied,Mid Loyalty
3765,36,Female,Socks,Clothing,21,South Dakota,M,Maroon,Fall,3.5,No,Next Day Air,No,19,Venmo,Monthly,3,0.0125,0.3673469387755102,0.18992346938775512,Low Value,0.5,0.4336734693877551,0.4336734693877551,0,Unsatisfied,Mid Loyalty
3766,22,Female,Jewelry,Accessories,52,Missouri,M,Green,Summer,4.3,No,Standard,No,14,Bank Transfer,Fortnightly,4,0.4,0.2653061224489796,0.3326530612244898,Low Value,0.75,0.5076530612244898,0.5076530612244898,0,Satisfied,Mid Loyalty
3767,62,Female,Handbag,Accessories,59,Texas,M,Black,Fall,4.9,No,Next Day Air,No,43,Debit Card,Annually,1,0.4875,0.8571428571428571,0.6723214285714285,High Value,0.0,0.42857142857142855,0.42857142857142855,0,Satisfied,Mid Loyalty
3768,59,Female,Shorts,Clothing,51,New York,XL,Black,Summer,3.1,No,Free Shipping,No,10,Bank Transfer,Fortnightly,4,0.3875,0.1836734693877551,0.2855867346938776,Low Value,0.75,0.46683673469387754,0.46683673469387754,0,Unsatisfied,Mid Loyalty
3769,50,Female,Sweater,Clothing,35,Vermont,M,Yellow,Winter,4.0,No,Free Shipping,No,34,Bank Transfer,Quarterly,2,0.1875,0.673469387755102,0.430484693877551,Mid Value,0.25,0.461734693877551,0.461734693877551,0,Satisfied,Mid Loyalty
3770,51,Female,Gloves,Accessories,87,Arizona,L,Green,Summer,3.6,No,Standard,No,31,Venmo,Annually,1,0.8375,0.6122448979591837,0.7248724489795919,High Value,0.0,0.30612244897959184,0.30612244897959184,0,Unsatisfied,Low Loyalty
3771,23,Female,Pants,Clothing,42,Montana,L,Black,Summer,4.0,No,Store Pickup,No,34,Bank Transfer,Weekly,5,0.275,0.673469387755102,0.474234693877551,Mid Value,1.0,0.8367346938775511,0.8367346938775511,0,Satisfied,High Loyalty
3772,21,Female,T-shirt,Clothing,86,Oklahoma,M,Red,Winter,2.6,No,Express,No,28,Venmo,Fortnightly,4,0.825,0.5510204081632653,0.6880102040816326,High Value,0.75,0.6505102040816326,0.6505102040816326,0,Unsatisfied,Mid Loyalty
3773,44,Female,Pants,Clothing,26,New Hampshire,L,Yellow,Fall,3.1,No,Next Day Air,No,35,Cash,Annually,1,0.075,0.6938775510204082,0.38443877551020406,Mid Value,0.0,0.3469387755102041,0.3469387755102041,0,Unsatisfied,Mid Loyalty
3774,25,Female,Sweater,Clothing,60,Wisconsin,M,Violet,Summer,3.5,No,Store Pickup,No,41,Cash,Quarterly,2,0.5,0.8163265306122449,0.6581632653061225,Mid Value,0.25,0.5331632653061225,0.5331632653061225,0,Unsatisfied,Mid Loyalty
3775,57,Female,Gloves,Accessories,83,Alaska,S,Cyan,Winter,3.9,No,Standard,No,48,PayPal,Fortnightly,4,0.7875,0.9591836734693877,0.8733418367346939,High Value,0.75,0.8545918367346939,0.8545918367346939,0,Satisfied,High Loyalty
3776,41,Female,Belt,Accessories,63,South Dakota,S,Pink,Spring,2.7,No,2-Day Shipping,No,45,Cash,Quarterly,2,0.5375,0.8979591836734694,0.7177295918367347,High Value,0.25,0.5739795918367347,0.5739795918367347,0,Unsatisfied,Mid Loyalty
3777,19,Female,Sneakers,Footwear,25,Alaska,L,Olive,Spring,4.1,No,Standard,No,10,Credit Card,Fortnightly,4,0.0625,0.1836734693877551,0.12308673469387756,Low Value,0.75,0.46683673469387754,0.46683673469387754,0,Satisfied,Mid Loyalty
3778,43,Female,Shorts,Clothing,65,Utah,M,Maroon,Fall,4.3,No,Express,No,9,Cash,Weekly,5,0.5625,0.16326530612244897,0.36288265306122447,Mid Value,1.0,0.5816326530612245,0.5816326530612245,0,Satisfied,Mid Loyalty
3779,25,Female,Sneakers,Footwear,60,South Dakota,M,Cyan,Fall,2.9,No,Free Shipping,No,30,Debit Card,Annually,1,0.5,0.5918367346938775,0.5459183673469388,Mid Value,0.0,0.29591836734693877,0.29591836734693877,0,Unsatisfied,Low Loyalty
3780,60,Female,Jeans,Clothing,75,California,XL,Lavender,Spring,4.0,No,Express,No,45,PayPal,Annually,1,0.6875,0.8979591836734694,0.7927295918367347,High Value,0.0,0.4489795918367347,0.4489795918367347,0,Satisfied,Mid Loyalty
3781,54,Female,Sneakers,Footwear,57,Mississippi,L,Yellow,Fall,4.1,No,Free Shipping,No,41,Venmo,Quarterly,2,0.4625,0.8163265306122449,0.6394132653061224,Mid Value,0.25,0.5331632653061225,0.5331632653061225,0,Satisfied,Mid Loyalty
3782,52,Female,Boots,Footwear,99,Tennessee,M,Pink,Winter,3.7,No,Standard,No,40,PayPal,Fortnightly,4,0.9875,0.7959183673469388,0.8917091836734694,High Value,0.75,0.7729591836734694,0.7729591836734694,0,Unsatisfied,High Loyalty
3783,40,Female,Jacket,Outerwear,45,Alabama,L,Orange,Spring,2.8,No,Free Shipping,No,42,PayPal,Fortnightly,4,0.3125,0.8367346938775511,0.5746173469387755,Mid Value,0.75,0.7933673469387755,0.7933673469387755,0,Unsatisfied,High Loyalty
3784,39,Female,Gloves,Accessories,66,Maine,XL,Orange,Summer,3.2,No,Free Shipping,No,17,Debit Card,Fortnightly,4,0.575,0.32653061224489793,0.4507653061224489,Mid Value,0.75,0.5382653061224489,0.5382653061224489,0,Unsatisfied,Mid Loyalty
3785,54,Female,Socks,Clothing,53,Virginia,M,Violet,Winter,4.5,No,Next Day Air,No,4,Venmo,Annually,1,0.4125,0.061224489795918366,0.23686224489795918,Low Value,0.0,0.030612244897959183,0.030612244897959183,0,Satisfied,Low Loyalty
3786,64,Female,Jeans,Clothing,94,New Hampshire,L,Lavender,Winter,3.8,No,Standard,No,6,Cash,Monthly,3,0.925,0.10204081632653061,0.5135204081632654,Mid Value,0.5,0.3010204081632653,0.3010204081632653,0,Unsatisfied,Low Loyalty
3787,31,Female,Boots,Footwear,47,Tennessee,L,Yellow,Fall,3.6,No,2-Day Shipping,No,22,Venmo,Weekly,5,0.3375,0.42857142857142855,0.38303571428571426,Mid Value,1.0,0.7142857142857143,0.7142857142857143,0,Unsatisfied,High Loyalty
3788,37,Female,Blouse,Clothing,80,New York,M,Pink,Fall,3.6,No,2-Day Shipping,No,46,PayPal,Quarterly,2,0.75,0.9183673469387755,0.8341836734693877,High Value,0.25,0.5841836734693877,0.5841836734693877,0,Unsatisfied,Mid Loyalty
3789,43,Female,Hat,Accessories,65,Kansas,XL,Teal,Spring,3.2,No,Next Day Air,No,27,Debit Card,Monthly,3,0.5625,0.5306122448979592,0.5465561224489797,Mid Value,0.5,0.5153061224489797,0.5153061224489797,0,Unsatisfied,Mid Loyalty
3790,56,Female,Shirt,Clothing,75,North Dakota,M,Magenta,Summer,3.8,No,Express,No,18,Bank Transfer,Quarterly,2,0.6875,0.3469387755102041,0.517219387755102,Mid Value,0.25,0.298469387755102,0.298469387755102,0,Unsatisfied,Low Loyalty
3791,27,Female,Handbag,Accessories,45,Alaska,XL,Beige,Summer,4.4,No,Standard,No,31,Credit Card,Weekly,5,0.3125,0.6122448979591837,0.46237244897959184,Mid Value,1.0,0.8061224489795918,0.8061224489795918,0,Satisfied,High Loyalty
3792,40,Female,Sunglasses,Accessories,51,Texas,M,Gray,Spring,3.7,No,Store Pickup,No,1,Venmo,Weekly,5,0.3875,0.0,0.19375,Low Value,1.0,0.5,0.5,0,Unsatisfied,Mid Loyalty
3793,43,Female,Scarf,Accessories,58,Massachusetts,S,Turquoise,Summer,2.6,No,Express,No,2,PayPal,Fortnightly,4,0.475,0.02040816326530612,0.24770408163265306,Low Value,0.75,0.3852040816326531,0.3852040816326531,0,Unsatisfied,Mid Loyalty
3794,62,Female,Sunglasses,Accessories,20,Delaware,M,Pink,Fall,4.0,No,Standard,No,46,Bank Transfer,Annually,1,0.0,0.9183673469387755,0.45918367346938777,Mid Value,0.0,0.45918367346938777,0.45918367346938777,0,Satisfied,Mid Loyalty
3795,44,Female,Scarf,Accessories,82,South Dakota,M,Violet,Summer,3.6,No,2-Day Shipping,No,27,Venmo,Weekly,5,0.775,0.5306122448979592,0.6528061224489796,Mid Value,1.0,0.7653061224489797,0.7653061224489797,0,Unsatisfied,High Loyalty
3796,45,Female,Gloves,Accessories,92,Arkansas,M,Charcoal,Spring,2.5,No,Express,No,3,Cash,Weekly,5,0.9,0.04081632653061224,0.47040816326530616,Mid Value,1.0,0.5204081632653061,0.5204081632653061,0,Unsatisfied,Mid Loyalty
3797,40,Female,Shorts,Clothing,81,Utah,M,Lavender,Fall,3.2,No,Free Shipping,No,47,Bank Transfer,Quarterly,2,0.7625,0.9387755102040817,0.8506377551020408,High Value,0.25,0.5943877551020409,0.5943877551020409,0,Unsatisfied,Mid Loyalty
3798,68,Female,Sunglasses,Accessories,44,California,M,Gray,Summer,2.5,No,Next Day Air,No,20,Cash,Quarterly,2,0.3,0.3877551020408163,0.3438775510204082,Mid Value,0.25,0.31887755102040816,0.31887755102040816,0,Unsatisfied,Low Loyalty
3799,63,Female,Jewelry,Accessories,72,Rhode Island,S,Brown,Winter,3.2,No,Next Day Air,No,23,Credit Card,Annually,1,0.65,0.4489795918367347,0.5494897959183673,Mid Value,0.0,0.22448979591836735,0.22448979591836735,0,Unsatisfied,Low Loyalty
3800,60,Female,Jacket,Outerwear,26,Oklahoma,L,Violet,Winter,2.6,No,Store Pickup,No,13,Credit Card,Monthly,3,0.075,0.24489795918367346,0.15994897959183674,Low Value,0.5,0.37244897959183676,0.37244897959183676,0,Unsatisfied,Mid Loyalty
3801,19,Female,Sweater,Clothing,26,Vermont,M,Turquoise,Fall,4.8,No,Next Day Air,No,12,Venmo,Fortnightly,4,0.075,0.22448979591836735,0.14974489795918366,Low Value,0.75,0.4872448979591837,0.4872448979591837,0,Satisfied,Mid Loyalty
3802,26,Female,Blouse,Clothing,84,Kentucky,M,Peach,Spring,5.0,No,Store Pickup,No,36,PayPal,Fortnightly,4,0.8,0.7142857142857143,0.7571428571428571,High Value,0.75,0.7321428571428572,0.7321428571428572,0,Satisfied,High Loyalty
3803,70,Female,Scarf,Accessories,72,Illinois,S,Turquoise,Spring,3.2,No,2-Day Shipping,No,1,Bank Transfer,Monthly,3,0.65,0.0,0.325,Low Value,0.5,0.25,0.25,0,Unsatisfied,Low Loyalty
3804,48,Female,Handbag,Accessories,55,Connecticut,M,Violet,Spring,3.6,No,Standard,No,14,Debit Card,Weekly,5,0.4375,0.2653061224489796,0.35140306122448983,Mid Value,1.0,0.6326530612244898,0.6326530612244898,0,Unsatisfied,Mid Loyalty
3805,37,Female,Hat,Accessories,77,Florida,M,Olive,Fall,2.7,No,2-Day Shipping,No,45,Cash,Annually,1,0.7125,0.8979591836734694,0.8052295918367347,High Value,0.0,0.4489795918367347,0.4489795918367347,0,Unsatisfied,Mid Loyalty
3806,48,Female,Scarf,Accessories,57,New Jersey,M,Green,Fall,3.1,No,Standard,No,31,Credit Card,Quarterly,2,0.4625,0.6122448979591837,0.5373724489795919,Mid Value,0.25,0.43112244897959184,0.43112244897959184,0,Unsatisfied,Mid Loyalty
3807,18,Female,Boots,Footwear,71,Missouri,M,Teal,Spring,3.0,No,Standard,No,41,PayPal,Weekly,5,0.6375,0.8163265306122449,0.7269132653061224,High Value,1.0,0.9081632653061225,0.9081632653061225,0,Unsatisfied,High Loyalty
3808,38,Female,Blouse,Clothing,39,Michigan,L,Peach,Spring,2.9,No,Next Day Air,No,36,PayPal,Annually,1,0.2375,0.7142857142857143,0.4758928571428571,Mid Value,0.0,0.35714285714285715,0.35714285714285715,0,Unsatisfied,Mid Loyalty
3809,33,Female,Socks,Clothing,28,Washington,M,Pink,Winter,4.7,No,Express,No,6,Debit Card,Fortnightly,4,0.1,0.10204081632653061,0.10102040816326531,Low Value,0.75,0.4260204081632653,0.4260204081632653,0,Satisfied,Mid Loyalty
3810,57,Female,Shoes,Footwear,33,New York,S,Maroon,Winter,3.7,No,Standard,No,28,Credit Card,Annually,1,0.1625,0.5510204081632653,0.3567602040816326,Mid Value,0.0,0.2755102040816326,0.2755102040816326,0,Unsatisfied,Low Loyalty
3811,46,Female,Skirt,Clothing,79,Wisconsin,L,Peach,Fall,3.9,No,Free Shipping,No,29,Venmo,Monthly,3,0.7375,0.5714285714285714,0.6544642857142857,Mid Value,0.5,0.5357142857142857,0.5357142857142857,0,Satisfied,Mid Loyalty
3812,46,Female,Belt,Accessories,30,Idaho,M,Maroon,Winter,4.0,No,Standard,No,14,Cash,Monthly,3,0.125,0.2653061224489796,0.1951530612244898,Low Value,0.5,0.38265306122448983,0.38265306122448983,0,Satisfied,Mid Loyalty
3813,50,Female,Skirt,Clothing,75,Michigan,M,Pink,Spring,2.8,No,Next Day Air,No,7,Bank Transfer,Quarterly,2,0.6875,0.12244897959183673,0.4049744897959184,Mid Value,0.25,0.18622448979591838,0.18622448979591838,0,Unsatisfied,Low Loyalty
3814,61,Female,Pants,Clothing,89,Georgia,M,Orange,Summer,4.1,No,Express,No,31,Venmo,Fortnightly,4,0.8625,0.6122448979591837,0.7373724489795919,High Value,0.75,0.6811224489795918,0.6811224489795918,0,Satisfied,High Loyalty
3815,45,Female,Dress,Clothing,95,Michigan,M,Orange,Winter,4.2,No,Free Shipping,No,26,Bank Transfer,Quarterly,2,0.9375,0.5102040816326531,0.7238520408163265,High Value,0.25,0.38010204081632654,0.38010204081632654,0,Satisfied,Mid Loyalty
3816,32,Female,Hat,Accessories,44,Maine,M,Brown,Fall,4.3,No,Express,No,12,Venmo,Fortnightly,4,0.3,0.22448979591836735,0.26224489795918365,Low Value,0.75,0.4872448979591837,0.4872448979591837,0,Satisfied,Mid Loyalty
3817,29,Female,Coat,Outerwear,86,Maryland,S,Silver,Summer,4.3,No,Store Pickup,No,45,Credit Card,Fortnightly,4,0.825,0.8979591836734694,0.8614795918367346,High Value,0.75,0.8239795918367347,0.8239795918367347,0,Satisfied,High Loyalty
3818,66,Female,Scarf,Accessories,91,Missouri,M,Magenta,Fall,2.6,No,Express,No,40,PayPal,Annually,1,0.8875,0.7959183673469388,0.8417091836734694,High Value,0.0,0.3979591836734694,0.3979591836734694,0,Unsatisfied,Mid Loyalty
3819,70,Female,Sneakers,Footwear,41,Oregon,XL,Indigo,Winter,3.8,No,Free Shipping,No,42,Cash,Monthly,3,0.2625,0.8367346938775511,0.5496173469387755,Mid Value,0.5,0.6683673469387755,0.6683673469387755,0,Unsatisfied,High Loyalty
3820,36,Female,Pants,Clothing,99,Arkansas,S,Gold,Spring,2.9,No,Express,No,45,Cash,Quarterly,2,0.9875,0.8979591836734694,0.9427295918367347,High Value,0.25,0.5739795918367347,0.5739795918367347,0,Unsatisfied,Mid Loyalty
3821,34,Female,Belt,Accessories,65,New Hampshire,M,Purple,Winter,5.0,No,Standard,No,34,Debit Card,Quarterly,2,0.5625,0.673469387755102,0.6179846938775511,Mid Value,0.25,0.461734693877551,0.461734693877551,0,Satisfied,Mid Loyalty
3822,20,Female,Sneakers,Footwear,48,Oregon,M,Gold,Summer,4.6,No,Free Shipping,No,34,Credit Card,Quarterly,2,0.35,0.673469387755102,0.511734693877551,Mid Value,0.25,0.461734693877551,0.461734693877551,0,Satisfied,Mid Loyalty
3823,70,Female,Hat,Accessories,41,Kansas,S,Gold,Spring,3.2,No,Free Shipping,No,17,PayPal,Quarterly,2,0.2625,0.32653061224489793,0.29451530612244897,Low Value,0.25,0.28826530612244894,0.28826530612244894,0,Unsatisfied,Low Loyalty
3824,50,Female,Shirt,Clothing,42,California,M,Gold,Summer,3.0,No,Standard,No,27,Bank Transfer,Weekly,5,0.275,0.5306122448979592,0.4028061224489796,Mid Value,1.0,0.7653061224489797,0.7653061224489797,0,Unsatisfied,High Loyalty
3825,54,Female,Shorts,Clothing,26,Georgia,M,Olive,Summer,4.0,No,Free Shipping,No,31,Credit Card,Quarterly,2,0.075,0.6122448979591837,0.3436224489795918,Mid Value,0.25,0.43112244897959184,0.43112244897959184,0,Satisfied,Mid Loyalty
3826,49,Female,Shorts,Clothing,35,Hawaii,L,Green,Fall,4.1,No,Express,No,47,Debit Card,Fortnightly,4,0.1875,0.9387755102040817,0.5631377551020409,Mid Value,0.75,0.8443877551020409,0.8443877551020409,0,Satisfied,High Loyalty
3827,50,Female,Jacket,Outerwear,31,Montana,M,Gray,Summer,4.0,No,Express,No,25,Bank Transfer,Annually,1,0.1375,0.4897959183673469,0.3136479591836735,Low Value,0.0,0.24489795918367346,0.24489795918367346,0,Satisfied,Low Loyalty
3828,62,Female,Jewelry,Accessories,73,Montana,M,Red,Summer,4.1,No,Standard,No,47,Cash,Fortnightly,4,0.6625,0.9387755102040817,0.8006377551020408,High Value,0.75,0.8443877551020409,0.8443877551020409,0,Satisfied,High Loyalty
3829,42,Female,Blouse,Clothing,82,Mississippi,M,Charcoal,Spring,3.4,No,Free Shipping,No,8,Cash,Weekly,5,0.775,0.14285714285714285,0.45892857142857146,Mid Value,1.0,0.5714285714285714,0.5714285714285714,0,Unsatisfied,Mid Loyalty
3830,69,Female,Pants,Clothing,32,Washington,M,Indigo,Spring,2.9,No,Free Shipping,No,32,Debit Card,Fortnightly,4,0.15,0.6326530612244898,0.3913265306122449,Mid Value,0.75,0.6913265306122449,0.6913265306122449,0,Unsatisfied,High Loyalty
3831,22,Female,Hat,Accessories,27,Pennsylvania,M,Indigo,Summer,3.0,No,2-Day Shipping,No,33,Bank Transfer,Quarterly,2,0.0875,0.6530612244897959,0.37028061224489794,Mid Value,0.25,0.45153061224489793,0.45153061224489793,0,Unsatisfied,Mid Loyalty
3832,36,Female,Backpack,Accessories,86,Nevada,L,Silver,Spring,4.0,No,Next Day Air,No,16,Debit Card,Quarterly,2,0.825,0.30612244897959184,0.5655612244897958,Mid Value,0.25,0.2780612244897959,0.2780612244897959,0,Satisfied,Low Loyalty
3833,64,Female,Boots,Footwear,38,Kansas,XL,Purple,Winter,4.8,No,2-Day Shipping,No,27,Cash,Weekly,5,0.225,0.5306122448979592,0.3778061224489796,Mid Value,1.0,0.7653061224489797,0.7653061224489797,0,Satisfied,High Loyalty
3834,44,Female,Jacket,Outerwear,93,Arizona,L,Gray,Summer,4.6,No,Free Shipping,No,17,PayPal,Quarterly,2,0.9125,0.32653061224489793,0.619515306122449,Mid Value,0.25,0.28826530612244894,0.28826530612244894,0,Satisfied,Low Loyalty
3835,43,Female,Hoodie,Clothing,59,Tennessee,M,Magenta,Winter,4.1,No,2-Day Shipping,No,17,Cash,Quarterly,2,0.4875,0.32653061224489793,0.40701530612244896,Mid Value,0.25,0.28826530612244894,0.28826530612244894,0,Satisfied,Low Loyalty
3836,58,Female,Sandals,Footwear,58,Pennsylvania,L,Silver,Winter,2.6,No,Express,No,28,PayPal,Fortnightly,4,0.475,0.5510204081632653,0.5130102040816327,Mid Value,0.75,0.6505102040816326,0.6505102040816326,0,Unsatisfied,Mid Loyalty
3837,62,Female,Skirt,Clothing,84,Alaska,M,Violet,Spring,2.5,No,Free Shipping,No,38,PayPal,Fortnightly,4,0.8,0.7551020408163265,0.7775510204081633,High Value,0.75,0.7525510204081632,0.7525510204081632,0,Unsatisfied,High Loyalty
3838,45,Female,Hoodie,Clothing,100,New Mexico,M,Green,Spring,4.8,No,Free Shipping,No,33,Bank Transfer,Fortnightly,4,1.0,0.6530612244897959,0.8265306122448979,High Value,0.75,0.7015306122448979,0.7015306122448979,0,Satisfied,High Loyalty
3839,47,Female,Dress,Clothing,25,Rhode Island,L,Green,Summer,4.2,No,Express,No,24,Venmo,Quarterly,2,0.0625,0.46938775510204084,0.26594387755102045,Low Value,0.25,0.35969387755102045,0.35969387755102045,0,Satisfied,Mid Loyalty
3840,66,Female,Sandals,Footwear,29,Connecticut,M,Peach,Spring,3.9,No,Free Shipping,No,14,Venmo,Quarterly,2,0.1125,0.2653061224489796,0.1889030612244898,Low Value,0.25,0.25765306122448983,0.25765306122448983,0,Satisfied,Low Loyalty
3841,30,Female,Jeans,Clothing,42,Idaho,M,Turquoise,Spring,3.7,No,Express,No,5,Venmo,Fortnightly,4,0.275,0.08163265306122448,0.17831632653061225,Low Value,0.75,0.41581632653061223,0.41581632653061223,0,Unsatisfied,Mid Loyalty
3842,68,Female,Jeans,Clothing,57,Mississippi,L,Pink,Fall,4.2,No,2-Day Shipping,No,8,Bank Transfer,Monthly,3,0.4625,0.14285714285714285,0.30267857142857146,Low Value,0.5,0.3214285714285714,0.3214285714285714,0,Satisfied,Low Loyalty
3843,35,Female,Jacket,Outerwear,84,Colorado,L,Lavender,Winter,4.2,No,Next Day Air,No,42,Debit Card,Monthly,3,0.8,0.8367346938775511,0.8183673469387756,High Value,0.5,0.6683673469387755,0.6683673469387755,0,Satisfied,High Loyalty
3844,64,Female,Hat,Accessories,71,Georgia,L,Silver,Winter,4.0,No,Free Shipping,No,48,Venmo,Quarterly,2,0.6375,0.9591836734693877,0.7983418367346938,High Value,0.25,0.6045918367346939,0.6045918367346939,0,Satisfied,Mid Loyalty
3845,30,Female,Shorts,Clothing,87,Montana,S,Cyan,Fall,5.0,No,Next Day Air,No,40,Venmo,Quarterly,2,0.8375,0.7959183673469388,0.8167091836734695,High Value,0.25,0.5229591836734694,0.5229591836734694,0,Satisfied,Mid Loyalty
3846,58,Female,Sweater,Clothing,52,California,M,Green,Winter,4.9,No,Standard,No,46,Venmo,Annually,1,0.4,0.9183673469387755,0.6591836734693878,Mid Value,0.0,0.45918367346938777,0.45918367346938777,0,Satisfied,Mid Loyalty
3847,57,Female,Blouse,Clothing,58,Pennsylvania,L,Orange,Summer,4.0,No,Express,No,40,PayPal,Quarterly,2,0.475,0.7959183673469388,0.6354591836734693,Mid Value,0.25,0.5229591836734694,0.5229591836734694,0,Satisfied,Mid Loyalty
3848,60,Female,Sweater,Clothing,34,Delaware,S,Blue,Fall,3.2,No,2-Day Shipping,No,31,PayPal,Fortnightly,4,0.175,0.6122448979591837,0.39362244897959187,Mid Value,0.75,0.6811224489795918,0.6811224489795918,0,Unsatisfied,High Loyalty
3849,22,Female,Jewelry,Accessories,60,New Hampshire,M,Magenta,Winter,3.0,No,Next Day Air,No,39,Cash,Quarterly,2,0.5,0.7755102040816326,0.6377551020408163,Mid Value,0.25,0.5127551020408163,0.5127551020408163,0,Unsatisfied,Mid Loyalty
3850,46,Female,Hoodie,Clothing,68,Florida,S,Cyan,Winter,2.6,No,Express,No,36,PayPal,Fortnightly,4,0.6,0.7142857142857143,0.6571428571428571,Mid Value,0.75,0.7321428571428572,0.7321428571428572,0,Unsatisfied,High Loyalty
3851,27,Female,Jewelry,Accessories,74,Mississippi,L,Indigo,Summer,4.4,No,2-Day Shipping,No,25,Debit Card,Quarterly,2,0.675,0.4897959183673469,0.5823979591836734,Mid Value,0.25,0.36989795918367346,0.36989795918367346,0,Satisfied,Mid Loyalty
3852,50,Female,Scarf,Accessories,83,Montana,M,Pink,Summer,3.9,No,Free Shipping,No,24,Debit Card,Annually,1,0.7875,0.46938775510204084,0.6284438775510204,Mid Value,0.0,0.23469387755102042,0.23469387755102042,0,Satisfied,Low Loyalty
3853,65,Female,Hat,Accessories,79,Mississippi,M,Peach,Fall,4.0,No,2-Day Shipping,No,19,PayPal,Weekly,5,0.7375,0.3673469387755102,0.5524234693877551,Mid Value,1.0,0.6836734693877551,0.6836734693877551,0,Satisfied,High Loyalty
3854,61,Female,Sunglasses,Accessories,76,Tennessee,M,Lavender,Fall,4.0,No,Store Pickup,No,49,Debit Card,Fortnightly,4,0.7,0.9795918367346939,0.8397959183673469,High Value,0.75,0.8647959183673469,0.8647959183673469,0,Satisfied,High Loyalty
3855,57,Female,T-shirt,Clothing,20,Florida,M,Black,Spring,4.2,No,Free Shipping,No,4,Venmo,Annually,1,0.0,0.061224489795918366,0.030612244897959183,Low Value,0.0,0.030612244897959183,0.030612244897959183,0,Satisfied,Low Loyalty
3856,40,Female,Shirt,Clothing,61,Illinois,XL,Lavender,Summer,4.4,No,Next Day Air,No,36,Cash,Quarterly,2,0.5125,0.7142857142857143,0.6133928571428571,Mid Value,0.25,0.48214285714285715,0.48214285714285715,0,Satisfied,Mid Loyalty
3857,39,Female,Sandals,Footwear,78,Virginia,S,Brown,Summer,2.5,No,Free Shipping,No,8,Debit Card,Quarterly,2,0.725,0.14285714285714285,0.43392857142857144,Mid Value,0.25,0.19642857142857142,0.19642857142857142,0,Unsatisfied,Low Loyalty
3858,42,Female,Hat,Accessories,21,Texas,S,Yellow,Summer,3.1,No,Store Pickup,No,29,Credit Card,Quarterly,2,0.0125,0.5714285714285714,0.2919642857142857,Low Value,0.25,0.4107142857142857,0.4107142857142857,0,Unsatisfied,Mid Loyalty
3859,30,Female,T-shirt,Clothing,77,Missouri,M,Olive,Winter,3.5,No,Store Pickup,No,26,Credit Card,Quarterly,2,0.7125,0.5102040816326531,0.6113520408163265,Mid Value,0.25,0.38010204081632654,0.38010204081632654,0,Unsatisfied,Mid Loyalty
3860,65,Female,Shorts,Clothing,88,Mississippi,S,Blue,Fall,3.0,No,2-Day Shipping,No,47,Bank Transfer,Fortnightly,4,0.85,0.9387755102040817,0.8943877551020408,High Value,0.75,0.8443877551020409,0.8443877551020409,0,Unsatisfied,High Loyalty
3861,57,Female,Sunglasses,Accessories,64,Pennsylvania,M,Turquoise,Summer,4.4,No,Next Day Air,No,44,Cash,Annually,1,0.55,0.8775510204081632,0.7137755102040817,High Value,0.0,0.4387755102040816,0.4387755102040816,0,Satisfied,Mid Loyalty
3862,64,Female,Jacket,Outerwear,57,Wyoming,M,Yellow,Spring,4.9,No,Standard,No,49,Credit Card,Monthly,3,0.4625,0.9795918367346939,0.721045918367347,High Value,0.5,0.7397959183673469,0.7397959183673469,0,Satisfied,High Loyalty
3863,56,Female,Shirt,Clothing,49,Idaho,L,Turquoise,Winter,2.8,No,Next Day Air,No,9,Venmo,Monthly,3,0.3625,0.16326530612244897,0.2628826530612245,Low Value,0.5,0.33163265306122447,0.33163265306122447,0,Unsatisfied,Low Loyalty
3864,40,Female,Scarf,Accessories,35,New Hampshire,M,Orange,Summer,3.3,No,Free Shipping,No,28,Cash,Fortnightly,4,0.1875,0.5510204081632653,0.3692602040816326,Mid Value,0.75,0.6505102040816326,0.6505102040816326,0,Unsatisfied,Mid Loyalty
3865,55,Female,T-shirt,Clothing,99,Wyoming,S,Blue,Winter,4.9,No,Express,No,1,Debit Card,Fortnightly,4,0.9875,0.0,0.49375,Mid Value,0.75,0.375,0.375,0,Satisfied,Mid Loyalty
3866,25,Female,Shorts,Clothing,42,Nebraska,M,Olive,Spring,4.2,No,Store Pickup,No,28,Cash,Quarterly,2,0.275,0.5510204081632653,0.41301020408163264,Mid Value,0.25,0.4005102040816326,0.4005102040816326,0,Satisfied,Mid Loyalty
3867,58,Female,Hat,Accessories,32,Alaska,M,Beige,Winter,3.3,No,2-Day Shipping,No,33,Credit Card,Fortnightly,4,0.15,0.6530612244897959,0.40153061224489794,Mid Value,0.75,0.7015306122448979,0.7015306122448979,0,Unsatisfied,High Loyalty
3868,46,Female,Jacket,Outerwear,21,Maryland,L,Lavender,Summer,2.7,No,Standard,No,28,Credit Card,Monthly,3,0.0125,0.5510204081632653,0.2817602040816326,Low Value,0.5,0.5255102040816326,0.5255102040816326,0,Unsatisfied,Mid Loyalty
3869,18,Female,Dress,Clothing,29,Maryland,XL,Magenta,Winter,3.3,No,2-Day Shipping,No,9,Cash,Annually,1,0.1125,0.16326530612244897,0.1378826530612245,Low Value,0.0,0.08163265306122448,0.08163265306122448,0,Unsatisfied,Low Loyalty
3870,26,Female,Coat,Outerwear,64,Arizona,L,Cyan,Spring,3.8,No,Free Shipping,No,28,Bank Transfer,Annually,1,0.55,0.5510204081632653,0.5505102040816326,Mid Value,0.0,0.2755102040816326,0.2755102040816326,0,Unsatisfied,Low Loyalty
3871,61,Female,Sandals,Footwear,46,Ohio,L,Lavender,Fall,3.2,No,Next Day Air,No,19,Cash,Quarterly,2,0.325,0.3673469387755102,0.3461734693877551,Mid Value,0.25,0.3086734693877551,0.3086734693877551,0,Unsatisfied,Low Loyalty
3872,55,Female,T-shirt,Clothing,97,Minnesota,M,Black,Fall,4.1,No,2-Day Shipping,No,20,Bank Transfer,Quarterly,2,0.9625,0.3877551020408163,0.6751275510204082,High Value,0.25,0.31887755102040816,0.31887755102040816,0,Satisfied,Low Loyalty
3873,41,Female,Jacket,Outerwear,94,New Hampshire,M,Green,Spring,4.3,No,Standard,No,3,Cash,Monthly,3,0.925,0.04081632653061224,0.48290816326530617,Mid Value,0.5,0.27040816326530615,0.27040816326530615,0,Satisfied,Low Loyalty
3874,42,Female,Sandals,Footwear,43,Louisiana,L,Silver,Summer,4.0,No,Standard,No,22,Credit Card,Weekly,5,0.2875,0.42857142857142855,0.35803571428571423,Mid Value,1.0,0.7142857142857143,0.7142857142857143,0,Satisfied,High Loyalty
3875,70,Female,Sweater,Clothing,54,Nevada,XL,Beige,Summer,3.9,No,2-Day Shipping,No,33,Credit Card,Fortnightly,4,0.425,0.6530612244897959,0.5390306122448979,Mid Value,0.75,0.7015306122448979,0.7015306122448979,0,Satisfied,High Loyalty
3876,63,Female,Hat,Accessories,51,New Hampshire,M,Pink,Winter,3.3,No,2-Day Shipping,No,21,Credit Card,Annually,1,0.3875,0.40816326530612246,0.3978316326530612,Mid Value,0.0,0.20408163265306123,0.20408163265306123,0,Unsatisfied,Low Loyalty
3877,60,Female,Shoes,Footwear,85,Wisconsin,S,Cyan,Fall,2.6,No,2-Day Shipping,No,7,Cash,Annually,1,0.8125,0.12244897959183673,0.4674744897959184,Mid Value,0.0,0.061224489795918366,0.061224489795918366,0,Unsatisfied,Low Loyalty
3878,28,Female,Hoodie,Clothing,96,Nevada,M,Olive,Spring,4.2,No,Next Day Air,No,46,Debit Card,Monthly,3,0.95,0.9183673469387755,0.9341836734693878,High Value,0.5,0.7091836734693877,0.7091836734693877,0,Satisfied,High Loyalty
3879,60,Female,Hat,Accessories,42,South Carolina,M,Pink,Summer,3.4,No,2-Day Shipping,No,24,Credit Card,Annually,1,0.275,0.46938775510204084,0.3721938775510204,Mid Value,0.0,0.23469387755102042,0.23469387755102042,0,Unsatisfied,Low Loyalty
3880,26,Female,Skirt,Clothing,63,Florida,L,Maroon,Winter,4.1,No,Free Shipping,No,6,Debit Card,Quarterly,2,0.5375,0.10204081632653061,0.3197704081632653,Low Value,0.25,0.1760204081632653,0.1760204081632653,0,Satisfied,Low Loyalty
3881,42,Female,Shirt,Clothing,20,Massachusetts,M,Red,Winter,3.9,No,Free Shipping,No,40,PayPal,Monthly,3,0.0,0.7959183673469388,0.3979591836734694,Mid Value,0.5,0.6479591836734694,0.6479591836734694,0,Satisfied,Mid Loyalty
3882,56,Female,Scarf,Accessories,25,Georgia,L,Silver,Spring,2.8,No,2-Day Shipping,No,17,Debit Card,Weekly,5,0.0625,0.32653061224489793,0.19451530612244897,Low Value,1.0,0.6632653061224489,0.6632653061224489,0,Unsatisfied,Mid Loyalty
3883,35,Female,Pants,Clothing,95,North Dakota,L,Blue,Fall,2.6,No,Free Shipping,No,24,Cash,Fortnightly,4,0.9375,0.46938775510204084,0.7034438775510204,High Value,0.75,0.6096938775510204,0.6096938775510204,0,Unsatisfied,Mid Loyalty
3884,34,Female,Hat,Accessories,38,North Dakota,XL,Purple,Fall,4.0,No,Next Day Air,No,22,Cash,Fortnightly,4,0.225,0.42857142857142855,0.3267857142857143,Low Value,0.75,0.5892857142857143,0.5892857142857143,0,Satisfied,Mid Loyalty
3885,47,Female,Sandals,Footwear,29,Maryland,M,Brown,Fall,4.9,No,Express,No,3,PayPal,Weekly,5,0.1125,0.04081632653061224,0.07665816326530613,Low Value,1.0,0.5204081632653061,0.5204081632653061,0,Satisfied,Mid Loyalty
3886,49,Female,Socks,Clothing,64,New Mexico,L,Purple,Winter,3.2,No,Free Shipping,No,39,Cash,Quarterly,2,0.55,0.7755102040816326,0.6627551020408163,Mid Value,0.25,0.5127551020408163,0.5127551020408163,0,Unsatisfied,Mid Loyalty
3887,37,Female,Jewelry,Accessories,92,Iowa,S,Brown,Summer,3.9,No,Express,No,40,Debit Card,Quarterly,2,0.9,0.7959183673469388,0.8479591836734695,High Value,0.25,0.5229591836734694,0.5229591836734694,0,Satisfied,Mid Loyalty
3888,40,Female,Shirt,Clothing,34,Kansas,M,Charcoal,Spring,2.7,No,Express,No,1,Credit Card,Quarterly,2,0.175,0.0,0.0875,Low Value,0.25,0.125,0.125,0,Unsatisfied,Low Loyalty
3889,45,Female,Sneakers,Footwear,69,Virginia,M,Violet,Spring,3.4,No,Standard,No,14,Venmo,Fortnightly,4,0.6125,0.2653061224489796,0.43890306122448985,Mid Value,0.75,0.5076530612244898,0.5076530612244898,0,Unsatisfied,Mid Loyalty
3890,57,Female,Dress,Clothing,65,Alaska,S,Yellow,Spring,3.5,No,Express,No,49,Bank Transfer,Annually,1,0.5625,0.9795918367346939,0.7710459183673469,High Value,0.0,0.4897959183673469,0.4897959183673469,0,Unsatisfied,Mid Loyalty
3891,35,Female,Shirt,Clothing,81,Nebraska,XL,Green,Winter,2.6,No,Standard,No,33,Debit Card,Annually,1,0.7625,0.6530612244897959,0.707780612244898,High Value,0.0,0.32653061224489793,0.32653061224489793,0,Unsatisfied,Low Loyalty
3892,36,Female,Dress,Clothing,30,Colorado,L,Peach,Winter,4.7,No,Free Shipping,No,6,Bank Transfer,Quarterly,2,0.125,0.10204081632653061,0.11352040816326531,Low Value,0.25,0.1760204081632653,0.1760204081632653,0,Satisfied,Low Loyalty
3893,35,Female,Jewelry,Accessories,86,Michigan,L,Indigo,Summer,3.5,No,Standard,No,5,PayPal,Fortnightly,4,0.825,0.08163265306122448,0.4533163265306122,Mid Value,0.75,0.41581632653061223,0.41581632653061223,0,Unsatisfied,Mid Loyalty
3894,21,Female,Hat,Accessories,64,Massachusetts,L,White,Fall,3.3,No,Store Pickup,No,29,Bank Transfer,Fortnightly,4,0.55,0.5714285714285714,0.5607142857142857,Mid Value,0.75,0.6607142857142857,0.6607142857142857,0,Unsatisfied,Mid Loyalty
3895,66,Female,Skirt,Clothing,78,Connecticut,L,White,Spring,3.9,No,2-Day Shipping,No,44,Credit Card,Quarterly,2,0.725,0.8775510204081632,0.8012755102040816,High Value,0.25,0.5637755102040816,0.5637755102040816,0,Satisfied,Mid Loyalty
3896,40,Female,Hoodie,Clothing,28,Virginia,L,Turquoise,Summer,4.2,No,2-Day Shipping,No,32,Venmo,Weekly,5,0.1,0.6326530612244898,0.3663265306122449,Mid Value,1.0,0.8163265306122449,0.8163265306122449,0,Satisfied,High Loyalty
3897,52,Female,Backpack,Accessories,49,Iowa,L,White,Spring,4.5,No,Store Pickup,No,41,Bank Transfer,Fortnightly,4,0.3625,0.8163265306122449,0.5894132653061225,Mid Value,0.75,0.7831632653061225,0.7831632653061225,0,Satisfied,High Loyalty
3898,46,Female,Belt,Accessories,33,New Jersey,L,Green,Spring,2.9,No,Standard,No,24,Venmo,Quarterly,2,0.1625,0.46938775510204084,0.31594387755102044,Low Value,0.25,0.35969387755102045,0.35969387755102045,0,Unsatisfied,Mid Loyalty
3899,44,Female,Shoes,Footwear,77,Minnesota,S,Brown,Summer,3.8,No,Express,No,24,Venmo,Weekly,5,0.7125,0.46938775510204084,0.5909438775510204,Mid Value,1.0,0.7346938775510204,0.7346938775510204,0,Unsatisfied,High Loyalty
3900,52,Female,Handbag,Accessories,81,California,M,Beige,Spring,3.1,No,Store Pickup,No,33,Venmo,Quarterly,2,0.7625,0.6530612244897959,0.707780612244898,High Value,0.25,0.45153061224489793,0.45153061224489793,0,Unsatisfied,Mid Loyalty
